CityEntityId;NomeIta;NomeEng;Hash;Lin;Time;Flags;Size;Road;Pop;Fel;BP;PF;PFB;FUR;TR;TRNE;Beni;BeniP;BeniS;BeniSp;BeniSpB;BeniB;BeniG;Mon;Mat;Med;Dia;GenAtk_A;GenDef_A;GenAtk_D;GenDef_D;CampiAtk_A;CampiDef_A;CampiAtk_D;CampiDef_D;SpedAtk_A;SpedDef_A;SpedAtk_D;SpedDef_D;IQAtk_A;IQDef_A;IQAtk_D;IQDef_D;IQmonB;IQmatB;IQmon;IQmat;IQBeni;IQTruppe;IQAzioni;IQCap;Ally;FSP;TPM;TPB;ADM;MOD;RIN;IMM;Fragments
A_ArcticFuture_Culture1;Parco vacanze olografico;Holo-Holiday Park;026325675;;;;6x6;3;;;;;;;;;;;;;;;;;;;;;;;;;;;;;;;;;;;;;;;;;;;;;;;;;;;;
A_ArcticFuture_Culture2;Mezzo di trasporto personale rapido;Personal Rapid Transport;3fe378891;;;;7x4;2;;;;;;;;;;;;;;;;;;;;;;;;;;;;;;;;;;;;;;;;;;;;;;;;;;;;
A_ArcticFuture_Culture3;Torre di comunicazione;Communication Tower;b2eec90ba;;;;4x5;2;;;;;;;;;;;;;;;;;;;;;;;;;;;;;;;;;;;;;;;;;;;;;;;;;;;;
A_ArcticFuture_Culture4;Zoo verticale;Vertical Zoo;7ed1be0d1;;;;6x3;1.5;;;;;;;;;;;;;;;;;;;;;;;;;;;;;;;;;;;;;;;;;;;;;;;;;;;;
A_ArcticFuture_Culture5;Laguna blu;Blue Lagoon;b28959007;;;;5x5;2.5;;;;;;;;;;;;;;;;;;;;;;;;;;;;;;;;;;;;;;;;;;;;;;;;;;;;
A_BronzeAge_Memorial;Cerchio in pietra;Stone Circle;97e3387d6;;;;3x3;1.5;;;;;;;;;;;;;;;;;;;;;;;;;;;;;;;;;;;;;;;;;;;;;;;;;;;;
A_BronzeAge_School;Scuola;School;78d3590b4;;;;3x3;1.5;;;;;;;;;;;;;;;;;;;;;;;;;;;;;;;;;;;;;;;;;;;;;;;;;;;;
A_BronzeAge_Tavern;Taverna;Tavern;6b36a2923;;;;3x3;1.5;;;;;;;;;;;;;;;;;;;;;;;;;;;;;;;;;;;;;;;;;;;;;;;;;;;;
A_BronzeAge_Theater;Teatro;Theater;480651e55;;;;4x3;1.5;;;;;;;;;;;;;;;;;;;;;;;;;;;;;;;;;;;;;;;;;;;;;;;;;;;;
A_ColonialAge_Coiffeur;Parrucchiere;Coiffeur;17eefee1a;;;;3x2;1;;;;;;;;;;;;;;;;;;;;;;;;;;;;;;;;;;;;;;;;;;;;;;;;;;;;
A_ColonialAge_Embassy;Compagnia di Commercio;Trading Company;393cc312b;;;;3x4;1.5;;;;;;;;;;;;;;;;;;;;;;;;;;;;;;;;;;;;;;;;;;;;;;;;;;;;
A_ColonialAge_ExoticGoodsVendor;Venditore di Beni Esotici;Exotic Goods Vendor;c404c2da2;;;;3x2;1;;;;;;;;;;;;;;;;;;;;;;;;;;;;;;;;;;;;;;;;;;;;;;;;;;;;
A_ColonialAge_TravellingCircus;Circo Viaggiante;Travelling Circus;cb24c6abd;;;;5x5;2.5;;;;;;;;;;;;;;;;;;;;;;;;;;;;;;;;;;;;;;;;;;;;;;;;;;;;
A_ContemporaryEra_Culture1;Centro Commerciale;Shopping Mall;de256ece9;;;;5x5;2.5;;;;;;;;;;;;;;;;;;;;;;;;;;;;;;;;;;;;;;;;;;;;;;;;;;;;
A_ContemporaryEra_Culture2;Giardino Zen;Zen Garden;a4d8a4dd2;;;;2x4;1;;;;;;;;;;;;;;;;;;;;;;;;;;;;;;;;;;;;;;;;;;;;;;;;;;;;
A_ContemporaryEra_Culture3;Mercato Galleggiante;Floating Market;ab829f33a;;;;6x4;2;;;;;;;;;;;;;;;;;;;;;;;;;;;;;;;;;;;;;;;;;;;;;;;;;;;;
A_ContemporaryEra_Culture4;Casinò;Casino;1252e0810;;;;4x4;2;;;;;;;;;;;;;;;;;;;;;;;;;;;;;;;;;;;;;;;;;;;;;;;;;;;;
A_EarlyMiddleAge_Galgen;Forca;Gallows;3a3e739cd;;;;2x2;1;;;;;;;;;;;;;;;;;;;;;;;;;;;;;;;;;;;;;;;;;;;;;;;;;;;;
A_EarlyMiddleAge_Marketplace;Mercato;Marketplace;7f31d8f6a;;;;3x3;1.5;;;;;;;;;;;;;;;;;;;;;;;;;;;;;;;;;;;;;;;;;;;;;;;;;;;;
A_EarlyMiddleAge_Pranger;Gogna;Pillory;7dfa91cfc;;;;2x2;1;;;;;;;;;;;;;;;;;;;;;;;;;;;;;;;;;;;;;;;;;;;;;;;;;;;;
A_EarlyMiddleAge_Tavern;Locanda;Inn;8d778dbbb;;;;3x3;1.5;;;;;;;;;;;;;;;;;;;;;;;;;;;;;;;;;;;;;;;;;;;;;;;;;;;;
A_FutureEra_Culture1;Bio parco;Eco Park;7025108ac;;;;6x5;2.5;;;;;;;;;;;;;;;;;;;;;;;;;;;;;;;;;;;;;;;;;;;;;;;;;;;;
A_FutureEra_Culture2;Aeronave ad alghe;Algae Airship;2284e922f;;;;3x3;1.5;;;;;;;;;;;;;;;;;;;;;;;;;;;;;;;;;;;;;;;;;;;;;;;;;;;;
A_FutureEra_Culture3;Sala concerti;Concert Hall;221cf47bb;;;;4x4;2;;;;;;;;;;;;;;;;;;;;;;;;;;;;;;;;;;;;;;;;;;;;;;;;;;;;
A_FutureEra_Culture4;Stazione di controllo del clima;Weather Control Station;18886e53e;;;;4x3;1.5;;;;;;;;;;;;;;;;;;;;;;;;;;;;;;;;;;;;;;;;;;;;;;;;;;;;
A_HighMiddleAge_Church;Chiesa;Church;d86aa6f22;;;;3x3;1.5;;;;;;;;;;;;;;;;;;;;;;;;;;;;;;;;;;;;;;;;;;;;;;;;;;;;
A_HighMiddleAge_Doctor;Medico;Doctor;7f50b0c59;;;;3x3;1.5;;;;;;;;;;;;;;;;;;;;;;;;;;;;;;;;;;;;;;;;;;;;;;;;;;;;
A_HighMiddleAge_Printshop;Stampatore;Printer;08c72530b;;;;3x3;1.5;;;;;;;;;;;;;;;;;;;;;;;;;;;;;;;;;;;;;;;;;;;;;;;;;;;;
A_IndustrialAge_Culture1;Saloon;Saloon;a027b9675;;;;3x3;1.5;;;;;;;;;;;;;;;;;;;;;;;;;;;;;;;;;;;;;;;;;;;;;;;;;;;;
A_IndustrialAge_Culture2;Stazione della polizia;Police Station;50465fab4;;;;3x4;1.5;;;;;;;;;;;;;;;;;;;;;;;;;;;;;;;;;;;;;;;;;;;;;;;;;;;;
A_IndustrialAge_Culture3;Stazione di pompaggio dell'acqua;Water Pumping Station;ab35602c3;;;;4x5;2;;;;;;;;;;;;;;;;;;;;;;;;;;;;;;;;;;;;;;;;;;;;;;;;;;;;
A_IndustrialAge_Culture4;Museo di storia naturale;Natural History Museum;62f2522bd;;;;6x4;2;;;;;;;;;;;;;;;;;;;;;;;;;;;;;;;;;;;;;;;;;;;;;;;;;;;;
A_IronAge_Amphitheatre;Anfiteatro;Amphitheater;4aa9fbd50;;;;4x4;2;;;;;;;;;;;;;;;;;;;;;;;;;;;;;;;;;;;;;;;;;;;;;;;;;;;;
A_IronAge_Publicbath;Bagni pubblici;Public Bath;1d7360cdf;;;;4x4;2;;;;;;;;;;;;;;;;;;;;;;;;;;;;;;;;;;;;;;;;;;;;;;;;;;;;
A_IronAge_Triumphalarch;Arco di trionfo;Triumphal Arch;b20e5479c;;;;3x2;1;;;;;;;;;;;;;;;;;;;;;;;;;;;;;;;;;;;;;;;;;;;;;;;;;;;;
A_LateMiddleAge_Academy;Accademia;Academy;dd9926079;;;;4x4;2;;;;;;;;;;;;;;;;;;;;;;;;;;;;;;;;;;;;;;;;;;;;;;;;;;;;
A_LateMiddleAge_Cartographer;Cartografo;Cartographer;ca8f5ca82;;;;3x2;1;;;;;;;;;;;;;;;;;;;;;;;;;;;;;;;;;;;;;;;;;;;;;;;;;;;;
A_LateMiddleAge_Library;Biblioteca;Library;c61556aee;;;;4x4;2;;;;;;;;;;;;;;;;;;;;;;;;;;;;;;;;;;;;;;;;;;;;;;;;;;;;
A_LateMiddleAge_Palace;Palazzo;Palace;52d5d60ea;;;;4x4;2;;;;;;;;;;;;;;;;;;;;;;;;;;;;;;;;;;;;;;;;;;;;;;;;;;;;
A_ModernEra_Culture1;Parco dei divertimenti;Amusement Park;06381ce79;;;;8x4;2;;;;;;;;;;;;;;;;;;;;;;;;;;;;;;;;;;;;;;;;;;;;;;;;;;;;
A_ModernEra_Culture2;Cinema drive-in;Drive-In Theater;d5858156b;;;;6x4;2;;;;;;;;;;;;;;;;;;;;;;;;;;;;;;;;;;;;;;;;;;;;;;;;;;;;
A_ModernEra_Culture3;Tavola calda;American Diner;167484ef9;;;;3x4;1.5;;;;;;;;;;;;;;;;;;;;;;;;;;;;;;;;;;;;;;;;;;;;;;;;;;;;
A_ModernEra_Culture4;Pista di pattinaggio;Roller Derby Track;60e3f33a6;;;;5x4;2;;;;;;;;;;;;;;;;;;;;;;;;;;;;;;;;;;;;;;;;;;;;;;;;;;;;
A_MultiAge_ArcheologyBonus19;Carosello;Carousel;a6ca522ed;1;;;3x3;1.5;;13630;;;;;;;;;;;;;;;;;;9;;;9;;;;;;;;;;;;;;;;;;;;;;;;;;;;;
A_MultiAge_ArcheologyBonus20;Globo con fontana;Globe Fountain;ee9fb6a79;;;;3x3;1.5;;13630;;;;;;;;;;;;;;;;;;;;11;11;;;;;;;;;;;;;;;;;;;;;;;;;;;;;
A_MultiAge_ArcheologyBonus22a;Distesa di fiori di campo;Wildflower Meadow;3e7340bc9;;;;2x3;1;;8740;;;;;;;;;;;;;;;;;;;;;;;;;;;;;;;;;;;;;;;;;;;;;;;;;;
A_MultiAge_BalloonBonus16;Sito di lancio mongolfiere;Balloon Site;9bcdf7bd3;1;;;3x3;1.5;;11800;;;;;;;;;;;;;;;;;;;;;;;;;;;;;;;;;;;;;;;;;;;;;;;;;;
A_MultiAge_CarnivalBonus19a;Liv. 1 - Torre dell'orologio della Piazza;Lv. 1 - Piazza Clock Tower;a9957f78d;;;;3x2;1;;6290;;;;;;;;;;;;;;;;;;;;;;;;;;;;;;;;;;;;;;;;;;;;;;;;;;
A_MultiAge_CarnivalBonus19b;Liv. 2 - Torre dell'orologio della Piazza;Lv. 2 - Piazza Clock Tower;2a00ed82b;;;;3x2;1;;9090;;;;;;;;;;;;;;;;;;;;;;;;;;;;;;;;;;;;;;;;;;;;;;;;;;
A_MultiAge_ChristmasBonus1;Mercato d'Inverno;Winter Market;184f339f2;1;;;3x2;1;;6290;;;;;;;;;;;;;;;;;;;;;;;;;;;;;;;;;;;;;;;;;;;;;;;;;;
A_MultiAge_ChristmasBonus15;Piramide d'Inverno;Winter Pyramid;0229960a8;1;;;3x3;1.5;;6550;;;;;;;;;;;;;;;;;;;;;;;;;;;;;;;;;;;;;;;;;;;;;;;;;;
A_MultiAge_ChristmasBonusSet1;Porta d'Inverno;Winter Gate;c76d39594;1;;;2x1;0.5;;1980;;;;;;;;;;;;;;;;;;;;;;;;;;;;;;;;;;;;;;;;;;;;;;;;;;
A_MultiAge_CupBonus16;Tribuna;Grandstand;657fc6455;1;;;3x2;1;;4890;;;;;;;;;;;;;;;;;;;;;;;;;;;;;;;;;;;;;;;;;;;;;;;;;;
A_MultiAge_FallBonus18;Stagno d'autunno;Pond of Fall;e6675adc0;1;;;4x3;1.5;;11530;;;;;;;;;;;;;;;;;;;;;13;;;;;;;;;;;;;;;;;;;;;;;;;;;;;
A_MultiAge_FallBonus20;Campo di primule;Primrose Bloom;041e634bd;1;;;3x2;1;;8740;;;;;;;;;;;;;;;;;;;;;;;;;;;;;;;;;;;;;;;;;;;;;;;;;;
A_MultiAge_GandhiBonus17;Padiglione;Pavilion;f997e9d7d;1;;;4x4;2;;16780;;;;;;;;;;;;;;;;;;;;;;;;;;;;;;;;;;;;;;;;;;;;;;;;;;
A_MultiAge_HalloweenBonus1;Cimitero;Graveyard;cde6fe37f;;;;3x3;1.5;;9750;;;;;;;;;;;;;;;;;;;;;;;;;;;;;;;;;;;;;;;;;;;;;;;;;;
A_MultiAge_HalloweenBonus15;Cimitero leggendario;Legendary Graveyard;954923161;;;;6x3;1.5;;26210;;;;;;;;;;;;;;;;;;;;;;;;;;;;;;;;;;;;;;;;;;;;;;;;;;
A_MultiAge_HalloweenBonus16;Cimitero monumentale;Monumental Graveyard;24a691bf2;;;;7x3;1.5;;33640;;;;;;;;;;;;;;;;;;;;;;;;;;;;;;;;;;;;;;;;;;;;;;;;;;
A_MultiAge_HalloweenBonus16b;Torre stregata;Haunted Tower;358373cc8;1;;;3x3;1.5;;7600;;;;;;;;;;;;;;;;;;;;;;;;;;;;;;;;;;;;;;;;;;;;;;;;;;
A_MultiAge_HalloweenBonus17;Necropoli;Necropolis;579ec5f0f;1;;;7x3;1.5;;36700;;;;;;;;;;;;;;;;;;;;;;;;;;;;;;;;;;;;;;;;;;;;;;;;;;
A_MultiAge_HalloweenBonus2;Vecchio Cimitero;Old Graveyard;723019bf9;;;;4x3;1.5;;13280;;;;;;;;;;;;;;;;;;;;;;;;;;;;;;;;;;;;;;;;;;;;;;;;;;
A_MultiAge_HalloweenBonus3;Antico Cimitero;Ancient Graveyard;d600d6ca6;;;;5x3;1.5;;17910;;;;;;;;;;;;;;;;;;;;;;;;;;;;;;;;;;;;;;;;;;;;;;;;;;
A_MultiAge_HalloweenBonusSet21a;Tazza del terrore - Liv. 1;Terror Teacup - Lv. 1;d0ef0133c;;;;2x3;1;;6290;;;;;;;;;;;;;;;;;;;;;;;;;;;;;;;;;;;;;;;;;;;;;;;;;;
A_MultiAge_HalloweenBonusSet21b;Tazza del terrore - Liv. 2;Terror Teacup - Lv. 2;68e8880c6;;;;2x3;1;;9090;;;;;;;;;;;;;;;;;;;;;;;;;;;;;;;;;;;;;;;;;;;;;;;;;;
A_MultiAge_KhanBonus18;Rotonda botanica;Botanical Rotunda;685c9ef77;1;;;3x3;1.5;;7860;;;;;;;;;;;;;;;;;;11;;;;;;;;;;;;;;;;;;;;;;;;;;;;;;;;
A_MultiAge_MayDayBonus16;Palo di maggio;Maypole;35522e494;;;;2x2;1;;4330;;;;;;;;;;;;;;;;;;;;;;;;;;;;;;;;;;;;;;;;;;;;;;;;;;
A_MultiAge_MayDayBonus17;Possente Palo di maggio;Mighty Maypole;3db0d0df8;;;;3x2;1;;6990;;;;;;;;;;;;;;;;;;;;;;;;;;;;;;;;;;;;;;;;;;;;;;;;;;
A_MultiAge_MayDayBonus17b;Imponente Palo di maggio;Majestic Maypole;33761e631;1;;;3x3;1.5;;11530;;;;;;;;;;;;;;;;;;;;;;;;;;;;;;;;;;;;;;;;;;;;;;;;;;
A_MultiAge_PatrickBonusSet20a;Salice del druido - Liv. 1;Druid Willow - Lv. 1;c311a4f1f;;;;2x3;1;;6290;;;;;;;;;;;;;;;;;;;;;;;;;;;;;;;;;;;;;;;;;;;;;;;;;;
A_MultiAge_PatrickBonusSet20b;Salice del druido - Liv. 2;Druid Willow - Lv. 2;d35b7e5d9;;;;2x3;1;;9090;;;;;;;;;;;;;;;;;;;;;;;;;;;;;;;;;;;;;;;;;;;;;;;;;;
A_MultiAge_SportBonus17;Piazza dei Vincitori - Liv. 1;Winners' Plaza - Lv. 1;81f35c6d7;1;;;3x3;1.5;;10490;;;;;;;;;;;;;;;;;;7;;;;;;;;;;;;;;;;;;;;;;;;;;;;;;;;
A_MultiAge_SportBonus17b;Piazza dei Vincitori - Liv. 2;Winners' Plaza - Lv. 2;84d11294a;1;;;3x3;1.5;;10490;;;;;;;;;;;;;;;;;;17;;;;;;;;;;;;;;;;;;;;;;;;;;;;;;;;
A_MultiAge_SportBonus18;Bagni pubblici decorati;Ornate Baths;09cee78e2;1;;;4x3;1.5;;10490;;;;;;;;;;;;;;;;;;;;;;;;;;;;;;;;;;;;;;;;;;;;;;;;;;
A_MultiAge_SportBonusSet18;Fontana Giardino classico;Classical Garden Pool;21d33ec3d;;;;4x2;1;;12120;;;;;;;;;;;;;;;;;;;;;;;;;;;;;;;;;;;;;;;;;;;;;;;;;;
A_MultiAge_SummerBonus1;Castello di sabbia;Sandcastle;b2de099a4;1;;;3x3;1.5;;6550;;;;;;;;;;;;;;;;;;;;;;;;;;;;;;;;;;;;;;;;;;;;;;;;;;
A_MultiAge_SummerBonusSetB17a;Fontana dell'elefante;Elephant Fountain;db29193e8;;;;4x4;2;;20500;;;;;;;;;;;;;;;;;;;;;;;;;;;;;;;;;;;;;;;;;;;;;;;;;;
A_OceanicFuture_Culture1;Ristorante di pesce;Seafood Restaurant;3c4d5203a;;;;6x5;2.5;;;;;;;;;;;;;;;;;;;;;;;;;;;;;;;;;;;;;;;;;;;;;;;;;;;;
A_OceanicFuture_Culture2;Generatore a vortice;Maelstrom Dynamo;18aecb50d;;;;6x6;3;;;;;;;;;;;;;;;;;;;;;;;;;;;;;;;;;;;;;;;;;;;;;;;;;;;;
A_OceanicFuture_Culture3;Centro di recupero Tartarughe;Turtle Rescue Centre;502f1824b;;;;5x5;2.5;;;;;;;;;;;;;;;;;;;;;;;;;;;;;;;;;;;;;;;;;;;;;;;;;;;;
A_OceanicFuture_Culture4;Barriera corallina;Coral Reef;29f65ae57;;;;8x4;2;;;;;;;;;;;;;;;;;;;;;;;;;;;;;;;;;;;;;;;;;;;;;;;;;;;;
A_OceanicFuture_Culture5;Deposito Scambi;Trading Depot;0e25fe8cd;;;;7x4;2;;;;;;;;;;;;;;;;;;;;;;;;;;;;;;;;;;;;;;;;;;;;;;;;;;;;
A_OceanicFuture_Culture6;Cupola acquatica;Water Dome;57ee28a2e;;;;4x3;1.5;;;;;;;;;;;;;;;;;;;;;;;;;;;;;;;;;;;;;;;;;;;;;;;;;;;;
A_OceanicFuture_Culture7;Naufragio;Shipwreck;d034ee712;;;;6x3;1.5;;;;;;;;;;;;;;;;;;;;;;;;;;;;;;;;;;;;;;;;;;;;;;;;;;;;
A_OceanicFuture_Culture8;Parco acquatico;Water Park;fd7711cbd;;;;4x6;2;;;;;;;;;;;;;;;;;;;;;;;;;;;;;;;;;;;;;;;;;;;;;;;;;;;;
A_OceanicFuture_Culture9;Covo segreto;Secret Cove;ba8cd135c;;;;4x5;2;;;;;;;;;;;;;;;;;;;;;;;;;;;;;;;;;;;;;;;;;;;;;;;;;;;;
A_PostModernEra_Culture1;Festival musicale;Music Festival;f81cc8c13;;;;5x5;2.5;;;;;;;;;;;;;;;;;;;;;;;;;;;;;;;;;;;;;;;;;;;;;;;;;;;;
A_PostModernEra_Culture2;Zoo;Zoo;f47870e37;;;;5x6;2.5;;;;;;;;;;;;;;;;;;;;;;;;;;;;;;;;;;;;;;;;;;;;;;;;;;;;
A_PostModernEra_Culture3;Piscina pubblica;Public Pool;ef8d8d088;;;;5x4;2;;;;;;;;;;;;;;;;;;;;;;;;;;;;;;;;;;;;;;;;;;;;;;;;;;;;
A_PostModernEra_Culture4;Campo da golf;Golf Course;112340c66;;;;6x4;2;;;;;;;;;;;;;;;;;;;;;;;;;;;;;;;;;;;;;;;;;;;;;;;;;;;;
A_ProgressiveEra_Culture1;Casa editrice;Publishing House;2d188d387;;;;4x3;1.5;;;;;;;;;;;;;;;;;;;;;;;;;;;;;;;;;;;;;;;;;;;;;;;;;;;;
A_ProgressiveEra_Culture2;Centrale Elettrica;Electrical Plant;34a9710d6;;;;5x5;2.5;;;;;;;;;;;;;;;;;;;;;;;;;;;;;;;;;;;;;;;;;;;;;;;;;;;;
A_ProgressiveEra_Culture3;Parco cittadino;City Park;f80a8ddb4;;;;5x6;2.5;;;;;;;;;;;;;;;;;;;;;;;;;;;;;;;;;;;;;;;;;;;;;;;;;;;;
A_ProgressiveEra_Culture4;Pallone aerostatico;Zeppelin;0e53778b0;;;;3x6;1.5;;;;;;;;;;;;;;;;;;;;;;;;;;;;;;;;;;;;;;;;;;;;;;;;;;;;
A_ProgressiveEra_Culture5;Entrata del metrò;Metro Entrance;48cfb15da;;;;2x1;0.5;;;;;;;;;;;;;;;;;;;;;;;;;;;;;;;;;;;;;;;;;;;;;;;;;;;;
A_SpaceAgeAsteroidBelt_Culture1;Q.G. estrazione mineraria della fascia;Belt Mining H.Q.;eb2a2358d;;;;5x5;2.5;;;;;;;;;;;;;;;;;;;;;;;;;;;;;;;;;;;;;;;;;;;;;;;;;;;;
A_SpaceAgeAsteroidBelt_Culture2;Mercato azionario dell'asteroide;Asteroid Stock Exchange;f2c433c4d;;;;5x3;1.5;;;;;;;;;;;;;;;;;;;;;;;;;;;;;;;;;;;;;;;;;;;;;;;;;;;;
A_SpaceAgeJupiterMoon_Culture1;Museo acquatico;Aquatic Museum;44b684554;;;;5x5;2.5;;;;;;;;;;;;;;;;;;;;;;;;;;;;;;;;;;;;;;;;;;;;;;;;;;;;
A_SpaceAgeJupiterMoon_Culture2;Barretta di alghe rosse;Red Seaweed Bar;3b1f115b0;;;;5x3;1.5;;;;;;;;;;;;;;;;;;;;;;;;;;;;;;;;;;;;;;;;;;;;;;;;;;;;
A_SpaceAgeMars_Culture1;Accademia spaziale;Space Academy;553c18116;;;;5x4;2;;;;;;;;;;;;;;;;;;;;;;;;;;;;;;;;;;;;;;;;;;;;;;;;;;;;
A_SpaceAgeMars_Culture2;Parabola satellitare;Satellite Dish;f79b29bd7;;;;3x4;1.5;;;;;;;;;;;;;;;;;;;;;;;;;;;;;;;;;;;;;;;;;;;;;;;;;;;;
A_SpaceAgeSpaceHub_Culture1;Vortex Galattico;Galaxy Vortex;54bb0a80e;;;;5x5;2.5;;;;;;;;;;;;;;;;;;;;;;;;;;;;;;;;;;;;;;;;;;;;;;;;;;;;
A_SpaceAgeSpaceHub_Culture2;LU-N-Arcade;LU-N-Arcade;cf6e595c0;;;;3x5;1.5;;;;;;;;;;;;;;;;;;;;;;;;;;;;;;;;;;;;;;;;;;;;;;;;;;;;
A_SpaceAgeTitan_Culture1;Skate park di ghiaccio;Ice Skate Park;2f0eb2613;;;;5x5;2.5;;;;;;;;;;;;;;;;;;;;;;;;;;;;;;;;;;;;;;;;;;;;;;;;;;;;
A_SpaceAgeTitan_Culture2;Furgoncino del gelato glaciale;Glacial Ice Cream Truck;2a973fd20;;;;5x3;1.5;;;;;;;;;;;;;;;;;;;;;;;;;;;;;;;;;;;;;;;;;;;;;;;;;;;;
A_SpaceAgeVenus_Culture1;Taxi del cielo;Sky Taxi;207781ed7;;;;5x5;2.5;;;;;;;;;;;;;;;;;;;;;;;;;;;;;;;;;;;;;;;;;;;;;;;;;;;;
A_SpaceAgeVenus_Culture2;Caffetteria del cielo;Sky Cafe;5162ff573;;;;3x5;1.5;;;;;;;;;;;;;;;;;;;;;;;;;;;;;;;;;;;;;;;;;;;;;;;;;;;;
A_StellarAgeDiscovery_Culture1;Museo luce stellare;Starlight Museum;0cac82858;;;;4x4;2;;;;;;;;;;;;;;;;;;;;;;;;;;;;;;;;;;;;;;;;;;;;;;;;;;;;
A_TomorrowEra_Culture1;Arena olografica;Hologram Arena;9aafe7e69;;;;5x5;2.5;;;;;;;;;;;;;;;;;;;;;;;;;;;;;;;;;;;;;;;;;;;;;;;;;;;;
A_TomorrowEra_Culture2;Discoteca aerea;Tower Club;7655ce7b7;;;;5x4;2;;;;;;;;;;;;;;;;;;;;;;;;;;;;;;;;;;;;;;;;;;;;;;;;;;;;
A_TomorrowEra_Culture3;Nexus Security;Surveillance Nexus;d9079a916;;;;4x4;2;;;;;;;;;;;;;;;;;;;;;;;;;;;;;;;;;;;;;;;;;;;;;;;;;;;;
A_TomorrowEra_Culture4;Mostra di concept car;Concept Vehicle Fair;510786bcf;;;;6x4;2;;;;;;;;;;;;;;;;;;;;;;;;;;;;;;;;;;;;;;;;;;;;;;;;;;;;
A_VirtualFuture_Culture1;Bar karaoke;Karaoke Bar;063a3e72b;;;;5x6;2.5;;;;;;;;;;;;;;;;;;;;;;;;;;;;;;;;;;;;;;;;;;;;;;;;;;;;
A_VirtualFuture_Culture2;Robot gigante;Giant Robot;6099e7136;;;;4x4;2;;;;;;;;;;;;;;;;;;;;;;;;;;;;;;;;;;;;;;;;;;;;;;;;;;;;
A_VirtualFuture_Culture3;Casinò del dragone;Dragon Casino;ab16aa93d;;;;4x5;2;;;;;;;;;;;;;;;;;;;;;;;;;;;;;;;;;;;;;;;;;;;;;;;;;;;;
A_VirtualFuture_Culture4;Corteo;Parade;fa8198019;;;;6x3;1.5;;;;;;;;;;;;;;;;;;;;;;;;;;;;;;;;;;;;;;;;;;;;;;;;;;;;
D_AllAge_HiddenRewardTree;Albero di mele;Apple Tree;2d81f9536;;;;1x1;;;;;;;;;;;;;;;;;;;;;;;;;;;;;;;;;;;;;;;;;;;;;;;;;;;;;
D_ArcticFuture_Decoration1;Pergolato fiorito;Flower Arbor;bfc1c728e;;;;2x2;;;;;;;;;;;;;;;;;;;;;;;;;;;;;;;;;;;;;;;;;;;;;;;;;;;;;
D_ArcticFuture_Decoration2;Entrata della metropolitana;Tube Entrance;2f7acdbbe;;;;2x1;;;;;;;;;;;;;;;;;;;;;;;;;;;;;;;;;;;;;;;;;;;;;;;;;;;;;
D_ArcticFuture_Decoration3;Scultura di ghiaccio;Ice Sculpture;6051b6161;;;;1x1;;;;;;;;;;;;;;;;;;;;;;;;;;;;;;;;;;;;;;;;;;;;;;;;;;;;;
D_ArcticFuture_Decoration4;Fiore ghiacciato;Ice Flower;924143b8e;;;;1x1;;;;;;;;;;;;;;;;;;;;;;;;;;;;;;;;;;;;;;;;;;;;;;;;;;;;;
D_BronzeAge_Bushes;Cespuglio;Bush;258193eef;;;;1x1;;;;;;;;;;;;;;;;;;;;;;;;;;;;;;;;;;;;;;;;;;;;;;;;;;;;;
D_BronzeAge_Flowerfield;Fiori;Flowers;d4fbf262e;;;;1x1;;;;;;;;;;;;;;;;;;;;;;;;;;;;;;;;;;;;;;;;;;;;;;;;;;;;;
D_BronzeAge_Hedge;Siepe;Hedge;95d70452e;;;;1x1;;;;;;;;;;;;;;;;;;;;;;;;;;;;;;;;;;;;;;;;;;;;;;;;;;;;;
D_BronzeAge_Obelisk;Obelisco;Pillar;1a87bfc94;;;;1x1;;;;;;;;;;;;;;;;;;;;;;;;;;;;;;;;;;;;;;;;;;;;;;;;;;;;;
D_BronzeAge_Statue;Statua;Statue;95cca497f;;;;1x1;;;;;;;;;;;;;;;;;;;;;;;;;;;;;;;;;;;;;;;;;;;;;;;;;;;;;
D_ColonialAge_ClockTower;Torre dell'orologio;Clock Tower;0435a831f;;;;2x2;;;;;;;;;;;;;;;;;;;;;;;;;;;;;;;;;;;;;;;;;;;;;;;;;;;;;
D_ColonialAge_EagleHedge;Siepe a forma di Aquila;Eagle Hedge;3731631f5;;;;1x1;;;;;;;;;;;;;;;;;;;;;;;;;;;;;;;;;;;;;;;;;;;;;;;;;;;;;
D_ColonialAge_FlamingoHedge;Siepe a forma di Fenicottero;Flamingo Hedge;41df3d02c;;;;1x1;;;;;;;;;;;;;;;;;;;;;;;;;;;;;;;;;;;;;;;;;;;;;;;;;;;;;
D_ColonialAge_GlobeStatue;Statua del Mondo;Globe Statue;59c07c92f;;;;1x1;;;;;;;;;;;;;;;;;;;;;;;;;;;;;;;;;;;;;;;;;;;;;;;;;;;;;
D_ColonialAge_Guillotine;Ghigliottina;Guillotine;b2783f097;;;;2x2;;;;;;;;;;;;;;;;;;;;;;;;;;;;;;;;;;;;;;;;;;;;;;;;;;;;;
D_ColonialAge_Kite;Aquilone;Kite;27cb9567c;;;;1x1;;;;;;;;;;;;;;;;;;;;;;;;;;;;;;;;;;;;;;;;;;;;;;;;;;;;;
D_ColonialAge_NeptuneStatue;Fontana di Nettuno;Neptune Fountain;69da03b55;;;;2x2;;;;;;;;;;;;;;;;;;;;;;;;;;;;;;;;;;;;;;;;;;;;;;;;;;;;;
D_ColonialAge_OrnamentalTree;Albero Ornamentale;Ornamental Tree;f46ebca6b;;;;1x1;;;;;;;;;;;;;;;;;;;;;;;;;;;;;;;;;;;;;;;;;;;;;;;;;;;;;
D_ColonialAge_PeacockHedge;Siepe a forma di Pavone;Peacock Hedge;556462868;;;;1x1;;;;;;;;;;;;;;;;;;;;;;;;;;;;;;;;;;;;;;;;;;;;;;;;;;;;;
D_ContemporaryEra_Decoration1;Ponte in Legno;Canal Bridge;2aca57941;;;;1x2;;;;;;;;;;;;;;;;;;;;;;;;;;;;;;;;;;;;;;;;;;;;;;;;;;;;;
D_ContemporaryEra_Decoration2;Ciliegio;Cherry Tree;70fc8ee8f;;;;1x1;;;;;;;;;;;;;;;;;;;;;;;;;;;;;;;;;;;;;;;;;;;;;;;;;;;;;
D_ContemporaryEra_Decoration3;Statua di Mostro;Monster Statue;c80ab967e;;;;2x2;;;;;;;;;;;;;;;;;;;;;;;;;;;;;;;;;;;;;;;;;;;;;;;;;;;;;
D_ContemporaryEra_Decoration4;Insegna al Neon;Neon Billboard;d7f53b200;;;;1x1;;;;;;;;;;;;;;;;;;;;;;;;;;;;;;;;;;;;;;;;;;;;;;;;;;;;;
D_EarlyMiddleAge_Cypress;Cipresso;Cypress;ebbd11cf4;;;;1x1;;;;;;;;;;;;;;;;;;;;;;;;;;;;;;;;;;;;;;;;;;;;;;;;;;;;;
D_EarlyMiddleAge_Flowerfield;Cespuglio fiorito;Floral Bush;e7228c6a2;;;;1x1;;;;;;;;;;;;;;;;;;;;;;;;;;;;;;;;;;;;;;;;;;;;;;;;;;;;;
D_EarlyMiddleAge_Hedgewithflowers;Siepe fiorita;Hedge with Flowers;ccbc12d7e;;;;1x1;;;;;;;;;;;;;;;;;;;;;;;;;;;;;;;;;;;;;;;;;;;;;;;;;;;;;
D_EarlyMiddleAge_Pond;Stagno;Pond;4d13677fb;;;;2x2;;;;;;;;;;;;;;;;;;;;;;;;;;;;;;;;;;;;;;;;;;;;;;;;;;;;;
D_FutureEra_Deco1;Turbina a vento;Wind Turbine;3c5a9fd87;;;;1x1;;;;;;;;;;;;;;;;;;;;;;;;;;;;;;;;;;;;;;;;;;;;;;;;;;;;;
D_FutureEra_Deco2;Serra spaziale;Plantarium;f53082493;;;;2x2;;;;;;;;;;;;;;;;;;;;;;;;;;;;;;;;;;;;;;;;;;;;;;;;;;;;;
D_FutureEra_Deco3;Lampada a licheni;Lichen Lamp;d6a32ce27;;;;1x1;;;;;;;;;;;;;;;;;;;;;;;;;;;;;;;;;;;;;;;;;;;;;;;;;;;;;
D_HighMiddleAge_Fence;Steccato;Fence;94e2e4fff;;;;1x1;;;;;;;;;;;;;;;;;;;;;;;;;;;;;;;;;;;;;;;;;;;;;;;;;;;;;
D_HighMiddleAge_Flag;Stendardo;Flag;377d41d31;;;;1x1;;;;;;;;;;;;;;;;;;;;;;;;;;;;;;;;;;;;;;;;;;;;;;;;;;;;;
D_HighMiddleAge_Gargoyle;Gargoyle;Gargoyle;30cc11a5b;;;;1x1;;;;;;;;;;;;;;;;;;;;;;;;;;;;;;;;;;;;;;;;;;;;;;;;;;;;;
D_HighMiddleAge_Latern;Lanterna;Lantern;6351c8fb5;;;;1x1;;;;;;;;;;;;;;;;;;;;;;;;;;;;;;;;;;;;;;;;;;;;;;;;;;;;;
D_HighMiddleAge_Signpost;Indicazione;Signpost;b21df8aad;;;;1x1;;;;;;;;;;;;;;;;;;;;;;;;;;;;;;;;;;;;;;;;;;;;;;;;;;;;;
D_IndustrialAge_Deco1;Filo da bucato;Clothesline;44060e69f;;;;1x1;;;;;;;;;;;;;;;;;;;;;;;;;;;;;;;;;;;;;;;;;;;;;;;;;;;;;
D_IndustrialAge_Deco2;Lampada a gas;Gas Lamp;556472d39;;;;1x1;;;;;;;;;;;;;;;;;;;;;;;;;;;;;;;;;;;;;;;;;;;;;;;;;;;;;
D_IndustrialAge_Deco3;Vecchie mura meridionali;Old Wall South;9b304146d;;;;2x1;;;;;;;;;;;;;;;;;;;;;;;;;;;;;;;;;;;;;;;;;;;;;;;;;;;;;
D_IndustrialAge_Deco5;Carillon;Carillon;d550648df;;;;2x1;;;;;;;;;;;;;;;;;;;;;;;;;;;;;;;;;;;;;;;;;;;;;;;;;;;;;
D_IndustrialAge_Deco6;Vecchie mura orientali;Old Wall East;673ff9c6f;;;;1x2;;;;;;;;;;;;;;;;;;;;;;;;;;;;;;;;;;;;;;;;;;;;;;;;;;;;;
D_IndustrialAge_Deco7;Fontana con panchine;Fountain with Benches;9eba259c8;;;;2x2;;;;;;;;;;;;;;;;;;;;;;;;;;;;;;;;;;;;;;;;;;;;;;;;;;;;;
D_IndustrialAge_Deco8;Idrante;Fire Hydrant;5a38e41b6;;;;1x1;;;;;;;;;;;;;;;;;;;;;;;;;;;;;;;;;;;;;;;;;;;;;;;;;;;;;
D_IndustrialAge_Deco9;Loggetta con fiori;Pavilion with Flowers;b4b650da9;;;;2x2;;;;;;;;;;;;;;;;;;;;;;;;;;;;;;;;;;;;;;;;;;;;;;;;;;;;;
D_IronAge_Aquaduct;Acquedotto;Aqueduct;231490185;;;;3x1;;;;;;;;;;;;;;;;;;;;;;;;;;;;;;;;;;;;;;;;;;;;;;;;;;;;;
D_IronAge_Bushinflowertub;Fioriera;Flower Tub;fb72a1a2b;;;;1x1;;;;;;;;;;;;;;;;;;;;;;;;;;;;;;;;;;;;;;;;;;;;;;;;;;;;;
D_IronAge_Fountain;Fontana;Fountain;00fe5c770;;;;1x1;;;;;;;;;;;;;;;;;;;;;;;;;;;;;;;;;;;;;;;;;;;;;;;;;;;;;
D_IronAge_Statueonsocket;Monumento;Monument;6de42044b;;;;1x1;;;;;;;;;;;;;;;;;;;;;;;;;;;;;;;;;;;;;;;;;;;;;;;;;;;;;
D_IronAge_Victorypillar;Pilastro della vittoria;Victory Pillar;db1f7afef;;;;1x1;;;;;;;;;;;;;;;;;;;;;;;;;;;;;;;;;;;;;;;;;;;;;;;;;;;;;
D_LateMiddleAge_Decayedtower;Rovine della torre;Tower Ruin;5416defff;;;;2x2;;;;;;;;;;;;;;;;;;;;;;;;;;;;;;;;;;;;;;;;;;;;;;;;;;;;;
D_LateMiddleAge_Flowerstub;Vaso con pianta;Potted Plant;1b5d56f6c;;;;1x1;;;;;;;;;;;;;;;;;;;;;;;;;;;;;;;;;;;;;;;;;;;;;;;;;;;;;
D_LateMiddleAge_Fountain;Fontana a zampillo;Waterspout Fountain;73b8b0d8b;;;;1x1;;;;;;;;;;;;;;;;;;;;;;;;;;;;;;;;;;;;;;;;;;;;;;;;;;;;;
D_LateMiddleAge_Sailorstatue;Statua in tema nautico;Nautical Statue;4c169415a;;;;1x1;;;;;;;;;;;;;;;;;;;;;;;;;;;;;;;;;;;;;;;;;;;;;;;;;;;;;
D_LateMiddleAge_Treegroup;Insieme di alberi;Group of Trees;c32fce38e;;;;2x2;;;;;;;;;;;;;;;;;;;;;;;;;;;;;;;;;;;;;;;;;;;;;;;;;;;;;
D_ModernEra_Deco1;Insegna del drive-in;Drive-In Sign;f9c44b913;;;;1x1;;;;;;;;;;;;;;;;;;;;;;;;;;;;;;;;;;;;;;;;;;;;;;;;;;;;;
D_ModernEra_Deco2;Insegna di benvenuto;Welcome Sign;aaddbe436;;;;1x1;;;;;;;;;;;;;;;;;;;;;;;;;;;;;;;;;;;;;;;;;;;;;;;;;;;;;
D_ModernEra_Deco3;Aiuola con palme;Palm Group;31781272a;;;;2x2;;;;;;;;;;;;;;;;;;;;;;;;;;;;;;;;;;;;;;;;;;;;;;;;;;;;;
D_ModernEra_Deco4;Rifugio antiatomico;Nuclear Shelter;3a7ce3356;;;;2x2;;;;;;;;;;;;;;;;;;;;;;;;;;;;;;;;;;;;;;;;;;;;;;;;;;;;;
D_ModernEra_Deco5;Monumento aereo;Jet Statue;5e8b68bdc;;;;2x3;;;;;;;;;;;;;;;;;;;;;;;;;;;;;;;;;;;;;;;;;;;;;;;;;;;;;
D_MultiAge_ArcheologyBonus22a;Giardino di bocche di leone;Snapdragon Bloom;8aeb075e4;;;;2x3;;;9090;;;;;;;;;;;;;;;;;;;;;;;;;;;;;;;;;;;;;;;;;;;;;;;;;;
D_MultiAge_ArcheologyBonus22b;Aiuola di emerocallidi;Daylily Flowerbed;5cbaa1095;;;;2x2;;;4660;;;;;;;;;;;;;;;;;;;;;;;;;;;;;;;;;;;;;;;;;;;;;;;;;;
D_MultiAge_ArcheologyBonus22c;Campo di calendule;Marigold Patch;39756f983;;;;2x3;;;9090;;;;;;;;;;;;;;;;;;;;;;;;;;;;;;;;;;;;;;;;;;;;;;;;;;
D_MultiAge_AwardBonus1;Trofeo Premio;Award Trophy;c0d80b7a9;1;;;1x1;;;240;;;;;;;;;;;;;;;;;;;;;;;;;;;;;;;;;;;;;;;;;;;;;;;;;;
D_MultiAge_Battlegrounds2;Strada per la vittoria;Road to Victory;b70157dea;1;;;3x2;;;6470;;;;;;;5;;;;;;;;;;;;5;;;;;;;;;;;;;;;;;;;;;;;;;;;;;;;
D_MultiAge_Battlegrounds4;Giardino iridescente;Iridescent Garden;d45284b24;1;;;2x3;;;6470;;1;;;;;3;;;;;;;;;;;;5;;;;;;;;;;;;;;;;;;;;;;;;;;;;;;;
D_MultiAge_Bonus;Pozzo dell'accoglienza;Well of Welcome;99d5e6d37;1;;;2x2;;;2850;;;;;;;;;;;;;;;;;;;;;;;;;;;;;;;;;;;;;;;;;;;;;;;;;;
D_MultiAge_CarnivalBonus17;Canale di Venezia;Venice Canal;6811f84ac;1;;;2x1;;;2272;;;;;;;;;;;;;;;;;;;;;;;;;;;;;;;;;;;;;;;;;;;;;;;;;;
D_MultiAge_CarnivalBonus17b;Statua in maschera;Mask Statue;686b13f10;;;;1x1;;;1689;;;;;;;;;;;;;;;;;;;;;;;;;;;;;;;;;;;;;;;;;;;;;;;;;;
D_MultiAge_CarnivalBonus18;Statua in maschera da Zanni;Zanni Mask Statue;af94a416d;1;;;1x1;;;1689;;;;;;;;;;;;;;;;;;;;;;;;;;;;;;;;;;;;;;;;;;;;;;;;;;
D_MultiAge_CarnivalBonus19a;Liv. 1 - Fontana della Piazza;Lv. 1 - Piazza Fountain;5ceeb39ea;;;;2x3;;;5070;;;;;;;;;;;;;;;;;;;;;;;;;;;;;;;;;;;;;;;;;;;;;;;;;;
D_MultiAge_CarnivalBonus19b;Liv. 2 - Fontana della Piazza;Lv. 2 - Piazza Fountain;acd76b657;;;;2x3;;;6640;;;;;;;;;;;;;;;;;;;;;;;;;;;;;;;;;;;;;;;;;;;;;;;;;;
D_MultiAge_ChristmasBonus1;Schiaccianoci;Nutcracker;4ed8536bb;1;;;2x1;;;1647;;;;;;;;;;;;;;;;;;;;;;;;;;;;;;;;;;;;;;;;;;;;;;;;;;
D_MultiAge_ChristmasBonus15;Slitta con renne;Reindeer Sleigh;5d18ed726;1;;;2x2;;;3293;;;;;;;;;;;;;;;;;;;;;;;;;;;;;;;;;;;;;;;;;;;;;;;;;;
D_MultiAge_ChristmasBonus16;Torre di regali;Gift Tower;9213beb3b;1;;;1x1;;;1252;;;;;;;;;;;;;;;;;;;;;;;;;;;;;;;;;;;;;;;;;;;;;;;;;;
D_MultiAge_ChristmasBonus2;Albero delle Festività;Festive Tree;e13cf6a66;1;;;2x2;;;3290;;;;;;;;;;;;;;;;;;;;;;;;;;;;;;;;;;;;;;;;;;;;;;;;;;
D_MultiAge_ChristmasBonusSet1a;Statua Ingresso Ovest;Gate Statue West;5f00e94a8;1;;;1x1;;;738;;;;;;;;;;;;;;;;;;;;;;;;;;;;;;;;;;;;;;;;;;;;;;;;;;
D_MultiAge_ChristmasBonusSet1b;Statua Ingresso Est;Gate Statue East;dbec6b1f3;1;;;1x1;;;738;;;;;;;;;;;;;;;;;;;;;;;;;;;;;;;;;;;;;;;;;;;;;;;;;;
D_MultiAge_CupBonus1;Coppa del vicinato;Neighborhood Cup;3b8ff37c3;1;;;1x1;;;1942;;;;;;;;;;;;;;;;;;;;;;;;;;;;;;;;;;;;;;;;;;;;;;;;;;
D_MultiAge_CupBonus16;Coppa FoE;FoE Cup;035b6e225;1;;;1x1;;;1942;;;;;;;;;;;;;;;;;;;;;;;;;;;;;;;;;;;;;;;;;;;;;;;;;;
D_MultiAge_CupBonus16b;Spalti;Bleachers;484a33823;1;;;1x2;;;1515;;;;;;;;;;;;;;;;;;;;;;;;;;;;;;;;;;;;;;;;;;;;;;;;;;
D_MultiAge_DavinciBonus;Uomo vitruviano;Vitruvian Man;fe531d4fa;1;;;1x1;;;854;;;;;;;;;;;;;;;;;;;;;;;;;;;;;;;;;;;;;;;;;;;;;;;;;;
D_MultiAge_EasterBonus16;Alberello di glicine;Wisteria Topiary;2eae946cc;1;;;1x1;;;1340;;;;;;;;;;;;;;;;;;;;;;;;;;;;;;;;;;;;;;;;;;;;;;;;;;
D_MultiAge_Expedition16a;Volto dell'Antico;Face of the Ancient;ebb3eed7c;;;;2x2;;;3293;;;;;;;;;;;;;;;;;;;;;;;;;;;;;;;;;;;;;;;;;;;;;;;;;;
D_MultiAge_Expedition16b;Cancello del dio del sole;Gate of the Sun God;dd0427dad;;;;2x2;;;3293;;;;;;;;;;;;;;;;;;;;;;;;;;;;;;;;;;;;;;;;;;;;;;;;;;
D_MultiAge_Expedition16c;Volto dell'Antico - Liv. 2;Face of the Ancient - Lv. 2;be0afcd58;1;;;2x2;;;6588;;;;;;;;;;;;;;;;;;3;;;;;;;;;;;;;;;;;;;;;;;;;;;;;;;;
D_MultiAge_Expedition16d;Cancello del dio del sole - Liv. 2;Gate of the Sun God - Lv. 2;f7081eb2b;1;;;2x2;;;6588;;;;;;;;;;;;;;;;;;;4;;;;;;;;;;;;;;;;;;;;;;;;;;;;;;;
D_MultiAge_Expedition22Feathers;Piume del Serpente;Serpent Feathers;cd73e1334;1;;;2x2;;;4080;;;;;;;20;;;;;;;;;;;;;;;;;;;;;;;;;;;;;;;;;;;;;;;;;;;
D_MultiAge_Expedition22FeathersGold;Piume del Serpente Oro;Gold Serpent Feathers;920d00c87;1;;;2x2;;;5240;;;;;;;70;;;;;;;;;;;;;;;;;;;;;;;;;;;;;;;;;;;;;;;;;;;
D_MultiAge_Expedition22FeathersPlatinum;Piume di Platino del Serpente;Platinum Serpent Feathers;9830b6546;1;;;2x2;;;5830;;;;;;;100;;;;;;;;;;;;;;;;;;;;;;;;;;;;;;;;;;;;;;;;;;;
D_MultiAge_Expedition22FeathersSilver;Piume del Serpente Argento;Silver Serpent Feathers;59d9722d6;1;;;2x2;;;4660;;;;;;;50;;;;;;;;;;;;;;;;;;;;;;;;;;;;;;;;;;;;;;;;;;;
D_MultiAge_Expedition22Scales;Pinne del Serpente;Serpent Fins;453f9c3d2;1;;;2x2;;;4080;;;;;;;;;;;;;;;;;;5;5;;;;;;;;;;;;;;;;;;;;;;;;;;;;;;;
D_MultiAge_Expedition22ScalesGold;Pinne del Serpente Oro;Gold Serpent Fins;543b7b610;1;;;2x2;;;5240;;;;;;;;;;;;;;;;;;40;40;;;;;;;;;;;;;;;;;;;;;;;;;;;;;;;
D_MultiAge_Expedition22ScalesPlatinum;Pinne di Platino del Serpente;Platinum Serpent Fins;567265135;1;;;2x2;;;5830;;;;;;;;;;;;;;;;;;55;55;;;;;;;;;;;;;;;;;;;;;;;;;;;;;;;
D_MultiAge_Expedition22ScalesSilver;Pinne del Serpente Argento;Silver Serpent Fins;5817a9128;1;;;2x2;;;4660;;;;;;;;;;;;;;;;;;30;30;;;;;;;;;;;;;;;;;;;;;;;;;;;;;;;
D_MultiAge_Expedition22Spikes;Spuntoni del Serpente;Serpent Spikes;99c841f6f;1;;;2x2;;;4080;;;;;;;;;;;;;;;;;;;;15;15;;;;;;;;;;;;;;;;;;;;;;;;;;;;;
D_MultiAge_Expedition22SpikesGold;Spuntoni del Serpente Oro;Gold Serpent Spikes;395c17a79;1;;;2x2;;;5240;;;;;;;;;;;;;;;;;;;;40;40;;;;;;;;;;;;;;;;;;;;;;;;;;;;;
D_MultiAge_Expedition22SpikesPlatinum;Spuntoni di Platino del Serpente;Platinum Serpent Spikes;b9974d3c2;1;;;2x2;;;5830;;;;;;;;;;;;;;;;;;;;55;55;;;;;;;;;;;;;;;;;;;;;;;;;;;;;
D_MultiAge_Expedition22SpikesSilver;Spuntoni del Serpente Argento;Silver Serpent Spikes;2d426052e;1;;;2x2;;;4660;;;;;;;;;;;;;;;;;;;;30;30;;;;;;;;;;;;;;;;;;;;;;;;;;;;;
D_MultiAge_FallBonus20a;Piantagione di grano;Wheat Field;9c746a5a8;;;;3x2;;;9090;;;;;;;;;;;;;;;;;;;;;;;;;;;;;;;;;;;;;;;;;;;;;;;;;;
D_MultiAge_FallBonus20b;Giardino di okre;Ochre Yard;ac853d4ed;;;;2x2;;;4660;;;;;;;;;;;;;;;;;;;;;;;;;;;;;;;;;;;;;;;;;;;;;;;;;;
D_MultiAge_HalloweenBonus1;Spaventapasseri;Scarecrow;7e20941b1;1;;;3x3;;;5420;;;;;;;;;;;;;;;;;;;;;;;;;;;;;;;;;;;;;;;;;;;;;;;;;;
D_MultiAge_HalloweenBonus16;Cappella di Jack O'Lantern;Jack O'Lantern Chapel;082564928;1;;;1x1;;;850;;;;;;;;;;;;;;;;;;;;;;;;;;;;;;;;;;;;;;;;;;;;;;;;;;
D_MultiAge_HalloweenBonusSet21a;Organo mistico - Liv. 1;Mystical Organ - Lv. 1;1ad36ac69;;;;3x1;;;2530;;;;;;;;;;;;;;;;;;;;;;;;;;;;;;;;;;;;;;;;;;;;;;;;;;
D_MultiAge_HalloweenBonusSet21b;Organo mistico - Liv. 2;Mystical Organ - Lv. 2;07b0777e1;;;;3x1;;;3320;;;;;;;;;;;;;;;;;;;;;;;;;;;;;;;;;;;;;;;;;;;;;;;;;;
D_MultiAge_InviteBonus1;Memento;Memento;c3be2d6d8;1;;;1x1;;;1430;;;;;;;;;;;;;;;;;;;;;;;;;;;;;;;;;;;;;;;;;;;;;;;;;;
D_MultiAge_MarketingBonus1;Pozzo;Water Well;17c37f0bc;1;;;1x1;;;913;;;;;;;;;;;;;;;;;;;;;;;;;;;;;;;;;;;;;;;;;;;;;;;;;;
D_MultiAge_Monolith;Mobilito;Mobilith;205725760;1;;;1x1;;;1515;;;;;;;;;;;;;;;;;;;;;;;;;;;;;;;;;;;;;;;;;;;;;;;;;;
D_MultiAge_PatrickBonusSet20a;Pietra verticale - Liv. 1;Standing Stone - Lv. 1;2f9b6a01a;;;;1x2;;;1690;;;;;;;;;;;;;;;;;;;;;;;;;;;;;;;;;;;;;;;;;;;;;;;;;;
D_MultiAge_PatrickBonusSet20b;Pietra verticale - Liv. 2;Standing Stone - Lv. 2;fc1fcbd37;;;;1x2;;;2210;;;;;;;;;;;;;;;;;;;;;;;;;;;;;;;;;;;;;;;;;;;;;;;;;;
D_MultiAge_PhoenixStatue;Statua della Fenice;Phoenix Statue;a2ea15614;;;;1x1;;;230;;;;;;;;;;;;;;;;;;;;;;;;;;;;;;;;;;;;;;;;;;;;;;;;;;
D_MultiAge_PhoenixStatue2;Statua della Fenice;Phoenix Statue;a2ea15614;1;;;1x1;;;230;;;;;;;;;;;;;;;;;;;;;;;;;;;;;;;;;;;;;;;;;;;;;;;;;;
D_MultiAge_RankingFix16a;Premio d'oro;Gold Award;d7e39f5b6;1;;;1x1;;;2913;;;;;;;;;;;;;;;;;;;;;;;;;;;;;;;;;;;;;;;;;;;;;;;;;;
D_MultiAge_RankingFix16b;Premio d'argento;Silver Award;2eab728ba;1;;;1x1;;;2621;;;;;;;;;;;;;;;;;;;;;;;;;;;;;;;;;;;;;;;;;;;;;;;;;;
D_MultiAge_RankingFix16c;Premio di bronzo;Bronze Award;0824b56de;1;;;1x1;;;2330;;;;;;;;;;;;;;;;;;;;;;;;;;;;;;;;;;;;;;;;;;;;;;;;;;
D_MultiAge_RankingFix16d;Premio di pietra;Stone Award;99f59b03e;1;;;1x1;;;2039;;;;;;;;;;;;;;;;;;;;;;;;;;;;;;;;;;;;;;;;;;;;;;;;;;
D_MultiAge_RoyalBonusSet17a;Rovine del Giardino;Garden Ruins;175c33dd9;;;;3x3;;;5400;;;;;;;;;;;;;;;;;;;;;;;;;;;;;;;;;;;;;;;;;;;;;;;;;;
D_MultiAge_RoyalBonusSet17b;Rovine del Giardino;Garden Ruins;623a13791;;;;3x3;;;5600;;;;;;;;;;;;;;;;;;;;;;;;;;;;;;;;;;;;;;;;;;;;;;;;;;
D_MultiAge_SamsungBonus15;Excalibur;Excalibur;4c6a01aa5;1;;;1x1;;;854;;;;;;;;;;;;;;;;;;;;;;;;;;;;;;;;;;;;;;;;;;;;;;;;;;
D_MultiAge_SportBonus17;Trofeo Forge Bowl;Forge Bowl Trophy;8e95e841b;1;;;1x1;;;1126;;;;;;;;;;;;;;;;;;;;;;;;;;;;;;;;;;;;;;;;;;;;;;;;;;
D_MultiAge_SportBonusSet18;Statue Giardino classico;Classical Garden Statues;04bc20b3b;;;;2x2;;;2800;;;;;;;;;;;;;;;;;;;;;;;;;;;;;;;;;;;;;;;;;;;;;;;;;;
D_MultiAge_SpringBonusSet17a;Lv. 1 - Stagno Nishikigoi;Lv. 1 - Nishikigoi Pond;77b6650f9;;;;2x3;;;3840;;;;;;;;;;;;;;;;;;;;;;;;;;;;;;;;;;;;;;;;;;;;;;;;;;
D_MultiAge_SpringBonusSet17b;Lv. 1 - Roccia di sakura;Lv. 1 - Sakura Rock;647f8c59a;;;;2x3;;;3840;;;;;;;;;;;;;;;;;;;;;;;;;;;;;;;;;;;;;;;;;;;;;;;;;;
D_MultiAge_SpringBonusSet18a;Lv. 2 - Stagno Nishikigoi;Lv. 2 - Nishikigoi Pond;3fe6c7f03;;;;2x3;;;8740;;;;;;;;;;;;;;;;;;;;;;;;;;;;;;;;;;;;;;;;;;;;;;;;;;
D_MultiAge_SpringBonusSet18b;Lv. 2 - Roccia di sakura;Lv. 2 - Sakura Rock;dfbb59998;;;;2x3;;;8740;;;;;;;;;;;;;;;;;;;;;;;;;;;;;;;;;;;;;;;;;;;;;;;;;;
D_MultiAge_SummerBonus1;Palma;Palm Tree;b848cc824;1;;;1x1;;;224;;;;;;;;;;;;;;;;;;;;;;;;;;;;;;;;;;;;;;;;;;;;;;;;;;
D_MultiAge_SummerBonus15;Sfinge;Sphinx;b13aa9d14;1;;;2x1;;;2680;;;;;;;;;;;;;;;;;;;;;;;;;;;;;;;;;;;;;;;;;;;;;;;;;;
D_MultiAge_SummerBonus16;Totem Tiki;Tiki Totem;e1b9bb4a8;1;;;1x1;;;1427;;;;;;;;;;;;;;;;;;;;;;;;;;;;;;;;;;;;;;;;;;;;;;;;;;
D_MultiAge_SummerBonus18;Amaca;Hammock;24a84f26f;1;;;2x2;;;5590;;;;;;;;;;;;;;;;;;;;;;;;;;;;;;;;;;;;;;;;;;;;;;;;;;
D_MultiAge_SummerBonus19Pirate;Posto di guardia Pirata;Pirate Guard Post;1fa3e5253;1;;;2x1;;;3030;;;;;;;;;;;;;;;;;;2;;;;;;;;;;;;;;;;;;;;;;;;;;;;;;;;
D_MultiAge_SummerBonus19Royal;Posto di guardia Reale;Royal Guard Post;8bf99c926;1;;;2x1;;;3030;;;;;;;;;;;;;;;;;;;;;6;;;;;;;;;;;;;;;;;;;;;;;;;;;;;
D_MultiAge_SummerBonus19Trader;Posto di guardia Mercante;Trader Guard Post;2ab17d86d;1;;;2x1;;;3030;;;;;;;;;;;;;;;;;;;;;;;;;;;;;;;;;;;;;;;;;;;;;;;;;;
D_MultiAge_SummerBonus2;Meridiana;Sundial;fd7895b64;1;;;1x1;;;240;;;;;;;;;;;;;;;;;;;;;;;;;;;;;;;;;;;;;;;;;;;;;;;;;;
D_MultiAge_SummerBonus3;Baobab decorato;Decorated Baobab;688563161;1;;;1x1;;;1340;;;;;;;;;;;;;;;;;;;;;;;;;;;;;;;;;;;;;;;;;;;;;;;;;;
D_MultiAge_SummerBonusSetA17a;Stagno del Maharaja;Maharaja's Jungle Pond;26c062143;;;;2x2;;;2100;;;;;;;;;;;;;;;;;;;;;;;;;;;;;;;;;;;;;;;;;;;;;;;;;;
D_MultiAge_SummerBonusSetA17b;Parco giochi del Bandar;Bandar Playground;c183967d4;;;;2x2;;;2100;;;;;;;;;;;;;;;;;;;;;;;;;;;;;;;;;;;;;;;;;;;;;;;;;;
D_MultiAge_SummerBonusSetB17a;Aro titano;Titan Arum Plant;ac0f7b2e4;;;;1x1;;;520;;;;;;;;;;;;;;;;;;;;;;;;;;;;;;;;;;;;;;;;;;;;;;;;;;
D_MultiAge_SummerBonusSetB17b;Giardino del Chhatri;Chhatri Garden;6eb14a6e3;;;;1x3;;;1570;;;;;;;;;;;;;;;;;;;;;;;;;;;;;;;;;;;;;;;;;;;;;;;;;;
D_MultiAge_ValentineBonus1;Albero dell'amore;Tree of Love;f1b2b83d4;1;;;2x2;;;3293;;;;;;;;;;;;;;;;;;;;;;;;;;;;;;;;;;;;;;;;;;;;;;;;;;
D_MultiAge_ValentineBonus2;Grande albero dell'amore;Great Tree of Love;6a6917d77;1;;;3x2;;;5130;;;;;;;;;;;;;;;;;;;;;;;;;;;;;;;;;;;;;;;;;;;;;;;;;;
D_MultiAge_ValentineBonus3;Eterno albero dell'amore;Eternal Tree of Love;e4d3fc5be;1;;;3x3;;;9790;;;;;;;;;;;;;;;;;;;;;;;;;;;;;;;;;;;;;;;;;;;;;;;;;;
D_MultiAge_WinterBonusSet17a;Halmbock;Halmbock;9ff6687c5;;;;2x1;;;1050;;;;;;;;;;;;;;;;;;;;;;;;;;;;;;;;;;;;;;;;;;;;;;;;;;
D_MultiAge_WinterBonusSet17b;Banchetto di Smörgåsbord;Smörgåsbord Feast;1b0b1faaf;;;;1x2;;;1050;;;;;;;;;;;;;;;;;;;;;;;;;;;;;;;;;;;;;;;;;;;;;;;;;;
D_MultiAge_WinterBonusSet17c;Tenda del riparatore;Tinkerer's Tent;5aebe5935;;;;2x1;;;1050;;;;;;;;;;;;;;;;;;;;;;;;;;;;;;;;;;;;;;;;;;;;;;;;;;
D_MultiAge_WinterBonusSet17d;Tenda del fabbricante di candele;Candlemaker's Tent;db53a259d;;;;1x2;;;1050;;;;;;;;;;;;;;;;;;;;;;;;;;;;;;;;;;;;;;;;;;;;;;;;;;
D_OceanicFuture_Decoration1;Corallo;Coral;f9097477d;;;;1x1;;;;;;;;;;;;;;;;;;;;;;;;;;;;;;;;;;;;;;;;;;;;;;;;;;;;;
D_OceanicFuture_Decoration2;Colonia di coralli;Coral Colony;eb2df050b;;;;2x2;;;;;;;;;;;;;;;;;;;;;;;;;;;;;;;;;;;;;;;;;;;;;;;;;;;;;
D_OceanicFuture_Decoration3;Acquario;Aquarium;10511c2c1;;;;1x2;;;;;;;;;;;;;;;;;;;;;;;;;;;;;;;;;;;;;;;;;;;;;;;;;;;;;
D_OceanicFuture_Decoration4;Statua di Poseidone;Poseidon Statue;f0fa0e1bd;;;;2x2;;;;;;;;;;;;;;;;;;;;;;;;;;;;;;;;;;;;;;;;;;;;;;;;;;;;;
D_OceanicFuture_Decoration5;Conchiglia Gigante;Giant Seashell;cece37e55;;;;2x1;;;;;;;;;;;;;;;;;;;;;;;;;;;;;;;;;;;;;;;;;;;;;;;;;;;;;
D_OceanicFuture_Decoration6;Campana Subacquea;Diving Bell;2cb2745ab;;;;1x1;;;;;;;;;;;;;;;;;;;;;;;;;;;;;;;;;;;;;;;;;;;;;;;;;;;;;
D_OceanicFuture_Decoration7;Altalena Oceanica;Oceanic Swing;62f5a2c75;;;;2x2;;;;;;;;;;;;;;;;;;;;;;;;;;;;;;;;;;;;;;;;;;;;;;;;;;;;;
D_OceanicFuture_Decoration8;Torretta di salvataggio;Lifeguard Tower;4236ea3ea;;;;2x2;;;;;;;;;;;;;;;;;;;;;;;;;;;;;;;;;;;;;;;;;;;;;;;;;;;;;
D_PostModernEra_Decoration1;Parco giochi;Playground;154f5e5bd;;;;2x3;;;;;;;;;;;;;;;;;;;;;;;;;;;;;;;;;;;;;;;;;;;;;;;;;;;;;
D_PostModernEra_Decoration2;Statua dell'astronauta;Astronaut Statue;4af416b55;;;;2x2;;;;;;;;;;;;;;;;;;;;;;;;;;;;;;;;;;;;;;;;;;;;;;;;;;;;;
D_PostModernEra_Decoration3;Scultura a tema pacifista;Peace Sculpture;3a4e4c362;;;;2x1;;;;;;;;;;;;;;;;;;;;;;;;;;;;;;;;;;;;;;;;;;;;;;;;;;;;;
D_PostModernEra_Decoration4;Bungalow da giardino;Allotment Garden Cabin;bb821afec;;;;2x2;;;;;;;;;;;;;;;;;;;;;;;;;;;;;;;;;;;;;;;;;;;;;;;;;;;;;
D_PostModernEra_Decoration5;Casetta da giardino;Allotment Garden House;55db9a184;;;;2x2;;;;;;;;;;;;;;;;;;;;;;;;;;;;;;;;;;;;;;;;;;;;;;;;;;;;;
D_PostModernEra_Decoration6;Capanno da giardino;Allotment Garden Shed;9a3bfcb48;;;;2x2;;;;;;;;;;;;;;;;;;;;;;;;;;;;;;;;;;;;;;;;;;;;;;;;;;;;;
D_ProgressiveEra_Deco1;Chiosco dei giornali;Newspaper Stand;2407c81ac;;;;1x2;;;;;;;;;;;;;;;;;;;;;;;;;;;;;;;;;;;;;;;;;;;;;;;;;;;;;
D_ProgressiveEra_Deco2;Insegna pubblicitaria;Billboard;29b3d6783;;;;2x1;;;;;;;;;;;;;;;;;;;;;;;;;;;;;;;;;;;;;;;;;;;;;;;;;;;;;
D_ProgressiveEra_Deco3;Torre dell'Acqua;Water Tower;2fd44a95f;;;;1x1;;;;;;;;;;;;;;;;;;;;;;;;;;;;;;;;;;;;;;;;;;;;;;;;;;;;;
D_ProgressiveEra_Deco4;Albero d'arredo urbano;Urban Tree;a9405e363;;;;1x1;;;;;;;;;;;;;;;;;;;;;;;;;;;;;;;;;;;;;;;;;;;;;;;;;;;;;
D_ProgressiveEra_Deco5;Statua Equestre;Equestrian Statue;268647cb1;;;;1x2;;;;;;;;;;;;;;;;;;;;;;;;;;;;;;;;;;;;;;;;;;;;;;;;;;;;;
D_SpaceAgeAsteroidBelt_Decoration1;Spot dell'asteroide;Asteroid Ad;8aa71ad14;;;;2x2;;;;;;;;;;;;;;;;;;;;;;;;;;;;;;;;;;;;;;;;;;;;;;;;;;;;;
D_SpaceAgeJupiterMoon_Decoration1;Flora galleggiante;Floating Flora;7e8b87acc;;;;2x2;;;;;;;;;;;;;;;;;;;;;;;;;;;;;;;;;;;;;;;;;;;;;;;;;;;;;
D_SpaceAgeMars_Decoration1;Modulo lunare;Moonlander;a0651ee47;;;;2x2;;;;;;;;;;;;;;;;;;;;;;;;;;;;;;;;;;;;;;;;;;;;;;;;;;;;;
D_SpaceAgeSpaceHub_Decoration1;Nave Esploratrice;Explorer Ship;9e0afdda8;;;;2x2;;;;;;;;;;;;;;;;;;;;;;;;;;;;;;;;;;;;;;;;;;;;;;;;;;;;;
D_SpaceAgeTitan_Decoration1;Cristallo puro;Pure Crystal;a6d0fed82;;;;2x2;;;;;;;;;;;;;;;;;;;;;;;;;;;;;;;;;;;;;;;;;;;;;;;;;;;;;
D_SpaceAgeVenus_Decoration1;Cartello del traffico;Traffic Sign;d17ce44e7;;;;2x2;;;;;;;;;;;;;;;;;;;;;;;;;;;;;;;;;;;;;;;;;;;;;;;;;;;;;
D_StellarAgeDiscovery_Decoration1;Monumento pionieri stellari;Stellar Pioneer Monument;532b9958c;;;;1x1;;;;;;;;;;;;;;;;;;;;;;;;;;;;;;;;;;;;;;;;;;;;;;;;;;;;;
D_StoneAge_Rockformation;Pilastro;Obelisk;4191f47db;;;;1x1;;;;;;;;;;;;;;;;;;;;;;;;;;;;;;;;;;;;;;;;;;;;;;;;;;;;;
D_StoneAge_Statue;Memoriale;Memorial;a21045697;;;;2x2;;;;;;;;;;;;;;;;;;;;;;;;;;;;;;;;;;;;;;;;;;;;;;;;;;;;;
D_StoneAge_Tree;Albero;Tree;6f5d5088c;;;;1x1;;;;;;;;;;;;;;;;;;;;;;;;;;;;;;;;;;;;;;;;;;;;;;;;;;;;;
D_TomorrowEra_Deco1;Telecamera di sorveglianza;Surveillance Camera;b5822c041;;;;1x1;;;;;;;;;;;;;;;;;;;;;;;;;;;;;;;;;;;;;;;;;;;;;;;;;;;;;
D_TomorrowEra_Deco2;Chiosco delle verdure;Veggie Booth;816ab75c3;;;;1x2;;;;;;;;;;;;;;;;;;;;;;;;;;;;;;;;;;;;;;;;;;;;;;;;;;;;;
D_TomorrowEra_Deco3;Chiosco degli hamburger;Burger Booth;40f62fe17;;;;2x1;;;;;;;;;;;;;;;;;;;;;;;;;;;;;;;;;;;;;;;;;;;;;;;;;;;;;
D_TomorrowEra_Deco4;Chiosco della pizza;Pizza Booth;8e9a1c927;;;;2x1;;;;;;;;;;;;;;;;;;;;;;;;;;;;;;;;;;;;;;;;;;;;;;;;;;;;;
D_TomorrowEra_Deco5;Stazione di controllo;Security Post;7998d0169;;;;1x2;;;;;;;;;;;;;;;;;;;;;;;;;;;;;;;;;;;;;;;;;;;;;;;;;;;;;
D_VirtualFuture_Decoration1;Statua olografica;Holo Statue;1f156a56b;;;;1x1;;;;;;;;;;;;;;;;;;;;;;;;;;;;;;;;;;;;;;;;;;;;;;;;;;;;;
D_VirtualFuture_Decoration2;Pino giapponese;Japanese Pine;15ec9a19d;;;;1x1;;;;;;;;;;;;;;;;;;;;;;;;;;;;;;;;;;;;;;;;;;;;;;;;;;;;;
D_VirtualFuture_Decoration3;Spot olografico;Holo Ad;47b9edabb;;;;2x2;;;;;;;;;;;;;;;;;;;;;;;;;;;;;;;;;;;;;;;;;;;;;;;;;;;;;
D_VirtualFuture_Decoration4;Ologramma animali;Animal Hologram;5dc19a458;;;;1x2;;;;;;;;;;;;;;;;;;;;;;;;;;;;;;;;;;;;;;;;;;;;;;;;;;;;;
L_AllAge_ArcheologyBonus22a;Arco di zaffiro;Sapphire Arch;4982fb556;;;;3x1;;;;;4;;;;;4;;;;;;;;;;;;;;;;;;;;;;;;;;;;;;;;;;;;;;;;;;;
L_AllAge_ArcheologyBonus22b;Arco Magenta;Magenta Arch;76b99c827;;;;3x1;;;;;2;;;;;9;;;;;;;;;;;;;;;;;;;;;;;;;;;;;;;;;;;;;;;;;;;
L_AllAge_CarnivalBonus19a;Liv. 1 - Venditore di maschere della Piazza;Lv. 1 - Piazza Mask Vendor;45aa1fa08;;;;1x1;;;;;3;;;;;5;;;;;;;;;;;;;;;;;;;;;;;;;;;;;;;;;;;;;;;;;;;
L_AllAge_CarnivalBonus19b;Liv. 2 - Venditore di maschere della Piazza;Lv. 2 - Piazza Mask Vendor;d61abea63;;;;1x1;;;;;4;;;;;8;;;;;;;;;;;;;;;;;;;;;;;;;;;;;;;;;;;;;;;;;;;
L_AllAge_FallBonus20a;Panchina con le begonie;Begonia Bench;3c86c123d;;;;1x3;;;;;5;;;;;;;;;;;;;;;;;;;;;;;;;;;;;;;;;;;;;;;;;;;;;;;;
L_AllAge_FallBonus20b;Spaventapasseri dell'autunno;Autumn Scarecrow;c64146c7e;;;;1x3;;;;;;;;;;15;;;;;;;;;;;;;;;;;;;;;;;;;;;;;;;;;;;;;;;;;;;
L_AllAge_HalloweenBonusSet21a;Ruota della morte - Liv. 1;Wheel of Death - Lv. 1;3062bc0c4;;;;2x1;;;;;1;;;;;;;;;;;;;;;;;;;;;;;;;;;;;;;;;;;;;;;;;;;;;;;;
L_AllAge_HalloweenBonusSet21b;Ruota della morte - Liv. 2;Wheel of Death - Lv. 2;13848aec2;;;;2x1;;;;;3;;;;;;;;;;;;;;;;;;;;;;;;;;;;;;;;;;;;;;;;;;;;;;;;
L_AllAge_PatrickBonusSet20a;Cerbiatto maestoso - Liv. 1;Majestic Fawn - Lv. 1;66a60fc9e;;;;1x1;;;;;1;;;;;;;;;;;;;;;;;;;;;;;;;;;;;;;;;;;;;;;;;;;;;;;;
L_AllAge_PatrickBonusSet20b;Cervo maestoso - Liv. 2;Majestic Stag - Lv. 2;11a46310c;;;;1x1;;;;;2;;;;;;;;;;;;;;;;;;;;;;;;;;;;;;;;;;;;;;;;;;;;;;;;
L_AllAge_SpringBonusSet17;Lv. 1 - Gong della saggezza;Lv. 1 - Gong of Wisdom;e750d1e4c;;;;1x1;;;;;3;;;;;;;;;;;;;;;;;;;;;;;;;;;;;;;;;;;;;;;;;;;;;;;;
L_AllAge_SpringBonusSet18;Lv. 2 - Gong della saggezza;Lv. 2 - Gong of Wisdom;bbdd88aaa;;;;1x1;;;;;4;;;;;;;;;;;;;;;;;;;;;;;;;;;;;;;;;;;;;;;;;;;;;;;;
L_AllAge_WinterBonusSet17a;Tenda di Madame Fortuna;Madame Fortuna's Tent;d2d6aa927;;;;1x1;;;;;1;;;;;;;;;;;;;;;;;;;;;;;;;;;;;;;;;;;;;;;;;;;;;;;;
L_AllAge_WinterBonusSet17b;Tenda Stella di paglia;Straw Star Tent;025b4af41;;;;1x1;;;;;;;;;;3;;;;;;;;;;;;;;;;;;;;;;;;;;;;;;;;;;;;;;;;;;;
P_ArcticFuture_Workshop1;Generatore di plasma;Plasma Generator;86e37d967;;;;4x4;2;;;;;;;;;;;;;;;;;;;;;;;;;;;;;;;;;;;;;;;;;;;;;;;;;;;;
P_ArcticFuture_Workshop2;Fattoria verticale;Vertical Farm;a18a45828;;;;4x5;2;;;;;;;;;;;;;;;;;;;;;;;;;;;;;;;;;;;;;;;;;;;;;;;;;;;;
P_ArcticFuture_Workshop3;Ruota del riciclo;Recycling Wheel;e5a5d5dac;;;;5x4;2;;;;;;;;;;;;;;;;;;;;;;;;;;;;;;;;;;;;;;;;;;;;;;;;;;;;
P_ArcticFuture_Workshop4;Bacino di carenaggio;Dry Dock;af783cbc7;;;;6x5;2.5;;;;;;;;;;;;;;;;;;;;;;;;;;;;;;;;;;;;;;;;;;;;;;;;;;;;
P_ArcticFuture_Workshop5;Negozio di fiori di cristallo;Crystal Flower Store;446911351;;;;3x2;1;;;;;;;;;;;;;;;;;;;;;;;;;;;;;;;;;;;;;;;;;;;;;;;;;;;;
P_BronzeAge_Blacksmith;Fabbro;Blacksmith;bc00fe41f;;;;2x2;1;;;;;;;;;;;;;;;;;;;;;;;;;;;;;;;;;;;;;;;;;;;;;;;;;;;;
P_BronzeAge_DomesticationPen;Recinto di Addomesticamento;Domestication Pen;f77bc3628;;;;4x4;2;;;;;;;;;;;;;;;;;;;;;;;;;;;;;;;;;;;;;;;;;;;;;;;;;;;;
P_BronzeAge_Fruitfarm;Frutteto;Fruit Farm;51c60a269;;;;5x4;2;;;;;;;;;;;;;;;;;;;;;;;;;;;;;;;;;;;;;;;;;;;;;;;;;;;;
P_BronzeAge_Pottery;Laboratorio di Ceramiche;Pottery;63643b880;;;;4x3;1.5;;;;;;;;;;;;;;;;;;;;;;;;;;;;;;;;;;;;;;;;;;;;;;;;;;;;
P_ColonialAge_Clockmaker;Orologiaio;Clockmaker;c8473898e;;;;3x2;1;;;;;;;;;;;;;;;;;;;;;;;;;;;;;;;;;;;;;;;;;;;;;;;;;;;;
P_ColonialAge_PerfumeDistillery;Distilleria di Profumo;Perfume Distillery;b021e498e;;;;3x2;1;;;;;;;;;;;;;;;;;;;;;;;;;;;;;;;;;;;;;;;;;;;;;;;;;;;;
P_ColonialAge_Sailmaker;Velaio;Sailmaker;ee1603335;;;;3x3;1.5;;;;;;;;;;;;;;;;;;;;;;;;;;;;;;;;;;;;;;;;;;;;;;;;;;;;
P_ColonialAge_TobaccoPlantation;Piantagione di Tabacco;Tobacco Plantation;2257ac233;;;;4x4;2;;;;;;;;;;;;;;;;;;;;;;;;;;;;;;;;;;;;;;;;;;;;;;;;;;;;
P_ContemporaryEra_Workshop1;Azienda di videogiochi;Computer Games Company;c970545f4;;;;4x3;1.5;;;;;;;;;;;;;;;;;;;;;;;;;;;;;;;;;;;;;;;;;;;;;;;;;;;;
P_ContemporaryEra_Workshop2;Mercato del Pesce;Fish Market;815e2ab64;;;;5x4;2;;;;;;;;;;;;;;;;;;;;;;;;;;;;;;;;;;;;;;;;;;;;;;;;;;;;
P_ContemporaryEra_Workshop3;Centro Logistico;Logistics Center;bd4f339b2;;;;4x6;2;;;;;;;;;;;;;;;;;;;;;;;;;;;;;;;;;;;;;;;;;;;;;;;;;;;;
P_ContemporaryEra_Workshop4;Centro Affari;Business Center;8b0d1421a;;;;5x5;2.5;;;;;;;;;;;;;;;;;;;;;;;;;;;;;;;;;;;;;;;;;;;;;;;;;;;;
P_EarlyMiddleAge_Bakery;Fornaio;Bakery;9ac162c75;;;;4x3;1.5;;;;;;;;;;;;;;;;;;;;;;;;;;;;;;;;;;;;;;;;;;;;;;;;;;;;
P_EarlyMiddleAge_Shoemaker;Calzolaio;Shoemaker;3d2b0c4a1;;;;3x3;1.5;;;;;;;;;;;;;;;;;;;;;;;;;;;;;;;;;;;;;;;;;;;;;;;;;;;;
P_EarlyMiddleAge_Tannery;Conceria;Tannery;f765b9652;;;;3x3;1.5;;;;;;;;;;;;;;;;;;;;;;;;;;;;;;;;;;;;;;;;;;;;;;;;;;;;
P_FutureEra_Workshop1;Impianto estrattivo di elio-3;Helium-3 Extraction Facility;e6ac46e1d;;;;6x5;2.5;;;;;;;;;;;;;;;;;;;;;;;;;;;;;;;;;;;;;;;;;;;;;;;;;;;;
P_FutureEra_Workshop2;Stampante di alimenti;Food Printer;f0c17d843;;;;4x4;2;;;;;;;;;;;;;;;;;;;;;;;;;;;;;;;;;;;;;;;;;;;;;;;;;;;;
P_FutureEra_Workshop3;Torre della vita marina;Sea Life Tower;a44414b33;;;;5x5;2.5;;;;;;;;;;;;;;;;;;;;;;;;;;;;;;;;;;;;;;;;;;;;;;;;;;;;
P_FutureEra_Workshop4;Emporio della levitazione;Levitation Outlet;fe0cd8ba8;;;;3x4;1.5;;;;;;;;;;;;;;;;;;;;;;;;;;;;;;;;;;;;;;;;;;;;;;;;;;;;
P_HighMiddleAge_Alchimist;Alchimista;Alchemist;f4f3318d2;;;;3x2;1;;;;;;;;;;;;;;;;;;;;;;;;;;;;;;;;;;;;;;;;;;;;;;;;;;;;
P_HighMiddleAge_Wheatfarm;Fattoria;Farm;bb14979b9;;;;4x5;2;;;;;;;;;;;;;;;;;;;;;;;;;;;;;;;;;;;;;;;;;;;;;;;;;;;;
P_HighMiddleAge_Windmill;Mulino a vento;Windmill;7584c8430;;;;3x4;1.5;;;;;;;;;;;;;;;;;;;;;;;;;;;;;;;;;;;;;;;;;;;;;;;;;;;;
P_IndustrialAge_Workshop1;Armaiolo;Gunsmith;e076410c7;;;;2x3;1;;;;;;;;;;;;;;;;;;;;;;;;;;;;;;;;;;;;;;;;;;;;;;;;;;;;
P_IndustrialAge_Workshop2;Fabbrica di utensili in terracotta;Ceramics Factory;483b7cf6e;;;;5x3;1.5;;;;;;;;;;;;;;;;;;;;;;;;;;;;;;;;;;;;;;;;;;;;;;;;;;;;
P_IndustrialAge_Workshop3;Stabilimento chimico;Chemical Plant;67dcc645e;;;;4x3;1.5;;;;;;;;;;;;;;;;;;;;;;;;;;;;;;;;;;;;;;;;;;;;;;;;;;;;
P_IndustrialAge_Workshop4;Fabbricante di ruote;Wheelwright;a6edc203b;;;;4x3;1.5;;;;;;;;;;;;;;;;;;;;;;;;;;;;;;;;;;;;;;;;;;;;;;;;;;;;
P_IronAge_Butcher;Macellaio;Butcher;7205536ec;;;;4x3;1.5;;;;;;;;;;;;;;;;;;;;;;;;;;;;;;;;;;;;;;;;;;;;;;;;;;;;
P_IronAge_Goatbreed;Ovile;Goat Farm;8913abdee;;;;4x5;2;;;;;;;;;;;;;;;;;;;;;;;;;;;;;;;;;;;;;;;;;;;;;;;;;;;;
P_IronAge_Tailor;Sarto;Tailor;6e06ab13b;;;;3x4;1.5;;;;;;;;;;;;;;;;;;;;;;;;;;;;;;;;;;;;;;;;;;;;;;;;;;;;
P_LateMiddleAge_Barrelproducer;Negozio di botti;Cooperage;692ab61fb;;;;3x4;1.5;;;;;;;;;;;;;;;;;;;;;;;;;;;;;;;;;;;;;;;;;;;;;;;;;;;;
P_LateMiddleAge_Brewery;Mastro birraio;Brewery;b80fe4a8c;;;;3x3;1.5;;;;;;;;;;;;;;;;;;;;;;;;;;;;;;;;;;;;;;;;;;;;;;;;;;;;
P_LateMiddleAge_Spicefarm;Commerciante di spezie;Spice Trader;30ea10bf2;;;;3x3;1.5;;;;;;;;;;;;;;;;;;;;;;;;;;;;;;;;;;;;;;;;;;;;;;;;;;;;
P_ModernEra_Workshop1;Fabbrica di aeroplani;Aircraft Factory;821d849a2;;;;6x4;2;;;;;;;;;;;;;;;;;;;;;;;;;;;;;;;;;;;;;;;;;;;;;;;;;;;;
P_ModernEra_Workshop2;Bottega del cappellaio;Hatter;0026c5836;;;;3x3;1.5;;;;;;;;;;;;;;;;;;;;;;;;;;;;;;;;;;;;;;;;;;;;;;;;;;;;
P_ModernEra_Workshop3;Fabbrica di elettrodomestici;Appliance Factory;562c657bd;;;;4x5;2;;;;;;;;;;;;;;;;;;;;;;;;;;;;;;;;;;;;;;;;;;;;;;;;;;;;
P_ModernEra_Workshop4;Studio cinematografico;Film Studio;69c967a3c;;;;7x5;2.5;;;;;;;;;;;;;;;;;;;;;;;;;;;;;;;;;;;;;;;;;;;;;;;;;;;;
P_MultiAge_Aviary;Voliera;Aviary;cc1724734;1;;;3x4;1.5;-1390;3495;;2;;;;;;;;;;;;;;;;;;;;;;;;;;;;;;;;;;;;;;;;;;;;;;;;
P_MultiAge_CarnivalBonus17;Ballo in maschera;Masquerade Ball;1b5c5353f;1;;;4x5;2;-2320;3612;;2;;;;;;;;;;;;;;;;;;;;;;;;;;;;;;;;;;;;;;;;;;;;;;;;
P_MultiAge_CarnivalBonus18;Mercato del pontile della gondola;Gondola Dock Market;691d75edd;1;;;4x5;2;-1240;;;;;;;;10;;;;;;;;;;;;;;;;;;;;;;;;;;;;;;;;;;;;;;;;;;;
P_MultiAge_ChristmasBonus1;Fabbrica di Dolciumi;Confectionary;e037f6476;1;;;4x2;1;-616;;;;;;;;;;;;;;;;31752;;;;;;;;;;;;;;;;;;;;;;;;;;;;;;;;;;;
P_MultiAge_ChristmasBonus15;Fabbrica di dolciumi leggendaria;Legendary Confectionary;7bc984a8d;1;;;5x3;1.5;-1567;3930;;;;;;;;;;;;;;;69458;;;;;;;;;;;;;;;;;;;;;;;;;;;;;;;;;;;
P_MultiAge_ChristmasBonus16;Bottega di Babbo Natale;Santa's Workshop;1aaf0a94e;1;;;5x4;2;-1860;5825;;;;;;;10;;;;;;;;;;;;;;;;;;;;;;;;;;;;;;;;;;;;;;;;;;;
P_MultiAge_ChristmasBonus2;Grande Fabbrica di Dolciumi;Large Confectionary;395f43a2c;1;;;4x3;1.5;-1055;;;;;;;;;;;;;;;;49896;;;;;;;;;;;;;;;;;;;;;;;;;;;;;;;;;;;
P_MultiAge_ChristmasBonus3;Recinto delle Renne;Reindeer Paddock;d5582068a;1;;;4x4;2;-433;;;;;;;;;;;;;;;;51408;;;;;;;;;;;;;;;;;;;;;;;;;;;;;;;;;;;
P_MultiAge_ChristmasBonus4;Enorme fabbrica di dolciumi;Huge Confectionary;c4f48570e;1;;;5x3;1.5;-1451;3500;;;;;;;;;;;;;;;66623;;;;;;;;;;;;;;;;;;;;;;;;;;;;;;;;;;;
P_MultiAge_CupBonus1;Negozio del tifoso;Fan Shop;6cfb4ac84;1;;;2x3;1;-372;804;;;;;;;;;;;;;;;20412;;;;;;;;;;;;;;;;;;;;;;;;;;;;;;;;;;;
P_MultiAge_CupBonus16;Campo di calcio;Soccer Field;656d32d54;1;;;5x4;2;-2477;;;2;;;;;;;;;;;;;;;;;;;;;;;;;;;;;;;;;;;;;;;;;;;;;;;;
P_MultiAge_CurieBonus18;L'automobile dei raggi X;X-Ray Caravan;bc67fecff;1;;;3x3;1.5;-1040;;;2;;;;;;;;;;;;;;;;;;;;;;;;;;;;;;;;;;;;;;;;;;;;;;;;
P_MultiAge_EasterBonus16;Negozio Foebergé;Foeberge Shop;f28861d17;1;;;3x4;1.5;-511;1748;;;;;;;;;;;;;;;37422;;;;;;;;;;;;;;;;;;;;;;;;;;;;;;;;;;;
P_MultiAge_MonroeBonus17;Roseto;Rosarium;27b334fa2;1;;;3x4;1.5;-1110;;;;;;;;10;;;;;;;;;;;;;;;;;;;;;;;;;;;;;;;;;;;;;;;;;;;
P_MultiAge_SportBonus17;Arena dei Vincitori;Arena of Victors;f6639c144;1;;;4x5;2;-2010;;;2;;;;;;;;;;;;;;;;;;;;;;;;;;;;;;;;;;;;;;;;;;;;;;;;
P_MultiAge_SummerBonus1;Bar sulla spiaggia;Beach Bar;f0fc0247f;1;;;3x2;1;-302;;;;;;;;;;;;;;;;13835;;;;;;;;;;;;;;;;;;;;;;;;;;;;;;;;;;;
P_MultiAge_SummerBonus15;Bazar;Bazaar;3d8cf0399;1;;;5x4;2;-2320;;;2;;;;;;;;;;;;;;;;;;;;;;;;;;;;;;;;;;;;;;;;;;;;;;;;
P_MultiAge_SummerBonus16;Luau;Luau;ad29e8d9b;1;;;4x5;2;-2320;3612;;;;;;;10;;;;;;;;;;;;;;;;;;;;;;;;;;;;;;;;;;;;;;;;;;;
P_MultiAge_SummerBonus18;Tesoro sommerso;Sunken Treasure;7d177613a;1;;;2x3;1;-600;;;1;;;;;;;;;;;;;;;;;;;;;;;;;;;;;;;;;;;;;;;;;;;;;;;;
P_MultiAge_SummerBonus2;Stregone;Witch Doctor;beb4747b5;1;;;3x2;1;-1;1748;;;;;;;;;;;;;;;16934;;;;;;;;;;;;;;;;;;;;;;;;;;;;;;;;;;;
P_MultiAge_VanGoghBonus18;Capolavoro;Magnum Opus;16c542f06;1;;;3x2;1;-330;;;;;;;;;;;;;;;;;600;;;;;;;;;;;;;;;;;;;;;;;;;;;;;;;;;;
P_MultiAge_WildBonus22;Hotel insetto;Insect Hotel;41ef8c452;1;;;2x3;1;-370;;;;;;;;13;;;;;;;;;;;;;;;;;;;;;;;;;;;;;;;;;;;;;;;;;;;
P_OceanicFuture_Workshop1;Allevatore dei fondali;Deep Sea Breeder;f228ac47b;;;;6x5;2.5;;;;;;;;;;;;;;;;;;;;;;;;;;;;;;;;;;;;;;;;;;;;;;;;;;;;
P_OceanicFuture_Workshop2;Allevamento di molluschi;Shellfish Farm;62cd5e0fe;;;;5x6;2.5;;;;;;;;;;;;;;;;;;;;;;;;;;;;;;;;;;;;;;;;;;;;;;;;;;;;
P_OceanicFuture_Workshop3;Centrale elettrica geotermica;Geothermal Power Plant;d79a63144;;;;4x4;2;;;;;;;;;;;;;;;;;;;;;;;;;;;;;;;;;;;;;;;;;;;;;;;;;;;;
P_OceanicFuture_Workshop4;Negozio sulla spiaggia;Seaside Store;cc1ba5fac;;;;4x3;1.5;;;;;;;;;;;;;;;;;;;;;;;;;;;;;;;;;;;;;;;;;;;;;;;;;;;;
P_OceanicFuture_Workshop5;Impianto di estrazione minerali;Mineral Extraction Plant;4785bf65e;;;;5x5;2.5;;;;;;;;;;;;;;;;;;;;;;;;;;;;;;;;;;;;;;;;;;;;;;;;;;;;
P_OceanicFuture_Workshop6;Raccolta delle Alghe Marine;Seaweed Harvest;a1ff94538;;;;6x4;2;;;;;;;;;;;;;;;;;;;;;;;;;;;;;;;;;;;;;;;;;;;;;;;;;;;;
P_OceanicFuture_Workshop7;Cantiere navale;Boatyard;f88bd3f4e;;;;4x5;2;;;;;;;;;;;;;;;;;;;;;;;;;;;;;;;;;;;;;;;;;;;;;;;;;;;;
P_OceanicFuture_Workshop8;Centro Benessere;Day Spa;5baad6aa4;;;;5x5;2.5;;;;;;;;;;;;;;;;;;;;;;;;;;;;;;;;;;;;;;;;;;;;;;;;;;;;
P_OceanicFuture_Workshop9;Giardino di mare;Sea Garden;72a62b14c;;;;3x5;1.5;;;;;;;;;;;;;;;;;;;;;;;;;;;;;;;;;;;;;;;;;;;;;;;;;;;;
P_PostModernEra_Workshop1;Fabbrica di automobili;Car Factory;0479d10df;;;;5x6;2.5;;;;;;;;;;;;;;;;;;;;;;;;;;;;;;;;;;;;;;;;;;;;;;;;;;;;
P_PostModernEra_Workshop2;Complesso di serre;Greenhouse Complex;4927b1961;;;;5x3;1.5;;;;;;;;;;;;;;;;;;;;;;;;;;;;;;;;;;;;;;;;;;;;;;;;;;;;
P_PostModernEra_Workshop3;Fabbrica di giocattoli;Toy Factory;760c022fc;;;;5x5;2.5;;;;;;;;;;;;;;;;;;;;;;;;;;;;;;;;;;;;;;;;;;;;;;;;;;;;
P_PostModernEra_Workshop4;Autodemolitore;Junkyard;096f96ee5;;;;5x4;2;;;;;;;;;;;;;;;;;;;;;;;;;;;;;;;;;;;;;;;;;;;;;;;;;;;;
P_ProgressiveEra_Workshop1;Allevamento di bovini;Cattle Ranch;4eabf3fb8;;;;7x6;3;;;;;;;;;;;;;;;;;;;;;;;;;;;;;;;;;;;;;;;;;;;;;;;;;;;;
P_ProgressiveEra_Workshop2;Fabbrica di Lampadine;Lamp Factory;1c551f935;;;;6x3;1.5;;;;;;;;;;;;;;;;;;;;;;;;;;;;;;;;;;;;;;;;;;;;;;;;;;;;
P_ProgressiveEra_Workshop3;Officina;Garage;1f7e078ac;;;;4x4;2;;;;;;;;;;;;;;;;;;;;;;;;;;;;;;;;;;;;;;;;;;;;;;;;;;;;
P_ProgressiveEra_Workshop4;Negozio di gastronomia;Deli Shop;d87ae999e;;;;4x3;1.5;;;;;;;;;;;;;;;;;;;;;;;;;;;;;;;;;;;;;;;;;;;;;;;;;;;;
P_SpaceAgeAsteroidBelt_Workshop1;Agriturismo spaziale;Space Food Farm;f1f67f3a0;;;;4x4;2;;;;;;;;;;;;;;;;;;;;;;;;;;;;;;;;;;;;;;;;;;;;;;;;;;;;
P_SpaceAgeAsteroidBelt_Workshop2;Telescopio dati dell'universo;Universe Data Telescope;1db52e053;;;;3x3;1.5;;;;;;;;;;;;;;;;;;;;;;;;;;;;;;;;;;;;;;;;;;;;;;;;;;;;
P_SpaceAgeMars_Workshop1;Sito di sperimentazione dei razzi;Rocket Testing Site;94620d605;;;;5x4;2;;;;;;;;;;;;;;;;;;;;;;;;;;;;;;;;;;;;;;;;;;;;;;;;;;;;
P_SpaceAgeMars_Workshop2;Centro Nuovi Orizzonti;New Horizons Center;c58eb0aa5;;;;3x3;1.5;;;;;;;;;;;;;;;;;;;;;;;;;;;;;;;;;;;;;;;;;;;;;;;;;;;;
P_SpaceAgeSpaceHub_Workshop1;Osservatorio Galattico;Galactic Observatory;be638648c;;;;4x4;2;;;;;;;;;;;;;;;;;;;;;;;;;;;;;;;;;;;;;;;;;;;;;;;;;;;;
P_SpaceAgeSpaceHub_Workshop2;Laboratorio A.I.;A.I. Laboratory;b4d03cf1b;;;;3x3;1.5;;;;;;;;;;;;;;;;;;;;;;;;;;;;;;;;;;;;;;;;;;;;;;;;;;;;
P_SpaceAgeTitan_Workshop1;Officina motori;Engine Service;17b0808c5;;;;4x4;2;;;;;;;;;;;;;;;;;;;;;;;;;;;;;;;;;;;;;;;;;;;;;;;;;;;;
P_SpaceAgeTitan_Workshop2;Bar degli Imperi;Bar of Empires;b1296ee69;;;;3x3;1.5;;;;;;;;;;;;;;;;;;;;;;;;;;;;;;;;;;;;;;;;;;;;;;;;;;;;
P_SpaceAgeVenus_Workshop1;Giardino galleggiante;Floating Garden;2461b8cbc;;;;4x4;2;;;;;;;;;;;;;;;;;;;;;;;;;;;;;;;;;;;;;;;;;;;;;;;;;;;;
P_SpaceAgeVenus_Workshop2;Officina dei droni;Drone Hub;2d7849f0a;;;;3x3;1.5;;;;;;;;;;;;;;;;;;;;;;;;;;;;;;;;;;;;;;;;;;;;;;;;;;;;
P_StellarAgeDiscovery_Workshop1;Relè di risorse;Resource Relay;5600dfdd8;;;;2x4;1;;;;;;;;;;;;;;;;;;;;;;;;;;;;;;;;;;;;;;;;;;;;;;;;;;;;
P_StoneAge_Hunter;Capanno del cacciatore;Hunter's Cabin;a2cce0b13;;;;3x3;1.5;;;;;;;;;;;;;;;;;;;;;;;;;;;;;;;;;;;;;;;;;;;;;;;;;;;;
P_TomorrowEra_Workshop1;Fabbrica di droni;Drone Factory;0c17810e3;;;;6x3;1.5;;;;;;;;;;;;;;;;;;;;;;;;;;;;;;;;;;;;;;;;;;;;;;;;;;;;
P_TomorrowEra_Workshop2;Società di sicurezza privata;Private Security Company;b4ae14ad0;;;;4x3;1.5;;;;;;;;;;;;;;;;;;;;;;;;;;;;;;;;;;;;;;;;;;;;;;;;;;;;
P_TomorrowEra_Workshop3;Fattoria urbana;Urban Farm;df7c96281;;;;6x4;2;;;;;;;;;;;;;;;;;;;;;;;;;;;;;;;;;;;;;;;;;;;;;;;;;;;;
P_TomorrowEra_Workshop4;Stampante 3D;3D Printer;aa53d10c5;;;;4x4;2;;;;;;;;;;;;;;;;;;;;;;;;;;;;;;;;;;;;;;;;;;;;;;;;;;;;
P_VirtualFuture_Workshop1;Laboratorio di ricerca olografica;Holographic Research Lab;96706f419;;;;5x6;2.5;;;;;;;;;;;;;;;;;;;;;;;;;;;;;;;;;;;;;;;;;;;;;;;;;;;;
P_VirtualFuture_Workshop2;Potenziatore corporeo;Body Shop;8f57c658c;;;;5x4;2;;;;;;;;;;;;;;;;;;;;;;;;;;;;;;;;;;;;;;;;;;;;;;;;;;;;
P_VirtualFuture_Workshop3;Negozio di beni VR;VR Commodity Shop;cdc89679d;;;;4x5;2;;;;;;;;;;;;;;;;;;;;;;;;;;;;;;;;;;;;;;;;;;;;;;;;;;;;
P_VirtualFuture_Workshop4;Negozio Bonsai;Bonsai Shop;f75df499a;;;;3x3;1.5;;;;;;;;;;;;;;;;;;;;;;;;;;;;;;;;;;;;;;;;;;;;;;;;;;;;
R_ArcticFuture_Residential1;Casa mobile;Mobile House;7e37a5125;;;;4x4;2;;;;;;;;;;;;;;;;;;;;;;;;;;;;;;;;;;;;;;;;;;;;;;;;;;;;
R_ArcticFuture_Residential2;Grattamare;Sea-Scraper;7b8ab5efd;;;;5x5;2.5;;;;;;;;;;;;;;;;;;;;;;;;;;;;;;;;;;;;;;;;;;;;;;;;;;;;
R_ArcticFuture_Residential3;Appartamento Torre dell’orologio;Clock Tower Apartment;f0ec67522;;;;3x4;1.5;;;;;;;;;;;;;;;;;;;;;;;;;;;;;;;;;;;;;;;;;;;;;;;;;;;;
R_ArcticFuture_Residential4;Teepee riparato;Sheltered Tipi;8d11dd29c;;;;3x3;1.5;;;;;;;;;;;;;;;;;;;;;;;;;;;;;;;;;;;;;;;;;;;;;;;;;;;;
R_ArcticFuture_Residential5;Villa di cristallo;Crystal Villa;f23f0fa4e;;;;4x3;1.5;;;;;;;;;;;;;;;;;;;;;;;;;;;;;;;;;;;;;;;;;;;;;;;;;;;;
R_BronzeAge_Residential1;Baracca;Chalet;fe58518e7;;;;2x2;1;;;;;;;;;;;;;;;;;;;;;;;;;;;;;;;;;;;;;;;;;;;;;;;;;;;;
R_BronzeAge_Residential2;Casa con tetto in paglia;Thatched House;9badd5fdc;;;;2x2;1;;;;;;;;;;;;;;;;;;;;;;;;;;;;;;;;;;;;;;;;;;;;;;;;;;;;
R_BronzeAge_Residential3;Palafitta;Stilt House;6de3dcb98;;;;2x2;1;;;;;;;;;;;;;;;;;;;;;;;;;;;;;;;;;;;;;;;;;;;;;;;;;;;;
R_BronzeAge_Residential4;Casa lunga;Longhouse;d9daae200;;;;4x2;1;;;;;;;;;;;;;;;;;;;;;;;;;;;;;;;;;;;;;;;;;;;;;;;;;;;;
R_ColonialAge_Residential1;Casa con Mansarda;Gambrel Roof House;9ceb9cfab;;;;2x2;1;;;;;;;;;;;;;;;;;;;;;;;;;;;;;;;;;;;;;;;;;;;;;;;;;;;;
R_ColonialAge_Residential2;Casa della Piantagione;Plantation House;067583f77;;;;2x2;1;;;;;;;;;;;;;;;;;;;;;;;;;;;;;;;;;;;;;;;;;;;;;;;;;;;;
R_ColonialAge_Residential3;Casa con Portico;Arcade House;0323fd2ac;;;;2x2;1;;;;;;;;;;;;;;;;;;;;;;;;;;;;;;;;;;;;;;;;;;;;;;;;;;;;
R_ColonialAge_Residential4;Casa di Campagna;Country House;87a126b37;;;;2x2;1;;;;;;;;;;;;;;;;;;;;;;;;;;;;;;;;;;;;;;;;;;;;;;;;;;;;
R_ContemporaryEra_Residential1;Condominio moderno;Condominium;3eb3e1cc3;;;;4x4;2;;;;;;;;;;;;;;;;;;;;;;;;;;;;;;;;;;;;;;;;;;;;;;;;;;;;
R_ContemporaryEra_Residential2;Casa con negozio;Shophouse;d1fda5f3c;;;;3x4;1.5;;;;;;;;;;;;;;;;;;;;;;;;;;;;;;;;;;;;;;;;;;;;;;;;;;;;
R_ContemporaryEra_Residential3;Villa sull'acqua;Waterfront Villa;a676f0854;;;;4x4;2;;;;;;;;;;;;;;;;;;;;;;;;;;;;;;;;;;;;;;;;;;;;;;;;;;;;
R_ContemporaryEra_Residential4;Residence sull'acqua;Waterfront Residential;e855b64a2;;;;4x3;1.5;;;;;;;;;;;;;;;;;;;;;;;;;;;;;;;;;;;;;;;;;;;;;;;;;;;;
R_EarlyMiddleAge_Residential1;Casa a più piani;Multistorey House;40f531446;;;;2x2;1;;;;;;;;;;;;;;;;;;;;;;;;;;;;;;;;;;;;;;;;;;;;;;;;;;;;
R_EarlyMiddleAge_Residential2;Casa in legno;Frame House;e7f45944a;;;;2x2;1;;;;;;;;;;;;;;;;;;;;;;;;;;;;;;;;;;;;;;;;;;;;;;;;;;;;
R_EarlyMiddleAge_Residential3;Casa con doghe a vista;Clapboard House;6ab46337a;;;;2x2;1;;;;;;;;;;;;;;;;;;;;;;;;;;;;;;;;;;;;;;;;;;;;;;;;;;;;
R_FutureEra_Residential1;Casa sotterranea;Underground House;dfaa09b61;;;;4x3;1.5;;;;;;;;;;;;;;;;;;;;;;;;;;;;;;;;;;;;;;;;;;;;;;;;;;;;
R_FutureEra_Residential2;Hotel sugli alberi;Tree House Hotel;ef1e9f9fa;;;;3x4;1.5;;;;;;;;;;;;;;;;;;;;;;;;;;;;;;;;;;;;;;;;;;;;;;;;;;;;
R_FutureEra_Residential3;Abitazione autosufficiente;Self-Supporting Home;c21446b48;;;;2x2;1;;;;;;;;;;;;;;;;;;;;;;;;;;;;;;;;;;;;;;;;;;;;;;;;;;;;
R_FutureEra_Residential4;Arcologia;Arcology;07867b03c;;;;6x6;3;;;;;;;;;;;;;;;;;;;;;;;;;;;;;;;;;;;;;;;;;;;;;;;;;;;;
R_HighMiddleAge_Residential1;Dimora;Mansion;29cf5d7fc;;;;2x2;1;;;;;;;;;;;;;;;;;;;;;;;;;;;;;;;;;;;;;;;;;;;;;;;;;;;;
R_HighMiddleAge_Residential2;Casa in arenaria;Brownstone House;20ed5e40f;;;;2x2;1;;;;;;;;;;;;;;;;;;;;;;;;;;;;;;;;;;;;;;;;;;;;;;;;;;;;
R_HighMiddleAge_Residential3;Casa a schiera;Town House;9ff4a7f9d;;;;2x2;1;;;;;;;;;;;;;;;;;;;;;;;;;;;;;;;;;;;;;;;;;;;;;;;;;;;;
R_IndustrialAge_Residential1;Palazzina;Workers' House;721632b65;;;;3x2;1;;;;;;;;;;;;;;;;;;;;;;;;;;;;;;;;;;;;;;;;;;;;;;;;;;;;
R_IndustrialAge_Residential2;Casa vittoriana;Victorian House;0ffb5b7cd;;;;3x2;1;;;;;;;;;;;;;;;;;;;;;;;;;;;;;;;;;;;;;;;;;;;;;;;;;;;;
R_IndustrialAge_Residential3;Villetta;Boarding House;733a43f45;;;;3x2;1;;;;;;;;;;;;;;;;;;;;;;;;;;;;;;;;;;;;;;;;;;;;;;;;;;;;
R_IndustrialAge_Residential4;Residenza di città;Urban Residence;44e470159;;;;3x2;1;;;;;;;;;;;;;;;;;;;;;;;;;;;;;;;;;;;;;;;;;;;;;;;;;;;;
R_IronAge_Residential1;Casa con tetto in tegole;Roof Tile House;9f6b5c7a7;;;;2x2;1;;;;;;;;;;;;;;;;;;;;;;;;;;;;;;;;;;;;;;;;;;;;;;;;;;;;
R_IronAge_Residential2;Casetta;Cottage;d9d0d4469;;;;2x2;1;;;;;;;;;;;;;;;;;;;;;;;;;;;;;;;;;;;;;;;;;;;;;;;;;;;;
R_IronAge_Residential3;Villa;Villa;3bf67c2d4;;;;2x2;1;;;;;;;;;;;;;;;;;;;;;;;;;;;;;;;;;;;;;;;;;;;;;;;;;;;;
R_LateMiddleAge_Residential1;Complesso di case;Estate House;ed24de0be;;;;2x2;1;;;;;;;;;;;;;;;;;;;;;;;;;;;;;;;;;;;;;;;;;;;;;;;;;;;;
R_LateMiddleAge_Residential2;Casa con più appartamenti;Apartment House;e020b06cf;;;;2x2;1;;;;;;;;;;;;;;;;;;;;;;;;;;;;;;;;;;;;;;;;;;;;;;;;;;;;
R_LateMiddleAge_Residential3;Feudo;Manor;cda175a8c;;;;2x2;1;;;;;;;;;;;;;;;;;;;;;;;;;;;;;;;;;;;;;;;;;;;;;;;;;;;;
R_ModernEra_Residential1;Palazzina di periferia;Suburban House;ed6ca3c59;;;;4x3;1.5;;;;;;;;;;;;;;;;;;;;;;;;;;;;;;;;;;;;;;;;;;;;;;;;;;;;
R_ModernEra_Residential2;Casa prefabbricata;Prefab House;ddaa5454b;;;;4x3;1.5;;;;;;;;;;;;;;;;;;;;;;;;;;;;;;;;;;;;;;;;;;;;;;;;;;;;
R_ModernEra_Residential3;Villetta di lusso;Luxury Dwelling;3afea9fdf;;;;4x3;1.5;;;;;;;;;;;;;;;;;;;;;;;;;;;;;;;;;;;;;;;;;;;;;;;;;;;;
R_ModernEra_Residential4;Motel;Motel;91f9408b5;;;;4x3;1.5;;;;;;;;;;;;;;;;;;;;;;;;;;;;;;;;;;;;;;;;;;;;;;;;;;;;
R_MultiAge_AntiquesDealerBonus19a;Mostra d'arte - Liv. 1;Art Exhibition - Lv. 1;354f5b726;;;;4x4;2;9293;13790;;2;;;;;5;;;;;;;134000;14910;;;;;;;;;;;;;;;;;;;;;;;;;;;;;;;;;;;
R_MultiAge_AntiquesDealerBonus19b;Mostra d'arte - Liv. 2;Art Exhibition - Lv. 2;a7325ecb3;;;;4x4;2;9907;14450;;4;;;;;5;;;;;;;151600;17710;;;;;;;;;;;;;;;;;;;;;;;;;;;;;;;;;;;
R_MultiAge_AntiquesDealerBonus19c;Mostra d'arte - Liv. 3;Art Exhibition - Lv. 3;5da07a6a0;;;;4x4;2;10598;15190;;4;;;;;10;;;;;;;161500;19570;;;;;;;;;;;;;;;;;;;;;;;;;;;;;;;;;;;
R_MultiAge_AntiquesDealerBonus19d;Mostra d'arte - Liv. 4;Art Exhibition - Lv. 4;4efc03b54;;;;4x4;2;11290;17150;;6;;;;;10;;;;;;;171500;21900;;;;;;;;;;;;;;;;;;;;;;;;;;;;;;;;;;;
R_MultiAge_AntiquesDealerBonus19e;Mostra d'arte - Liv. 5;Art Exhibition - Lv. 5;0624fb2a7;;;;4x4;2;12288;18640;;6;;;;;15;;;;;;;189900;23770;;;;;;;;;;;;;;;;;;;;;;;;;;;;;;;;;;;
R_MultiAge_AntiquesDealerBonus19f;Mostra d'arte - Liv. 6;Art Exhibition - Lv. 6;4eaf49823;;;;4x4;2;12979;20600;;8;;;;;15;;;;;;;202100;25630;;;;;;;;;;;;;;;;;;;;;;;;;;;;;;;;;;;
R_MultiAge_AntiquesDealerBonus19g;Mostra d'arte - Liv. 7;Art Exhibition - Lv. 7;c449f3063;;;;4x4;2;13440;22560;;8;;;;;20;;;;;;;218200;27960;;;;;;;;;;;;;;;;;;;;;;;;;;;;;;;;;;;
R_MultiAge_AntiquesDealerBonus19h;Mostra d'arte - Liv. 8;Art Exhibition - Lv. 8;66956e5c5;1;;;4x4;2;14438;24230;;10;;;;;25;;;;;;;237300;31690;;;;;;;;;;;;;;;;;;;;;;;;;;;;;;;;;;;
R_MultiAge_Anw15;Angolo degli Oratori;Speaker's Corner;35c304510;1;;;3x3;1.5;3888;;;;;;;;;;;;;;;51680;;;;12;;;;;;;;;;;;;;;;;;;;;;;;;;;;;;;;
R_MultiAge_ArcheologyBonus21a;Ruota Panoramica - Liv. 1;Ferris Wheel - Lv. 1;1fc31e69b;;;;6x4;2;12672;19570;;;;;;;;;;;;;;183700;;;;;;;;;;;;;;;;;;;;;;;;;;;;;;;;;;;;
R_MultiAge_ArcheologyBonus21b;Ruota Panoramica - Liv. 2;Ferris Wheel - Lv. 2;95eba33e8;;;;6x4;2;12787;20270;;;;;;;;;;;;;;206700;27960;;;;;;;;;;;;;;;;;;;;;;;;;;;;;;;;;;;
R_MultiAge_ArcheologyBonus21c;Ruota Panoramica - Liv. 3;Ferris Wheel - Lv. 3;25b564a3c;;;;6x4;2;13018;20970;;2;;;;;;;;;;;;229700;30760;;;;;;;;;;;;;;;;;;;;;;;;;;;;;;;;;;;
R_MultiAge_ArcheologyBonus21d;Ruota Panoramica - Liv. 4;Ferris Wheel - Lv. 4;cea35c99d;;;;6x4;2;13363;22370;;3;;;;;5;;;;;;;252700;33550;;;;;;;;;;;;;;;;;;;;;;;;;;;;;;;;;;;
R_MultiAge_ArcheologyBonus21e;Ruota Panoramica - Liv. 5;Ferris Wheel - Lv. 5;ce37de5d5;;;;6x4;2;13824;23770;;4;;;;;5;;;;;;;275600;36350;;;;;;;;;;;;;;;;;;;;;;;;;;;;;;;;;;;
R_MultiAge_ArcheologyBonus21f;Ruota Panoramica - Liv. 6;Ferris Wheel - Lv. 6;fb6c0d30d;;;;6x4;2;14515;25160;;5;;;;;10;;;;;;;298600;39150;;;;;;;;;;;;;;;;;;;;;;;;;;;;;;;;;;;
R_MultiAge_ArcheologyBonus21g;Ruota Panoramica - Liv. 7;Ferris Wheel - Lv. 7;031787c61;;;;6x4;2;15437;26560;;6;;;;;10;;;;;;;321600;41940;;;;;;;;;;;;;;;;;;;;;;;;;;;;;;;;;;;
R_MultiAge_ArcheologyBonus21h;Ruota Panoramica - Liv. 8;Ferris Wheel - Lv. 8;a9867471d;;;;6x4;2;16589;27960;;7;;;;;15;;;;;;;344500;44740;;;;;;;;;;;;;;;;;;;;;;;;;;;;;;;;;;;
R_MultiAge_ArcheologyBonus21i;Ruota Panoramica - Liv. 9;Ferris Wheel - Lv. 9;d367c45f5;;;;6x4;2;17971;30760;;8;;;;;15;;;;;;;367500;47530;;;;;;;;;;;;;;;;;;;;;;;;;;;;;;;;;;;
R_MultiAge_ArcheologyBonus21jGreat;Ruota Maestosa;Great Wheel;f2a4dc741;1;;;6x4;2;19584;33550;;10;;;;;30;;;;;;;390500;49770;;;28;;;;;;;;;;;;;;;;;;;;;;;;;;;;;;;;
R_MultiAge_ArcheologyBonus21jWonder;Ruota delle Meraviglie;Wonder Wheel;894083616;1;;;6x4;2;19584;33550;;12;;;;;20;;;;;;;390500;49770;;;;34;;;;;;;;;;;;;;;;;;;;;;;;;;;;;;;
R_MultiAge_ArcheologyBonus22a;Casa della farfalla - Liv. 1;Butterfly House - Lv. 1;762328d94;;;;3x4;1.5;6048;9090;;;;;;;;;;;;;;91900;;;;;;;;;;;;;;;;;;;;;;;;;;;;;;;;;;;;
R_MultiAge_ArcheologyBonus22b;Casa della farfalla - Liv. 2;Butterfly House - Lv. 2;49d429626;;;;3x4;1.5;6336;11180;;;;;;;2;;;;;;;106200;;;;;;;;;;;;;;;;;;;;;;;;;;;;;;;;;;;;
R_MultiAge_ArcheologyBonus22c;Casa della farfalla - Liv. 3;Butterfly House - Lv. 3;e492ebfff;;;;3x4;1.5;6912;13280;;;;;;;4;;;;;;;126300;;;;;;;;;;;;;;;;;;;;;;;;;;;;;;;;;;;;
R_MultiAge_ArcheologyBonus22d;Casa della farfalla - Liv. 4;Butterfly House - Lv. 4;f4b811f25;;;;3x4;1.5;7488;15380;;1;;;;;6;;;;;;;143600;;;;;;;;;;;;;;;;;;;;;;;;;;;;;;;;;;;;
R_MultiAge_ArcheologyBonus22e;Casa della farfalla - Liv. 5;Butterfly House - Lv. 5;c19931a1c;1;;;3x4;1.5;8064;17480;;14;;;;;40;;;;;;;160800;;;;;;;;;;;;;;;;;;;;;;;;;;;;;;;;;;;;
R_MultiAge_Battlegrounds1a;Statua all'onore - Liv. 1;Statue of Honor - Lv. 1;6cf9ceade;;;;3x4;1.5;;;;2;;;;;;;;;;;10;86100;;;;;;;;;;;;;;;;;;;;;;;;;;;;;;;;;;;;
R_MultiAge_Battlegrounds1b;Statua all'onore - Liv. 2;Statue of Honor - Lv. 2;04bf64c71;;;;3x4;1.5;;;;3;;;;;;;;;;;20;97600;;;;;;;;;;;;;;;;;;;;;;;;;;;;;;;;;;;;
R_MultiAge_Battlegrounds1c;Statua all'onore - Liv. 3;Statue of Honor - Lv. 3;33dbac006;;;;3x4;1.5;;;;4;;;;;;;;;;;30;109100;;;;;;;;;;;;;;;;;;;;;;;;;;;;;;;;;;;;
R_MultiAge_Battlegrounds1d;Statua all'onore - Liv. 4;Statue of Honor - Lv. 4;56815f58d;;;;3x4;1.5;;;;5;;;;;;;;;;;40;126300;;;;;;;;;;;;;;;;;;;;;;;;;;;;;;;;;;;;
R_MultiAge_Battlegrounds1e;Statua all'onore - Liv. 5;Statue of Honor - Lv. 5;5da1349b8;;;;3x4;1.5;;;;6;;;;;;;;;;;50;143600;;;;;;;;;;;;;;;;;;;;;;;;;;;;;;;;;;;;
R_MultiAge_Battlegrounds1f;Statua all'onore - Liv. 6;Statue of Honor - Lv. 6;586f45260;;;;3x4;1.5;;;;6;;;;;;;;;;;60;160800;;;;;;;;;;;;;;;;;;;;;;;;;;;;;;;;;;;;
R_MultiAge_Battlegrounds1g;Statua all'onore - Liv. 7;Statue of Honor - Lv. 7;d864502b9;;;;3x4;1.5;;;;7;;;;;;;;;;;70;178000;;;;;;;;;;;;;;;;;;;;;;;;;;;;;;;;;;;;
R_MultiAge_Battlegrounds1h;Statua all'onore - Liv. 8;Statue of Honor - Lv. 8;4ad8216e7;1;;;3x4;1.5;;;;7;;;;;;;;;;;80;195200;;;;;;;;;;;;;;;;;;;;;;;;;;;;;;;;;;;;
R_MultiAge_Battlegrounds3a;Il Gran elefante - Liv. 1;The Great Elephant - Lv. 1;c536ec96b;;;;4x3;1.5;;;;;;;;;;;;;;;5;86100;;;;2;;;;;;;;;;;;;;;;;;;;;;;;;;;;;;;;
R_MultiAge_Battlegrounds3b;Il Gran elefante - Liv. 2;The Great Elephant - Lv. 2;e60a42ba8;;;;4x3;1.5;;;;1;;;;;;;;;;;15;97600;;;;3;;;;;;;;;;;;;;;;;;;;;;;;;;;;;;;;
R_MultiAge_Battlegrounds3c;Il Gran elefante - Liv. 3;The Great Elephant - Lv. 3;9996687b5;;;;4x3;1.5;;;;1;;;;;;;;;;;25;109100;;;;4;;;;;;;;;;;;;;;;;;;;;;;;;;;;;;;;
R_MultiAge_Battlegrounds3d;Il Gran elefante - Liv. 4;The Great Elephant - Lv. 4;bf9b9c730;;;;4x3;1.5;;;;2;;;;;;;;;;;35;126300;;;;5;;;;;;;;;;;;;;;;;;;;;;;;;;;;;;;;
R_MultiAge_Battlegrounds3e;Il Gran elefante - Liv. 5;The Great Elephant - Lv. 5;586752e27;;;;4x3;1.5;;;;2;;;;;;;;;;;45;143600;;;;6;;;;;;;;;;;;;;;;;;;;;;;;;;;;;;;;
R_MultiAge_Battlegrounds3f;Il Gran elefante - Liv. 6;The Great Elephant - Lv. 6;dbee7a066;;;;4x3;1.5;;;;3;;;;;;;;;;;55;160800;;;;7;;;;;;;;;;;;;;;;;;;;;;;;;;;;;;;;
R_MultiAge_Battlegrounds3g;Il Gran elefante - Liv. 7;The Great Elephant - Lv. 7;9b8bb1589;;;;4x3;1.5;;;;3;;;;;;;;;;;65;178000;;;;8;;;;;;;;;;;;;;;;;;;;;;;;;;;;;;;;
R_MultiAge_Battlegrounds3hBazaar;Il bazar dell'elefante;The Elephant's Bazaar;8e5e1975e;1;;;4x3;1.5;;;;3;;;;;;;;;;;90;195200;;;;8;;;;;;;;;;;;;;;;;;;;;;;;;;;;;;;;
R_MultiAge_Battlegrounds3hCitadel;La cittadella dell'elefante;The Elephant's Citadel;a79785256;1;;;4x3;1.5;;;;3;;;;;;;;;;;65;178000;;;;12;;;;;;;;;;;;;;;;;;;;;;;;;;;;;;;;
R_MultiAge_Battlegrounds3hRoyalty;La regalità dell'elefante;The Elephant's Royalty;ad9739d1d;1;;;4x3;1.5;;;;6;;;;;;;;;;;70;223900;;;;10;;;;;;;;;;;;;;;;;;;;;;;;;;;;;;;;
R_MultiAge_BirthdayBonus1;Il Re;The King;3775d0537;1;;;2x2;1;1;;;;;;;;;;;;;;;71780;;;;;;;;;;;;;;;;;;;;;;;;;;;;;;;;;;;;
R_MultiAge_BirthdayBonus2;La Regina;The Queen;654cdde28;1;;;2x2;1;1;;;;;;;;;;;;;;;71780;;;;;;;;;;;;;;;;;;;;;;;;;;;;;;;;;;;;
R_MultiAge_BirthdayBonus22a;Grande re - Liv. 1;Grand King - Lv. 1;2ca017bea;;;;3x3;1.5;4752;;;2;;;;;;;;;;;;81800;;;;;;;;;;;;;;;;;;;;;;;;;;;;;;;;;;;;
R_MultiAge_BirthdayBonus22b;Grande re - Liv. 2;Grand King - Lv. 2;e83bd7ac3;1;;;3x3;1.5;6048;;;5;;;;;;;;;;;;99100;;;;5;;;;;;;;;;;;;;;;;;;;;;;;;;;;;;;;
R_MultiAge_BirthdayBonus22c;Grande regina - Liv. 1;Grand Queen - Lv. 1;03f94a2ea;;;;3x3;1.5;4968;;;1;;;;;5;;;;;;;86100;;;;;;;;;;;;;;;;;;;;;;;;;;;;;;;;;;;;
R_MultiAge_BirthdayBonus22d;Grande regina - Liv. 2;Grand Queen - Lv. 2;d8212f791;;;;3x3;1.5;6912;;;3;;;;;10;;;;;;;107700;;;;5;;;;;;;;;;;;;;;;;;;;;;;;;;;;;;;;
R_MultiAge_CarnivalBonus17;Villa rinascimentale;Renaissance Villa;7d613e466;1;;;3x3;1.5;3456;3456;;;;;;;;;;;;;;122730;;;;;;;;;;;;;;;;;;;;;;;;;;;;;;;;;;;;
R_MultiAge_CarnivalBonus18;Magione rinascimentale;Renaissance Mansion;de8d55918;1;;;4x3;1.5;6912;6912;;;;;;;;;;;;;;97270;;;;;;;;;;;;;;;;;;;;;;;;;;;;;;;;;;;;
R_MultiAge_CarnivalBonus18a;Gran Ponte - Lv. 1;Grand Bridge - Lv. 1;eb39453c7;;;;4x3;1.5;;13280;;;;;;;;;;;;;;120600;;;;;;;;;;;;;;;;;;;;;;;;;;;;;;;;;;;;
R_MultiAge_CarnivalBonus18b;Gran Ponte - Lv. 2;Grand Bridge - Lv. 2;8752c2d96;;;;4x3;1.5;;13980;;;;;;;;;;;;;;126300;49900;;;;;;;;;;;;;;;;;;;;;;;;;;;;;;;;;;;
R_MultiAge_CarnivalBonus18c;Gran Ponte - Lv. 3;Grand Bridge - Lv. 3;351fb6d63;;;;4x3;1.5;;14680;;1;;;;;;;;;;;;132100;52200;;;;;;;;;;;;;;;;;;;;;;;;;;;;;;;;;;;
R_MultiAge_CarnivalBonus18d;Gran Ponte - Lv. 4;Grand Bridge - Lv. 4;5b1579ba2;;;;4x3;1.5;;15380;;1;;;;;;;;;;;;137800;54400;360;;;;;;;;;;;;;;;;;;;;;;;;;;;;;;;;;;
R_MultiAge_CarnivalBonus18e;Gran Ponte - Lv. 5;Grand Bridge - Lv. 5;9fe6c7088;;;;4x3;1.5;;16080;;2;;;;;;;;;;;;143600;56700;480;;;;;;;;;;;;;;;;;;;;;;;;;;;;;;;;;;
R_MultiAge_CarnivalBonus18f;Gran Ponte - Lv. 6;Grand Bridge - Lv. 6;3cbb6c092;;;;4x3;1.5;;16780;;2;;;;;5;;;;;;;149300;59000;600;;;;;;;;;;;;;;;;;;;;;;;;;;;;;;;;;;
R_MultiAge_CarnivalBonus18g;Gran Ponte - Lv. 7;Grand Bridge - Lv. 7;3d1c974a8;1;;;4x3;1.5;;17480;;3;;;;;5;;;;;;;155000;61200;720;;;;;;;;;;;;;;;;;;;;;;;;;;;;;;;;;;
R_MultiAge_CarnivalBonus19a;Liv. 1 - Case della Piazza;Lv. 1 - Piazza Homes;70442b898;;;;2x3;1;5760;;;1;;;;;4;;;;;;;31600;;;;;;;;;;;;;;;;;;;;;;;;;;;;;;;;;;;;
R_MultiAge_CarnivalBonus19b;Liv. 2 - Case della Piazza;Lv. 2 - Piazza Homes;e61681fcb;;;;2x3;1;7200;;;2;;;;;8;;;;;;;43100;;;;;;;;;;;;;;;;;;;;;;;;;;;;;;;;;;;;
R_MultiAge_CarnivalBonus19c;Liv. 1 - Caffè della Piazza;Lv. 1 - Piazza Café;9ef209966;;;;3x2;1;3168;;;1;;;;;;;;;;;;57400;;;;;;;;;;;;;;;;;;;;;;;;;;;;;;;;;;;;
R_MultiAge_CarnivalBonus19d;Liv. 2 - Caffè della Piazza;Lv. 2 - Piazza Café;55799b0f8;;;;3x2;1;4320;;;2;;;;;;;;;;;;71800;;;;;;;;;;;;;;;;;;;;;;;;;;;;;;;;;;;;
R_MultiAge_ChristmasBonus1;Capanna di legno;Log Cabin;ea7f44179;1;;;3x3;1.5;1728;;;3;;;;;;;;;;;;73210;;;;;;;;;;;;;;;;;;;;;;;;;;;;;;;;;;;;
R_MultiAge_ChristmasBonus2;Sfera Innevata;Snow Globe;f43e90a65;1;;;2x3;1;576;;;;;;;;;;;;;;;413760;;;;;;;;;;;;;;;;;;;;;;;;;;;;;;;;;;;;
R_MultiAge_ChristmasBonus3;Casetta di pan di zenzero;Gingerbread House;8f302d6c5;1;;;3x2;1;3;5240;;;;;;;;;;;;;;107670;;;;;;;;;;;;;;;;;;;;;;;;;;;;;;;;;;;;
R_MultiAge_CleopatraBonus18;Giardino dell’obelisco;Obelisk Garden;7dd673330;1;;;2x2;1;96;;;1;;;;;;;;;;;;32420;;;;;;;;;;;;;;;;;;;;;;;;;;;;;;;;;;;;
R_MultiAge_CulturalBuilding10a;Minareto - Liv. 1;Minaret - Lv. 1;47f6f65ce;;;;2x2;1;;;;1;;;;;1;;;;;;;20100;21200;;;;;;;;;;;;;;;;;;;;;;;;;;;;;;;;;;;
R_MultiAge_CulturalBuilding10b;Minareto - Liv. 2;Minaret - Lv. 2;695e2e472;;;;2x2;1;;;;2;;;;;2;;;;;;;21100;21900;;;;;;;;;;;;;;;;;;;;;;;;;;;;;;;;;;;
R_MultiAge_CulturalBuilding10c;Minareto - Liv. 3;Minaret - Lv. 3;b953c5165;;;;2x2;1;;;;3;;;;;3;;;;;;;22000;22700;;;;;;;;;;;;;;;;;;;;;;;;;;;;;;;;;;;
R_MultiAge_CulturalBuilding10d;Minareto - Liv. 4;Minaret - Lv. 4;fd6e5ad65;1;;;2x2;1;;;;3;;;;;5;;;;;;;23000;23400;;;;;;;;;;;;;;;;;;;;;;;;;;;;;;;;;;;
R_MultiAge_CulturalBuilding2a;Pietra runica maggiore - Liv. 1;Greater Runestone - Lv. 1;78bdcfcf7;;;;2x2;1;;;;1;;;;;;;;;;;;21100;;;;;;;;;;;;;;;;;;;;;;;;;;;;;;;;;;;;
R_MultiAge_CulturalBuilding2b;Pietra runica maggiore - Liv. 2;Greater Runestone - Lv. 2;9318720ef;;;;2x2;1;;;;1;;;;;1;;;;;;;23000;;;;;;;;;;;;;;;;;;;;;;;;;;;;;;;;;;;;
R_MultiAge_CulturalBuilding2c;Pietra runica maggiore - Liv. 3;Greater Runestone - Lv. 3;5bea616c9;;;;2x2;1;;;;1;;;;;1;;;;;;;24900;;120;;;;;;;;;;;;;;;;;;;;;;;;;;;;;;;;;;
R_MultiAge_CulturalBuilding2d;Pietra runica maggiore - Liv. 4;Greater Runestone - Lv. 4;361f7b66c;;;;2x2;1;;;;1;;;;;1;;;;;;;26800;;120;;2;;;;;;;;;;;;;;;;;;;;;;;;;;;;;;;;
R_MultiAge_CulturalBuilding2e;Pietra runica maggiore - Liv. 5;Greater Runestone - Lv. 5;9578af1eb;1;;;2x2;1;;;;2;;;;;1;;;;;;;28700;;120;;2;;;;;;;;;;;;;;;;;;;;;;;;;;;;;;;;
R_MultiAge_CulturalBuilding4a;Dojo eterno - Liv. 1;Timeless Dojo - Lv. 1;d6a312993;;;;3x3;1.5;;;;1;;;;;;;;;;;;43100;;;;;;;;;;;;;;;;;;;;;;;;;;;;;;;;;;;;
R_MultiAge_CulturalBuilding4b;Dojo eterno - Liv. 2;Timeless Dojo - Lv. 2;d437a67c8;;;;3x3;1.5;;;;1;;;;;2;;;;;;;51700;;;;;;;;;;;;;;;;;;;;;;;;;;;;;;;;;;;;
R_MultiAge_CulturalBuilding4c;Dojo eterno - Liv. 3;Timeless Dojo - Lv. 3;83c4c8e4b;;;;3x3;1.5;;;;2;;;;;2;;;;;;;60300;;;;;;;;;;;;;;;;;;;;;;;;;;;;;;;;;;;;
R_MultiAge_CulturalBuilding4d;Dojo eterno - Liv. 4;Timeless Dojo - Lv. 4;953238cad;;;;3x3;1.5;;;;2;;;;;5;;;;;;;68900;;;;;;;;;;;;;;;;;;;;;;;;;;;;;;;;;;;;
R_MultiAge_CulturalBuilding4e;Dojo eterno - Liv. 5;Timeless Dojo - Lv. 5;dff6a6cbd;1;;;3x3;1.5;;;;4;;;1;;5;;;;;;;77500;;270;;;;;;;;;;;;;;;;;;;;;;;;;;;;;;;;;;
R_MultiAge_CulturalBuilding5a;Obelisco antico - Liv. 1;Ancient Obelisk - Lv. 1;c8e5a97b9;;;;2x2;1;;;;1;;;;;;;;;;;;21100;;;;;2;;;;;;;;;;;;;;;;;;;;;;;;;;;;;;;
R_MultiAge_CulturalBuilding5b;Obelisco antico - Liv. 2;Ancient Obelisk - Lv. 2;867737335;;;;2x2;1;;;;2;;;;;;;;;;;;25800;;;;;2;;;;;;;;;;;;;;;;;;;;;;;;;;;;;;;
R_MultiAge_CulturalBuilding5c;Obelisco antico - Liv. 3;Ancient Obelisk - Lv. 3;878ce0935;;;;2x2;1;;;;2;;;;;;;;;;;;30600;;;;;4;;;;;;;;;;;;;;;;;;;;;;;;;;;;;;;
R_MultiAge_CulturalBuilding5d;Obelisco antico - Liv. 4;Ancient Obelisk - Lv. 4;08cf6b9bf;1;;;2x2;1;;;;2;;;;;4;;;;;;;35400;;;;;6;;;;;;;;;;;;;;;;;;;;;;;;;;;;;;;
R_MultiAge_CulturalBuilding8a;Statua di giada - Liv. 1;Jade Statue - Lv. 1;4665caee1;;;;2x2;1;;;;1;;;;;1;;;;;;;26800;;;;;;;;;;;;;;;;;;;;;;;;;;;;;;;;;;;;
R_MultiAge_CulturalBuilding8b;Statua di giada - Liv. 2;Jade Statue - Lv. 2;eee97aa3f;;;;2x2;1;;;;2;;;;;2;;;;;;;30600;;;;;;;;;;;;;;;;;;;;;;;;;;;;;;;;;;;;
R_MultiAge_CulturalBuilding8c;Statua di giada - Liv. 3;Jade Statue - Lv. 3;86e871710;;;;2x2;1;;;;2;;;;;3;;;;;;5;34500;;;;;;;;;;;;;;;;;;;;;;;;;;;;;;;;;;;;
R_MultiAge_CulturalBuilding8d;Statua di giada - Liv. 4;Jade Statue - Lv. 4;438e2b13c;;;;2x2;1;;;;3;;;;;4;;;;;;5;38300;;;;;;;;;;;;;;;;;;;;;;;;;;;;;;;;;;;;
R_MultiAge_CulturalBuilding8e;Statua di giada - Liv. 5;Jade Statue - Lv. 5;29f457a3f;1;;;2x2;1;;;;3;;;;;5;;;;;;10;42100;;;;;;;;;;;;;;;;;;;;;;;;;;;;;;;;;;;;
R_MultiAge_DoyleBonus17;La Tenuta del Lord;The Lord's Manor;c3ea525e7;;;;4x4;2;9118;;;2;;;;;;;;;;;;153010;;;;;;;;;;;;;;;;;;;;;;;;;;;;;;;;;;;;
R_MultiAge_EasterBonus16;Santuario dell'ispirazione;Shrine of Inspiration;4ae3fffc4;1;;;3x3;1.5;216;;1;;;;;;;;;;;;;43065;;;;;;;;;;;;;;;;;;;;;;;;;;;;;;;;;;;;
R_MultiAge_EasterBonus5;Santuario della conoscenza;Shrine of Knowledge;d7553656d;1;;;2x2;1;96;;;1;;;;;;;;;;;;47850;;;;;;;;;;;;;;;;;;;;;;;;;;;;;;;;;;;;
R_MultiAge_EasterBonus5b;Santuario della conoscenza - Liv. 2;Shrine of Knowledge - Lv. 2;820661b5c;1;;;2x2;1;1152;;;2;;;;;;;;;;;;68900;;;;;;;;;;;;;;;;;;;;;;;;;;;;;;;;;;;;
R_MultiAge_EasterBonus6;Santuario dell'Ammirazione;Shrine of Awe;04f5e726e;1;;;2x2;1;96;;;;;;;;;;;;;;;47850;;440;;;;;;;;;;;;;;;;;;;;;;;;;;;;;;;;;;
R_MultiAge_EinsteinBonus17;Piazza degli scacchi;Checkmate Square;6dc6cf596;1;;;3x3;1.5;3888;;;;;;;;;;;;;;;51680;;;;12;;;;;;;;;;;;;;;;;;;;;;;;;;;;;;;;
R_MultiAge_Expedition16a;Piazza tribale;Tribal Square;86100450d;;;;4x3;1.5;2016;;;;;;;;5;;;;;;;66030;;;;;;;;;;;;;;;;;;;;;;;;;;;;;;;;;;;;
R_MultiAge_Expedition16b;Guardia del cielo sacra;Sacred Sky Watch;0791ad983;;;;3x2;1;144;;;1;;;;;;;;;;;;71780;;;;;;;;;;;;;;;;;;;;;;;;;;;;;;;;;;;;
R_MultiAge_Expedition16c;Piazza tribale - Liv. 2;Tribal Square - Lv. 2;9977c608d;1;;;4x3;1.5;2362;;;;;;;;10;;;;;;;67760;;;;;;;;;;;;;;;;;;;;;;;;;;;;;;;;;;;;
R_MultiAge_Expedition16d;Guardia del cielo sacra - Liv. 2;Sacred Sky Watch - Lv. 2;ff9dd3a87;1;;;3x2;1;202;;;2;;;;;;;;;;;;95600;;;;;;;;;;;;;;;;;;;;;;;;;;;;;;;;;;;;
R_MultiAge_Expedition16e;Guardia del cielo divina;Divine Sky Watch;fddcaccef;1;;;3x2;1;202;;;5;;;;;;;;;;;;95600;;;;4;4;;;;;;;;;;;;;;;;;;;;;;;;;;;;;;;
R_MultiAge_Expedition22a;Statua del Serpente piumato - Liv. 1;Feathered Serpent Statue - Lv. 1;5e8809ba2;;;;3x2;1;5;;;3;;;;;;;;;;;;95600;;;;5;5;;;;;;;;;;;;;;;;;;;;;;;;;;;;;;;
R_MultiAge_Expedition22b;Statua del Serpente piumato - Liv. 2;Feathered Serpent Statue - Lv. 2;feda0a31c;;;;3x2;1;5;;;6;;;;;;;;;;;;95600;;;;10;10;;;;;;;;;;;;;;;;;;;;;;;;;;;;;;;
R_MultiAge_Expedition22c;Statua del Serpente piumato - Liv. 3;Feathered Serpent Statue - Lv. 3;bf7f73012;1;;;3x2;1;5;;;10;;;;;;;;;;;;95600;;;;15;15;;;;;;;;;;;;;;;;;;;;;;;;;;;;;;;
R_MultiAge_Expedition22dSilver;Statua del Serpente Piumato Argento;Silver Feathered Serpent Statue;2a7cf5f8a;1;;;3x2;1;5;;;35;;;;;;;;;;;;191210;;;;80;80;;;;;;;;;;;;;;;;;;;;;;;;;;;;;;;
R_MultiAge_Expedition22eGold;Statua del Serpente piumato Oro;Gold Feathered Serpent Statue;d9987d25b;1;;;3x2;1;5;;;55;;;;;;;;;;;;382420;;;;95;95;;;;;;;;;;;;;;;;;;;;;;;;;;;;;;;
R_MultiAge_Expedition22fPlatinum;Statua del Serpente Piumato Platino;Platinum Feathered Serpent Statue;2c6d770af;1;;;3x2;1;5;;;70;;;;;;;;;;;;570180;;;;113;113;;;;;;;;;;;;;;;;;;;;;;;;;;;;;;;
R_MultiAge_FallBonus18;Foresta d'autunno;Forest of Fall;7545a464d;1;;;2x2;1;960;;;;;;;;;;;;;;;36400;;232;;;;;;;;;;;;;;;;;;;;;;;;;;;;;;;;;;
R_MultiAge_FallBonus18a;Mulino d'autunno - Liv. 1;Mill of Fall - Lv. 1;9928612c7;;;;3x3;1.5;432;;;;;;;;;;;;;;;68900;;;;;;;;;;;;;;;;;;;;;;;;;;;;;;;;;;;;
R_MultiAge_FallBonus18b;Mulino d'autunno - Liv. 2;Mill of Fall - Lv. 2;724b1803a;;;;3x3;1.5;648;;;;;;;;;;;;;;;73200;8390;;;;;;;;;;;;;;;;;;;;;;;;;;;;;;;;;;;
R_MultiAge_FallBonus18c;Mulino d'autunno - Liv. 3;Mill of Fall - Lv. 3;5ab32534b;;;;3x3;1.5;1080;;;;;;;;;;;;;;;77500;8910;360;;;;;;;;;;;;;;;;;;;;;;;;;;;;;;;;;;
R_MultiAge_FallBonus18d;Mulino d'autunno - Liv. 4;Mill of Fall - Lv. 4;8c875d0a7;;;;3x3;1.5;1728;;;;;;;;3;;;;;;;81800;9440;450;;;;;;;;;;;;;;;;;;;;;;;;;;;;;;;;;;
R_MultiAge_FallBonus18e;Mulino d'autunno - Liv. 5;Mill of Fall - Lv. 5;8b3ed3b0d;;;;3x3;1.5;2160;;;1;;;;;3;;;;;;;86100;9960;522;;;;;;;;;;;;;;;;;;;;;;;;;;;;;;;;;;
R_MultiAge_FallBonus18f;Mulino d'autunno - Liv. 6;Mill of Fall - Lv. 6;59a764169;;;;3x3;1.5;2592;;;1;;;;;5;;;;;;;90400;10490;585;;;;;;;;;;;;;;;;;;;;;;;;;;;;;;;;;;
R_MultiAge_FallBonus18gaqueous;Mulino d'autunno acquoso;Aqueous Mill of Fall;10adca4d7;1;;;3x3;1.5;3024;;;1;;;;;10;;;;;;;94700;15730;720;;;;;;;;;;;;;;;;;;;;;;;;;;;;;;;;;;
R_MultiAge_FallBonus18gcolorful;Mulino d'autunno variopinto;Colorful Mill of Fall;d662f1d01;1;;;3x3;1.5;3024;;;3;;;;;5;;;;;;;120600;11530;720;;;;;;;;;;;;;;;;;;;;;;;;;;;;;;;;;;
R_MultiAge_FallBonus18gsunflower;Mulino d'autunno con girasoli;Sunflower Mill of Fall;295abaccc;1;;;3x3;1.5;3024;;;2;;;;;7;;;;;;;94700;11530;1980;;;;;;;;;;;;;;;;;;;;;;;;;;;;;;;;;;
R_MultiAge_FallBonus19a;Cottage di Settembre - Liv. 1;September Cottage - Lv. 1;c3d4861fa;;;;3x4;1.5;10940;;;;;;;;;;;;;;;126300;;;;;;;;;;;;;;;;;;;;;;;;;;;;;;;;;;;;
R_MultiAge_FallBonus19b;Cottage di Settembre - Liv. 2;September Cottage - Lv. 2;42541c8c4;;;;3x4;1.5;11520;;;1;;;;;;;;;;;;132100;13980;;;;;;;;;;;;;;;;;;;;;;;;;;;;;;;;;;;
R_MultiAge_FallBonus19c;Cottage di Settembre - Liv. 3;September Cottage - Lv. 3;2c7f30559;;;;3x4;1.5;12100;;;1;;;;;;;;;;;;137800;14680;;;;;;;;;;;;;;;;;;;;;;;;;;;;;;;;;;;
R_MultiAge_FallBonus19d;Cottage di Settembre - Liv. 4;September Cottage - Lv. 4;10025a61d;;;;3x4;1.5;12670;;;2;;;;;;;;;;;;143600;15380;;;;;;;;;;;;;;;;;;;;;;;;;;;;;;;;;;;
R_MultiAge_FallBonus19e;Cottage di Settembre - Liv. 5;September Cottage - Lv. 5;5d02b6c07;;;;3x4;1.5;13250;;;2;;;;;;;;;;;;149300;16080;;;;;;;;;;;;;;;;;;;;;;;;;;;;;;;;;;;
R_MultiAge_FallBonus19f;Cottage di Settembre - Liv. 6;September Cottage - Lv. 6;5f92dea60;;;;3x4;1.5;13820;;;3;;;;;;;;;;;;155000;16780;;;;;;;;;;;;;;;;;;;;;;;;;;;;;;;;;;;
R_MultiAge_FallBonus19gApple;Il Cottage Appleton;The Appleton Cottage;308bb1683;1;;;3x4;1.5;14400;;;4;;;;;;;;;;;;160800;17480;;;14;;;19;;;;;;;;;;;;;;;;;;;;;;;;;;;;;
R_MultiAge_FallBonus19gFlower;Il Cottage Flowerly;The Flowerly Cottage;5c669343b;1;;;3x4;1.5;14400;;;6;;;;;;;;;;;;160800;17480;;;;;;;;;;;;;;;;;;;;;;;;;;;;;;;;;;;
R_MultiAge_FallBonus19gPond;Il Cottage Pond;The Ponds Cottage;d538c0eae;1;;;3x4;1.5;14400;;;4;;;;;15;;;;;;;160800;17480;;;;;;;;;;;;;;;;;;;;;;;;;;;;;;;;;;;
R_MultiAge_FallBonus20a;Granaio - Liv. 1;Harvest Barn - Lv. 1;4a22a94c9;;;;4x3;1.5;6048;9090;;1;;;;;;;;;;;;91900;;;;;;;;;;;;;;;;;;;;;;;;;;;;;;;;;;;;
R_MultiAge_FallBonus20b;Granaio - Liv. 2;Harvest Barn - Lv. 2;2a4d39e50;;;;4x3;1.5;6336;11180;;2;;;;;5;;;;;;;106200;;;;;;;;;;;;;;;;;;;;;;;;;;;;;;;;;;;;
R_MultiAge_FallBonus20c;Granaio - Liv. 3;Harvest Barn - Lv. 3;b775f0a90;;;;4x3;1.5;6912;13280;;3;;;;;25;;;;;;;126300;;;;;;;;;;;;;;;;;;;;;;;;;;;;;;;;;;;;
R_MultiAge_FallBonus20d;Granaio - Liv. 4;Harvest Barn - Lv. 4;9500a5381;1;;;4x3;1.5;7488;15380;;12;;;;;35;;;;;;;143600;;;;;;;;;;;;;;;;;;;;;;;;;;;;;;;;;;;;
R_MultiAge_FallBonus20e;Piantagione di girasoli;Sunflower Patch;3b44d3c6f;;;;3x2;1;3600;6990;;3;;;;;;;;;;;;54600;;;;;;;;;;;;;;;;;;;;;;;;;;;;;;;;;;;;
R_MultiAge_GalileoBonus17;Torre della Meridiana;Sundial Spire;21ed21149;1;;;2x3;1;144;;;1;;;;;;;;;;;;57420;;;;;;;9;;;;;;;;;;;;;;;;;;;;;;;;;;;;;
R_MultiAge_HalloweenBonus18;Soglia oscura;Dark Doorway;13b4df9f4;1;;;3x3;1.5;3154;;;3;;;;;;;;;;;;72950;;;;;;;;;;;;;;;;;;;;;;;;;;;;;;;;;;;;
R_MultiAge_HalloweenBonus20a;Casa degli orrori - Liv. 1;House of Horrors - Lv. 1;842ecd50d;;;;3x4;1.5;5818;-1400;;;;;;;;;;;;;;103400;;;;;;;;;;;;;;;;;;;;;;;;;;;;;;;;;;;;
R_MultiAge_HalloweenBonus20b;Casa degli orrori - Liv. 2;House of Horrors - Lv. 2;8ff2789be;;;;3x4;1.5;5933;-1400;;;;;;;;;;;;;;114800;14680;;;;;;;;;;;;;;;;;;;;;;;;;;;;;;;;;;;
R_MultiAge_HalloweenBonus20c;Casa degli orrori - Liv. 3;House of Horrors - Lv. 3;da8d2987b;;;;3x4;1.5;6048;-1400;;;;;;;1;;;;;;;126300;16080;;;;;;;;;;;;;;;;;;;;;;;;;;;;;;;;;;;
R_MultiAge_HalloweenBonus20d;Casa degli orrori - Liv. 4;House of Horrors - Lv. 4;e697f1a65;;;;3x4;1.5;6221;-1400;;1;;;;;2;;;;;;;137800;17480;;;;;;;;;;;;;;;;;;;;;;;;;;;;;;;;;;;
R_MultiAge_HalloweenBonus20e;Casa degli orrori - Liv. 5;House of Horrors - Lv. 5;dde153c66;;;;3x4;1.5;6451;-1400;;2;;;;;3;;;;;;;149300;18870;;;;;;;;;;;;;;;;;;;;;;;;;;;;;;;;;;;
R_MultiAge_HalloweenBonus20f;Casa degli orrori - Liv. 6;House of Horrors - Lv. 6;9e89e5ee5;;;;3x4;1.5;6682;-1400;;3;;;;;4;;;;;;;160800;20270;;;;8;;;;;;;;;;;;;;;;;;;;;;;;;;;;;;;
R_MultiAge_HalloweenBonus20gClown;Casa del clown;House of the Clown;ddccc0fb1;1;;;3x4;1.5;6912;-1400;;4;;;;;15;;;;;;;172300;23770;;;;16;;;;;;;;;;;;;;;;;;;;;;;;;;;;;;;
R_MultiAge_HalloweenBonus20gDemon;Casa del demone;House of the Demon;a17019f7f;1;;;3x4;1.5;6912;-1400;;6;;;;;5;;;;;;;172300;22370;;;;16;;;;;;;;;;;;;;;;;;;;;;;;;;;;;;;
R_MultiAge_HalloweenBonus20gWolf;Casa del lupo;House of the Wolf;9429b79bc;1;;;3x4;1.5;6912;-1400;;4;;;;;5;;;;;;;172300;21670;;;16;16;;;;;;;;;;;;;;;;;;;;;;;;;;;;;;;
R_MultiAge_HalloweenBonus4;Casa Stregata;Haunted House;903b2df2f;1;;;2x2;1;;-2330;;;;;;;;;;;;;;105270;;;;;;;;;;;;;;;;;;;;;;;;;;;;;;;;;;;;
R_MultiAge_HalloweenBonusSet21a;Scivolo a spirale - Liv. 1;Helter Skelter - Lv. 1;6d524deb0;;;;3x3;1.5;;-1050;;3;;;;;5;;;;;;;64600;;;;;;;;;;;;;;;;;;;;;;;;;;;;;;;;;;;;
R_MultiAge_HalloweenBonusSet21b;Scivolo a spirale - Liv. 2;Helter Skelter - Lv. 2;d7b963667;;;;3x3;1.5;;-1050;;6;;;;;10;;;;;;;77500;;;;;;;;;;;;;;;;;;;;;;;;;;;;;;;;;;;;
R_MultiAge_HalloweenBonusSet21c;Città dei clown - Liv. 1;Clown Town - Lv. 1;93ff784b8;;;;5x2;1;;-2330;;1;;;;;5;;;;;;;81400;;;;;;;;;;;;;;;;;;;;;;;;;;;;;;;;;;;;
R_MultiAge_HalloweenBonusSet21d;Città dei clown - Liv. 2;Clown Town - Lv. 2;9df7a165f;;;;5x2;1;;-2330;;2;;;;;15;;;;;;;90900;;;;;;;;;;;;;;;;;;;;;;;;;;;;;;;;;;;;
R_MultiAge_HeroBonus22pass;Fanciulle dei fiori;Flower Maidens;1aa573e7a;1;;;2x2;1;6720;4660;;3;;;;;;;;;;;;28700;;;;;9;;;;;;;;;;;;;;;;;;;;;;;;;;;;;;;
R_MultiAge_NapoleonBonus18;Portale reale di marmo;Royal Marble Gateway;b629aeb10;1;;;3x2;1;3168;3168;;;;;;;;;;;;;;72960;;;;9;;;;;;;;;;;;;;;;;;;;;;;;;;;;;;;;
R_MultiAge_ParksBonus17;Cascata Reale;Royal Cascade;4f519bd8b;1;;;3x4;1.5;2880;2880;;;;;;;7;;;;;;;97600;;;;;;;;;;;;;;;;;;;;;;;;;;;;;;;;;;;;
R_MultiAge_PatrickBonusSet20a;Porta della luna - Liv. 1;Moon Gate - Lv. 1;ed59af839;;;;4x3;1.5;11520;;;3;;;;;5;;;;;;;63200;;;;;;;;;;;;;;;;;;;;;;;;;;;;;;;;;;;;
R_MultiAge_PatrickBonusSet20b;Porta della luna - Liv. 2;Moon Gate - Lv. 2;702d248e2;;;;4x3;1.5;14400;;;8;;;;;10;;;;;;;86100;;;;;;;;;;;;;;;;;;;;;;;;;;;;;;;;;;;;
R_MultiAge_PatrickBonusSet20c;Anelli fatati - Liv. 1;Faery Rings - Lv. 1;bcb62bba4;;;;3x3;1.5;4752;;;2;;;;;5;;;;;;;86100;;;;;;;;;;;;;;;;;;;;;;;;;;;;;;;;;;;;
R_MultiAge_PatrickBonusSet20d;Anelli fatati - Liv. 2;Faery Rings - Lv. 2;bda661f20;;;;3x3;1.5;6480;;;4;;;;;10;;;;;;;107700;;;;;;;;;;;;;;;;;;;;;;;;;;;;;;;;;;;;
R_MultiAge_RoyalBonusSet17a;Statua del Re;King Statue;810d82f0e;;;;2x2;1;;;;1;;;;;;;;;;;;42110;;;;;;;;;;;;;;;;;;;;;;;;;;;;;;;;;;;;
R_MultiAge_RoyalBonusSet17b;Statua della Regina;Queen Statue;cfe049bdd;;;;2x2;1;;;;1;;;;;5;;;;;;;42110;;;;;;;;;;;;;;;;;;;;;;;;;;;;;;;;;;;;
R_MultiAge_SacajaweaBonus18;Serraglio;Menagerie;29b292ddc;1;;;4x5;2;10560;;;;;;;;25;;;;;;;162080;;;;;;;;;;;;;;;;;;;;;;;;;;;;;;;;;;;;
R_MultiAge_ShakespeareBonus18;Teatro all’aperto;Open Air Theater;;1;;;4x4;2;7680;;;;;;;;;;;;;;;114840;;480;;;;;;;;;;;;;;;;;;;;;;;;;;;;;;;;;;
R_MultiAge_SoccerBonus19a;Giardino dell’altare - Lv. 1;Altar Garden - Lv. 1;e7f3dd0b5;;;;3x2;1;3168;4660;;;;;;;;;;;;;;40200;;;;;;;;;;;;;;;;;;;;;;;;;;;;;;;;;;;;
R_MultiAge_SoccerBonus19b;Giardino dell’altare - Lv. 2;Altar Garden - Lv. 2;ee614578e;;;;3x2;1;3456;5130;;;;;;;;;;;;;;43100;5590;;;;;;;;;;;;;;;;;;;;;;;;;;;;;;;;;;;
R_MultiAge_SoccerBonus19c;Giardino dell’altare - Lv. 3;Altar Garden - Lv. 3;5f0ffd378;;;;3x2;1;3744;5590;;;;;;;;;;;;;;45900;5940;;;;;;;;;;;;;;;;;;;;;;;;;;;;;;;;;;;
R_MultiAge_SoccerBonus19d;Giardino dell’altare - Lv. 4;Altar Garden - Lv. 4;08d6c8d17;;;;3x2;1;4032;6060;;1;;;;;;;;;;;;48800;6470;;;;;;;;;;;;;;;;;;;;;;;;;;;;;;;;;;;
R_MultiAge_SoccerBonus19eAphrodite;Altare di Afrodite;Altar of Aphrodite;8321bc627;1;;;3x2;1;4320;6520;;1;;;;;;;;;;;;51700;6990;1470;;;;;;;;;;;;;;;;;;;;;;;;;;;;;;;;;;
R_MultiAge_SoccerBonus19eArtemis;Altare di Artemide;Altar of Artemis;9c6b53a5c;1;;;3x2;1;4320;6520;;1;;;;;;;;;;;;51700;6990;;;8;;;;;;;;;;;;;;;;;;;;;;;;;;;;;;;;
R_MultiAge_SoccerBonus19eAthena;Altare di Atena;Altar of Athena;506c9a9b2;1;;;3x2;1;4320;6520;;3;;;;;;;;;;;;51700;6990;;;;;;;;;;;;;;;;;;;;;;;;;;;;;;;;;;;
R_MultiAge_SoccerBonus19eDemeter;Altare di Demetra;Altar of Demeter;a8c387ef4;1;;;3x2;1;4320;6520;;1;;;;;;;;;;;;114800;13980;;;;;;;;;;;;;;;;;;;;;;;;;;;;;;;;;;;
R_MultiAge_SoccerBonus19eHera;Altare di Era;Altar of Hera;e32527e81;1;;;3x2;1;4320;6520;;1;;;;;12;;;;;;;51700;6990;;;;;;;;;;;;;;;;;;;;;;;;;;;;;;;;;;;
R_MultiAge_SoccerBonus19eHestia;Altare di Estia;Altar of Hestia;e1c7a4bf6;1;;;3x2;1;4320;6520;1;1;;;;;;;;;;;;51700;6990;;;;;;;;;;;;;;;;;;;;;;;;;;;;;;;;;;;
R_MultiAge_SoccerBonus21a;Abbazia di Athlon - Liv. 1;Athlon Abbey - Lv. 1;655496c80;;;;5x4;2;10560;15150;;;;;;;;;;;;;;143600;;;;;;;;;;;;;;;;;;;;;;;;;;;;;;;;;;;;
R_MultiAge_SoccerBonus21b;Abbazia di Athlon - Liv. 2;Athlon Abbey - Lv. 2;b3dece57c;;;;5x4;2;11040;16190;;;;;;;;;;;;;;167500;16310;;;;;;;;;;;;;;;;;;;;;;;;;;;;;;;;;;;
R_MultiAge_SoccerBonus21c;Abbazia di Athlon - Liv. 3;Athlon Abbey - Lv. 3;abfd9100b;;;;5x4;2;11520;16890;;;;;;;;;;;;;;186600;23300;1200;;;;;;;;;;;;;;;;;;;;;;;;;;;;;;;;;;
R_MultiAge_SoccerBonus21d;Abbazia di Athlon - Liv. 4;Athlon Abbey - Lv. 4;8131764fa;;;;5x4;2;12000;17940;;2;;;;;;;;;;;;201000;25630;1400;;;;;;;;;;;;;;;;;;;;;;;;;;;;;;;;;;
R_MultiAge_SoccerBonus21e;Abbazia di Athlon - Liv. 5;Athlon Abbey - Lv. 5;58f7a63b6;;;;5x4;2;12480;19460;;3;;;;;;;;;;;;224900;27960;1600;;;;;;;;;;;;;;;;;;;;;;;;;;;;;;;;;;
R_MultiAge_SoccerBonus21f;Abbazia di Athlon - Liv. 6;Athlon Abbey - Lv. 6;37afc5d10;;;;5x4;2;12960;20040;;4;;;;;5;;;;;;;244000;30290;1800;;;;;;;;;;;;;;;;;;;;;;;;;;;;;;;;;;
R_MultiAge_SoccerBonus21g;Abbazia di Athlon - Liv. 7;Athlon Abbey - Lv. 7;a9c2dc6a1;;;;5x4;2;13920;21670;;5;;;;;10;;;;;;;258400;32620;2000;;;;;;;;;;;;;;;;;;;;;;;;;;;;;;;;;;
R_MultiAge_SoccerBonus21h;Abbazia di Athlon - Liv. 8;Athlon Abbey - Lv. 8;1d562c212;;;;5x4;2;15168;23300;;6;;;;;15;;;;;;;277500;34950;2200;;;;;18;;;;;;;;;;;;;;;;;;;;;;;;;;;;;
R_MultiAge_SoccerBonus21i;Abbazia di Athlon - Liv. 9;Athlon Abbey - Lv. 9;7b7c7f0b1;;;;5x4;2;15936;24700;;8;;;;;20;;;;;;;296700;37280;2500;;;;;24;;;;;;;;;;;;;;;;;;;;;;;;;;;;;
R_MultiAge_SoccerBonus21j;Abbazia di Athlon - Liv. 10;Athlon Abbey - Lv. 10;2b376f539;1;;;5x4;2;17280;25630;;11;;;;;25;;;;;;;325400;41940;3000;;;;30;32;;;;;;;;;;;;;;;;;;;;;;;;;;;;;
R_MultiAge_SoccerBonus21k;Athlon Abbey azzurra;Azure Athlon Abbey;379166f5a;1;;;5x4;2;18624;26560;;22;;;;;50;;;;;;;354100;46600;3500;;29;;40;42;;;;;;;;;;;;;;;;;;;;;;;;;;;;;
R_MultiAge_SportBonus17;Alloggi degli Atleti;Athlete Living Quarters;8894198c7;1;;;3x4;1.5;2300;;;;;;;;5;;;;;;;103400;;;;;;;7;;;;;;;;;;;;;;;;;;;;;;;;;;;;;
R_MultiAge_SportBonus17a;Pilastro degli Eroi - Lv. 1;Pillar of Heroes - Lv. 1;1bb6e7941;;;;3x3;1.5;;;;;;;;;;;;;;;;81800;32300;;;;;;;;;;;;;;;;;;;;;;;;;;;;;;;;;;;
R_MultiAge_SportBonus17b;Pilastro degli Eroi - Lv. 2;Pillar of Heroes - Lv. 2;068e2f882;;;;3x3;1.5;;;;1;;;;;;;;;;;;86100;34000;;;;;;;;;;;;;;;;;;;;;;;;;;;;;;;;;;;
R_MultiAge_SportBonus17c;Pilastro degli Eroi - Lv. 3;Pillar of Heroes - Lv. 3;7be230e48;;;;3x3;1.5;;;;1;;;;;;;;;;;;90400;35700;180;;;;;;;;;;;;;;;;;;;;;;;;;;;;;;;;;;
R_MultiAge_SportBonus17d;Pilastro degli Eroi - Lv. 4;Pillar of Heroes - Lv. 4;90803581b;;;;3x3;1.5;;;;1;;;;;3;;;;;;;94700;37400;225;;;;;;;;;;;;;;;;;;;;;;;;;;;;;;;;;;
R_MultiAge_SportBonus17e;Pilastro degli Eroi - Lv. 5;Pillar of Heroes - Lv. 5;c52a8edc6;;;;3x3;1.5;;;;2;;;;;3;;;;;;;99100;39100;270;;;;;;;;;;;;;;;;;;;;;;;;;;;;;;;;;;
R_MultiAge_SportBonus17f;Pilastro degli Eroi - Lv. 6;Pillar of Heroes - Lv. 6;aa1e6a08a;;;;3x3;1.5;;;;2;;;;;6;;;;;;;103400;40800;315;;;;;;;;;;;;;;;;;;;;;;;;;;;;;;;;;;
R_MultiAge_SportBonus17g;Pilastro degli Eroi - Lv. 7;Pillar of Heroes - Lv. 7;ccebe6701;1;;;3x3;1.5;;;;3;;;;;6;;;;;;;107700;42500;360;;;;;;;;;;;;;;;;;;;;;;;;;;;;;;;;;;
R_MultiAge_SportBonus18;Tenuta degli sfidanti;Contestants' Estate;95e9485f9;1;;;3x2;1;1150;;;;;;;;;;;;;;;51700;;180;;3;;;;;;;;;;;;;;;;;;;;;;;;;;;;;;;;
R_MultiAge_SportBonus18a;Tholos degli Idoli - Liv. 1;Tholos of Idols - Lv. 1;1d2e397a8;;;;4x4;2;;14910;;;;;;;;;;;;;;137800;;;;;;;;;;;;;;;;;;;;;;;;;;;;;;;;;;;;
R_MultiAge_SportBonus18b;Tholos degli Idoli - Liv. 2;Tholos of Idols - Lv. 2;10971afb1;;;;4x4;2;;15840;;;;;;;;;;;;;;145500;51400;;;;;;;;;;;;;;;;;;;;;;;;;;;;;;;;;;;
R_MultiAge_SportBonus18c;Tholos degli Idoli - Liv. 3;Tholos of Idols - Lv. 3;cb9119c3c;;;;4x4;2;;16780;;;;;;;;;;;;;;153100;54400;160;;;;;;;;;;;;;;;;;;;;;;;;;;;;;;;;;;
R_MultiAge_SportBonus18d;Tholos degli Idoli - Liv. 4;Tholos of Idols - Lv. 4;1011a01c8;;;;4x4;2;;17710;;1;;;;;;;;;;;;160800;57500;320;;;;;;;;;;;;;;;;;;;;;;;;;;;;;;;;;;
R_MultiAge_SportBonus18e;Tholos degli Idoli - Liv. 5;Tholos of Idols - Lv. 5;4620687ec;;;;4x4;2;;18640;;1;;;;;5;;;;;;;168400;60500;480;;;;;;;;;;;;;;;;;;;;;;;;;;;;;;;;;;
R_MultiAge_SportBonus18f;Tholos degli Idoli - Liv. 6;Tholos of Idols - Lv. 6;498d98bed;;;;4x4;2;;19570;;2;;;;;5;;;;;;;176100;63500;640;;;;;;;;;;;;;;;;;;;;;;;;;;;;;;;;;;
R_MultiAge_SportBonus18g;Tholos degli Idoli - Liv. 7;Tholos of Idols - Lv. 7;50c84994e;;;;4x4;2;;20500;;2;;;;;10;;;;;;;183700;66500;800;;;;;;;;;;;;;;;;;;;;;;;;;;;;;;;;;;
R_MultiAge_SportBonus18h;Tholos degli Idoli - Liv. 8;Tholos of Idols - Lv. 8;42e2fd903;;;;4x4;2;;21440;;3;;;;;10;;;;;;;191400;69600;960;;;;;;;;;;;;;;;;;;;;;;;;;;;;;;;;;;
R_MultiAge_SportBonus18i;Tholos degli Idoli - Liv. 9;Tholos of Idols - Lv. 9;a6d3edfd9;;;;4x4;2;;22370;;3;;;;;15;;;;;;;199100;72600;1120;;;;;;;;;;;;;;;;;;;;;;;;;;;;;;;;;;
R_MultiAge_SportBonus18j;Tholos degli Idoli - Liv. 10;Tholos of Idols - Lv. 10;f4df12919;1;;;4x4;2;;23300;;4;;;;;15;;;;;;;206700;75600;1280;;;;;;;;;;;;;;;;;;;;;;;;;;;;;;;;;;
R_MultiAge_SportBonus19a;Colosso - Lv. 1;Colossus - Lv. 1;509002696;;;;4x4;2;1536;;;;;;;;;;;;;;;118700;;;;;;;;;;;;;;;;;;;;;;;;;;;;;;;;;;;;
R_MultiAge_SportBonus19b;Colosso - Lv. 2;Colossus - Lv. 2;7f42d44ec;;;;4x4;2;2304;;;;;;;;;;;;;;;122500;;858;;;;;;;;;;;;;;;;;;;;;;;;;;;;;;;;;;
R_MultiAge_SportBonus19c;Colosso - Lv. 3;Colossus - Lv. 3;1e0312afb;;;;4x4;2;3072;;;1;;;;;;;;;;;;126300;;858;;;;;;;;;;;;;;;;;;;;;;;;;;;;;;;;;;
R_MultiAge_SportBonus19d;Colosso - Lv. 4;Colossus - Lv. 4;582715532;;;;4x4;2;3840;;;1;;;;;;;;;;;;130200;;858;;12;;;;;;;;;;;;;;;;;;;;;;;;;;;;;;;;
R_MultiAge_SportBonus19e;Colosso - Lv. 5;Colossus - Lv. 5;f5d0479ac;;;;4x4;2;4608;;;2;;;;;;;;;;;;134000;;858;;12;;;;;;;;;;;;;;;;;;;;;;;;;;;;;;;;
R_MultiAge_SportBonus19f;Colosso - Lv. 6;Colossus - Lv. 6;9f0f1313a;;;;4x4;2;5376;;;2;;;;;;;;;;;;137800;;1715;;12;;;;;;;;;;;;;;;;;;;;;;;;;;;;;;;;
R_MultiAge_SportBonus19g;Colosso - Lv. 7;Colossus - Lv. 7;7cf6071e4;;;;4x4;2;6144;;;3;;;;;;;;;;;;141600;;1715;;12;;;;;;;;;;;;;;;;;;;;;;;;;;;;;;;;
R_MultiAge_SportBonus19h;Colosso - Lv. 8;Colossus - Lv. 8;4aca4b1a2;;;;4x4;2;6912;;;4;;;;;;;;;;;;145500;;1715;;12;;;;;;;;;;;;;;;;;;;;;;;;;;;;;;;;
R_MultiAge_SportBonus19i;Colosso - Lv. 9;Colossus - Lv. 9;b0fda1253;;;;4x4;2;7680;;;4;;;;;;;;;;;;149300;;1715;;16;;;;;;;;;;;;;;;;;;;;;;;;;;;;;;;;
R_MultiAge_SportBonus19j;Colosso - Lv. 10;Colossus - Lv. 10;7df68d45c;1;;;4x4;2;8448;;;6;;;;;;;;;;;;153100;;1715;;16;;;;;;;;;;;;;;;;;;;;;;;;;;;;;;;;
R_MultiAge_SportBonus20a;Tesoreria olimpica - Liv. 1;Olympic Treasury - Lv. 1;7ae1efb7a;;;;4x5;2;9600;14210;;;;;;;;;;;;;;119600;13980;;;;;;;;;;;;;;;;;;;;;;;;;;;;;;;;;;;
R_MultiAge_SportBonus20b;Tesoreria olimpica - Liv. 2;Olympic Treasury - Lv. 2;11eed28e0;;;;4x5;2;10560;15150;;;;;;;5;;;;;;;143600;16310;;;;;;;;;;;;;;;;;;;;;;;;;;;;;;;;;;;
R_MultiAge_SportBonus20c;Tesoreria olimpica - Liv. 3;Olympic Treasury - Lv. 3;e6766fbeb;;;;4x5;2;11040;16190;;1;;;;;5;;;;;;;167500;18640;;;;;;;;;;;;;;;;;;;;;;;;;;;;;;;;;;;
R_MultiAge_SportBonus20d;Tesoreria olimpica - Liv. 4;Olympic Treasury - Lv. 4;39008214b;;;;4x5;2;11520;16890;;2;;;;;10;;;;;;;186600;20970;;;;;;;;;;;;;;;;;;;;;;;;;;;;;;;;;;;
R_MultiAge_SportBonus20e;Tesoreria olimpica - Liv. 5;Olympic Treasury - Lv. 5;5e15ceebb;;;;4x5;2;12000;17940;;3;;;;;10;;;;;;;201000;23300;;;;;;;;;;;;;;;;;;;;;;;;;;;;;;;;;;;
R_MultiAge_SportBonus20f;Tesoreria olimpica - Liv. 6;Olympic Treasury - Lv. 6;fef1b1c32;;;;4x5;2;12480;19460;;4;;;;;15;;;;;;;224900;25630;;;;;;;;;;;;;;;;;;;;;;;;;;;;;;;;;;;
R_MultiAge_SportBonus20g;Tesoreria olimpica - Liv. 7;Olympic Treasury - Lv. 7;a5d7b0a1d;;;;4x5;2;12960;20040;;5;;;;;15;;;;;;;244000;27960;;;;;;;;;;;;;;;;;;;;;;;;;;;;;;;;;;;
R_MultiAge_SportBonus20h;Tesoreria olimpica - Liv. 8;Olympic Treasury - Lv. 8;324f3d2b8;;;;4x5;2;13920;21670;;6;;;;;20;;;;;;;258400;30290;;;;;;;;;;;;;;;;;;;;;;;;;;;;;;;;;;;
R_MultiAge_SportBonus20i;Tesoreria olimpica - Liv. 9;Olympic Treasury - Lv. 9;43b1f1e44;;;;4x5;2;14880;23300;;7;;;;;20;;;;;;;277500;32620;;;;;;;;;;;;;;;;;;;;;;;;;;;;;;;;;;;
R_MultiAge_SportBonus20j;Tesoreria olimpica - Liv. 10;Olympic Treasury - Lv. 10;1571772cf;1;;;4x5;2;15840;24930;;8;;;;;25;;;;;;;301500;34950;;;;30;;;;;;;;;;;;;;;;;;;;;;;;;;;;;;;
R_MultiAge_SportBonusSet18;Patio Giardino classico;Classical Garden Patio;c11cbe950;;;;2x2;1;;;;;;;;;3;;;;;;;38280;;;;;;;;;;;;;;;;;;;;;;;;;;;;;;;;;;;;
R_MultiAge_SpringBonus17a;Pagoda - Liv. 1;Pagoda - Lv. 1;2fddb8eb8;;;;4x4;2;4238;4238;;;;;;;;;;;;;;119950;;;;;;;;;;;;;;;;;;;;;;;;;;;;;;;;;;;;
R_MultiAge_SpringBonus17b;Pagoda - Liv. 2;Pagoda - Lv. 2;688810bf8;;;;4x4;2;5376;5376;;;;;;;;;;;;;;130150;13980;;;;;;;;;;;;;;;;;;;;;;;;;;;;;;;;;;;
R_MultiAge_SpringBonus17c;Pagoda - Liv. 3;Pagoda - Lv. 3;4a7659166;;;;4x4;2;6144;6144;;;;;;;;;;;;;;137810;14910;640;;;;;;;;;;;;;;;;;;;;;;;;;;;;;;;;;;
R_MultiAge_SpringBonus17d;Pagoda - Liv. 4;Pagoda - Lv. 4;ca7ab3412;;;;4x4;2;6912;6912;;;;;;;5;;;;;;;145460;15840;640;;;;;;;;;;;;;;;;;;;;;;;;;;;;;;;;;;
R_MultiAge_SpringBonus17e;Pagoda - Liv. 5;Pagoda - Lv. 5;a4b09736c;;;;4x4;2;7680;7680;;1;;;;;5;;;;;;;153120;16780;640;;;;;;;;;;;;;;;;;;;;;;;;;;;;;;;;;;
R_MultiAge_SpringBonus17f;Pagoda - Liv. 6;Pagoda - Lv. 6;8d17d14ad;;;;4x4;2;8448;8448;;2;;;;;10;;;;;;;160780;17710;640;;;;;;;;;;;;;;;;;;;;;;;;;;;;;;;;;;
R_MultiAge_SpringBonus17gBlue;Pagoda d'acqua;Water Pagoda;d270f284d;1;;;4x4;2;9216;9216;;3;;;;;20;;;;;;;168430;18640;640;;;;;;;;;;;;;;;;;;;;;;;;;;;;;;;;;;
R_MultiAge_SpringBonus17gGreen;Pagoda di terra;Earth Pagoda;0d679f5b7;1;;;4x4;2;9216;9216;;5;;;;;10;;;;;;;168430;18640;640;;;;;;;;;;;;;;;;;;;;;;;;;;;;;;;;;;
R_MultiAge_SpringBonus17gRed;Pagoda di fuoco;Fire Pagoda;dacd283a0;1;;;4x4;2;9216;9216;;3;;;;;10;;;;;;;168430;18640;640;;14;;;14;;;;;;;;;;;;;;;;;;;;;;;;;;;;;
R_MultiAge_SpringBonus20a;Ponte Hanami - Liv. 1;Hanami Bridge - Lv. 1;0b0fff895;;;;4x6;2;11520;15100;;;;;;;;;;;;;;195200;;;;;;;;;;;;;;;;;;;;;;;;;;;;;;;;;;;;
R_MultiAge_SpringBonus20b;Ponte Hanami - Liv. 2;Hanami Bridge - Lv. 2;a70ec6ddb;;;;4x6;2;16704;18170;;;;;;;;;;;;;;218200;;720;;;;;;;;;;;;;;;;;;;;;;;;;;;;;;;;;;
R_MultiAge_SpringBonus20c;Ponte Hanami - Liv. 3;Hanami Bridge - Lv. 3;656027a8f;;;;4x6;2;17626;20970;;2;;;;;;;;;;;;246900;;1200;;;;;;;;;;;;;;;;;;;;;;;;;;;;;;;;;;
R_MultiAge_SpringBonus20d;Ponte Hanami - Liv. 4;Hanami Bridge - Lv. 4;98d6b7ead;;;;4x6;2;18490;23490;;2;;;;;5;;;;;;;272800;;1440;;;;;;;;;;;;;;;;;;;;;;;;;;;;;;;;;;
R_MultiAge_SpringBonus20e;Ponte Hanami - Liv. 5;Hanami Bridge - Lv. 5;d2b1bb960;;;;4x6;2;19469;25860;;4;;;;;5;;;;;;;298600;;1680;;;;;;;;;;;;;;;;;;;;;;;;;;;;;;;;;;
R_MultiAge_SpringBonus20f;Ponte Hanami - Liv. 6;Hanami Bridge - Lv. 6;884718385;;;;4x6;2;20160;28520;;4;;;;;10;;;;;;;327300;;1920;;;;;;;;;;;;;;;;;;;;;;;;;;;;;;;;;;
R_MultiAge_SpringBonus20g;Ponte Hanami - Liv. 7;Hanami Bridge - Lv. 7;59fe263b4;;;;4x6;2;21197;30760;;6;;;;;10;;;;;;;344500;;2160;;;;;;;;;;;;;;;;;;;;;;;;;;;;;;;;;;
R_MultiAge_SpringBonus20hMikawa;Ponte Mikawa;Mikawa Bridge;97df4051b;1;;;4x6;2;21888;33550;;10;;;;;25;;;;;;;401900;;2400;;;;;;;;;;;;;;;;;;;;;;;;;;;;;;;;;;
R_MultiAge_SpringBonus20hMikoto;Ponte Mikoto;Mikoto Bridge;bc55aef25;1;;;4x6;2;21888;33550;;7;;;;;15;;;;;;;379000;;2880;;;;28;;;;;;;;;;;;;;;;;;;;;;;;;;;;;;
R_MultiAge_SpringBonus21a;Mulino Suishun - Liv. 1;Suishun Mill - Lv. 1;07b5adec0;;;;4x5;2;10560;15150;;;;;;;;;;;;;;143600;;;;;;;;;;;;;;;;;;;;;;;;;;;;;;;;;;;;
R_MultiAge_SpringBonus21b;Mulino Suishun - Liv. 2;Suishun Mill - Lv. 2;20b42fde9;;;;4x5;2;11040;16190;;;;;;;;;;;;;;167500;20970;1200;;;;;;;;;;;;;;;;;;;;;;;;;;;;;;;;;;
R_MultiAge_SpringBonus21c;Mulino Suishun - Liv. 3;Suishun Mill - Lv. 3;0e3102ec1;;;;4x5;2;11520;16890;;;;;;;5;;;;;;;186600;23300;1400;;;;;;;;;;;;;;;;;;;;;;;;;;;;;;;;;;
R_MultiAge_SpringBonus21d;Mulino Suishun - Liv. 4;Suishun Mill - Lv. 4;116ad4d47;;;;4x5;2;12000;17940;;1;;;;;5;;;;;;;201000;25630;1600;;;;;;;;;;;;;;;;;;;;;;;;;;;;;;;;;;
R_MultiAge_SpringBonus21e;Mulino Suishun - Liv. 5;Suishun Mill - Lv. 5;7e8c921f0;;;;4x5;2;12480;19460;;3;;;;;10;;;;;;;224900;27960;1800;;;;;;;;;;;;;;;;;;;;;;;;;;;;;;;;;;
R_MultiAge_SpringBonus21f;Mulino Suishun - Liv. 6;Suishun Mill - Lv. 6;ff5de7ca7;;;;4x5;2;12960;20040;;5;;;;;10;;;;;;;244000;30290;2000;;;;;;;;;;;;;;;;;;;;;;;;;;;;;;;;;;
R_MultiAge_SpringBonus21g;Mulino Suishun - Liv. 7;Suishun Mill - Lv. 7;56219aa8f;;;;4x5;2;13920;21670;;7;;;;;15;;;;;;;258400;32620;2200;;;;;;;;;;;;;;;;;;;;;;;;;;;;;;;;;;
R_MultiAge_SpringBonus21h;Mulino Suishun - Liv. 8;Suishun Mill - Lv. 8;624d6c41a;;;;4x5;2;14880;23300;;9;;;;;20;;;;;;;277500;34950;2400;;;;;;;;;;;;;;;;;;;;;;;;;;;;;;;;;;
R_MultiAge_SpringBonus21i;Mulino Suishun - Liv. 9;Suishun Mill - Lv. 9;cb411ca34;1;;;4x5;2;15840;24930;;11;;;;;25;;;;;;;301500;37280;2600;;;;;;;;;;;;;;;;;;;;;;;;;;;;;;;;;;
R_MultiAge_SpringBonusSet17a;Lv. 1 - Zona zen;Lv. 1 - Zen Zone;0ae974e94;;;;3x2;1;;;;1;;;;;5;;;;;;;50240;;;;;;;;;;;;;;;;;;;;;;;;;;;;;;;;;;;;
R_MultiAge_SpringBonusSet17b;Lv. 1 - Ingresso dell’imperatore;Lv. 1 - Emperor's Entrance;15208a07f;;;;3x2;1;;;;1;;;;;;;;;;;;57390;;;;;;;;;;;;;;;;;;;;;;;;;;;;;;;;;;;;
R_MultiAge_SpringBonusSet18a;Lv. 2 - Zona zen;Lv. 2 - Zen Zone;29f1e5658;;;;3x2;1;;;;1;;;;;10;;;;;;;71780;;;;;;;;;;;;;;;;;;;;;;;;;;;;;;;;;;;;
R_MultiAge_SpringBonusSet18b;Lv. 2 - Ingresso dell’imperatore;Lv. 2 - Emperor's Entrance;d9d7805cd;;;;3x2;1;;;;2;;;;;;;;;;;;86130;;;;;;;;;;;;;;;;;;;;;;;;;;;;;;;;;;;;
R_MultiAge_SummerBonus1;Capanna di paglia;Straw Hut;805420d3d;1;;;2x2;1;960;;;;;;;;;;;;;;;65100;;;;;;;;;;;;;;;;;;;;;;;;;;;;;;;;;;;;
R_MultiAge_SummerBonus15;Ziggurat;Ziggurat;44fc01acb;1;;;3x3;1.5;5184;5184;;;;;;;;;;;;;;372000;;;;;;;;;;;;;;;;;;;;;;;;;;;;;;;;;;;;
R_MultiAge_SummerBonus15b;Caravanserraglio;Caravansary;7c05ab4ea;1;;;4x5;2;960;;;;;;;;5;;;;;;;47850;;1000;;;;;;;;;;;;;;;;;;;;;;;;;;;;;;;;;;
R_MultiAge_SummerBonus16;Casa sul palo;Pole House;38868b858;1;;;4x3;1.5;7;9790;;;;;;;;;;;;;;66030;;600;;;;;;;;;;;;;;;;;;;;;;;;;;;;;;;;;;
R_MultiAge_SummerBonus16b;Capanno da pesca;Fishing Hut;69036cea4;1;;;4x4;2;2304;;;;;;;;5;;;;;;;57420;;;;;;;;;;;;;;;;;;;;;;;;;;;;;;;;;;;;
R_MultiAge_SummerBonus18;Barca arenata;Stranded Boat;a86b7ada2;1;;;4x2;1;1536;;;;;;;;;;;;;;;68900;;400;;;;;;;;;;;;;;;;;;;;;;;;;;;;;;;;;;
R_MultiAge_SummerBonus18a;La nave - Liv. 1;The Ship - Lv. 1;fe3e545a4;;;;7x3;1.5;1008;;;;;;;;;;;;;;;160800;19570;;;;;;;;;;;;;;;;;;;;;;;;;;;;;;;;;;;
R_MultiAge_SummerBonus18b;La nave - Liv. 2;The Ship - Lv. 2;4c1150968;;;;7x3;1.5;2016;;;;;;;;;;;;;;;170800;20800;840;;;;;;;;;;;;;;;;;;;;;;;;;;;;;;;;;;
R_MultiAge_SummerBonus18c;La nave - Liv. 3;The Ship - Lv. 3;b7779ea67;;;;7x3;1.5;3024;;;1;;;;;;;;;;;;180900;22020;1050;;;;;;;;;;;;;;;;;;;;;;;;;;;;;;;;;;
R_MultiAge_SummerBonus18d;La nave - Liv. 4;The Ship - Lv. 4;6d1ff9704;;;;7x3;1.5;4032;;;1;;;;;5;;;;;;;190900;23240;1260;;;;;;;;;;;;;;;;;;;;;;;;;;;;;;;;;;
R_MultiAge_SummerBonus18e;La nave - Liv. 5;The Ship - Lv. 5;55c7782e2;;;;7x3;1.5;5040;;;2;;;;;5;;;;;;;201000;24470;1470;;;;;;;;;;;;;;;;;;;;;;;;;;;;;;;;;;
R_MultiAge_SummerBonus18f;La nave - Liv. 6;The Ship - Lv. 6;5f32607a7;;;;7x3;1.5;6048;;;2;;;;;10;;;;;;;211000;25690;1680;;;;;;;;;;;;;;;;;;;;;;;;;;;;;;;;;;
R_MultiAge_SummerBonus18gPirate;La nave pirata;The Pirate Ship;9ab8b04ff;1;;;7x3;1.5;7056;;;4;;;;;15;;;;;;;221100;26910;1890;;8;;;;;;;;;;;;;;;;;;;;;;;;;;;;;;;;
R_MultiAge_SummerBonus18gRoyal;La nave regale;The Royal Ship;af759724f;1;;;7x3;1.5;7056;;;6;;;;;10;;;;;;;221100;26910;1890;;;;;;;;;;;;;;;;;;;;;;;;;;;;;;;;;;
R_MultiAge_SummerBonus18gTrader;La nave mercantile;The Trader Ship;d43370697;1;;;7x3;1.5;7056;;;3;;;;;20;;;;;;;221100;26910;1890;;;;;;;;;;;;;;;;;;;;;;;;;;;;;;;;;;
R_MultiAge_SummerBonus19a;Il Nido del Corvo - Liv. 1;The Crow's Nest - Lv. 1;7a9959609;;;;5x5;2.5;14400;;;0.2;;;;;1;;;;;;;191400;;774;;;;;;;;;;;;;;;;;;;;;;;;;;;;;;;;;;
R_MultiAge_SummerBonus19b;Il Nido del Corvo - Liv. 2;The Crow's Nest - Lv. 2;0b82033f8;;;;5x5;2.5;15600;;;1.4;;;;;2;;;;;;;203400;;1276;;;;;;;;;;;;;;;;;;;;;;;;;;;;;;;;;;
R_MultiAge_SummerBonus19c;Il Nido del Corvo - Liv. 3;The Crow's Nest - Lv. 3;fadc137b7;;;;5x5;2.5;16800;;;2.75;;;;;3.75;;;;;;;215300;;2485;;;;;;;;;;;;;;;;;;;;;;;;;;;;;;;;;;
R_MultiAge_SummerBonus19d;Il Nido del Corvo - Liv. 4;The Crow's Nest - Lv. 4;425d30dd4;;;;5x5;2.5;18000;;;4;;;;;5;;;;;;;227300;;3620;;;;;;;;;;;;;;;;;;;;;;;;;;;;;;;;;;
R_MultiAge_SummerBonus19e;Il Nido del Corvo - Liv. 5;The Crow's Nest - Lv. 5;8fd0e8347;;;;5x5;2.5;19200;;;6.1;;;;;7.5;;;;;;;239300;;3967.5;;;;;;;;;;;;;;;;;;;;;;;;;;;;;;;;;;
R_MultiAge_SummerBonus19f;Il Nido del Corvo - Liv. 6;The Crow's Nest - Lv. 6;4cb1dd7f5;;;;5x5;2.5;20400;;;7.8;;;;;10.5;;;;;;;251200;;4357.5;;;;;;;;;;;;;;;;;;;;;;;;;;;;;;;;;;
R_MultiAge_SummerBonus19g;Il Nido del Corvo - Liv. 7;The Crow's Nest - Lv. 7;e4367ed77;;;;5x5;2.5;21600;;;10;;;;;16;;;;;;;263200;;4245;;;;;;;;;;;;;;;;;;;;;;;;;;;;;;;;;;
R_MultiAge_SummerBonus19h;Il Nido del Corvo - Liv. 8;The Crow's Nest - Lv. 8;a13ada255;1;;;5x5;2.5;22800;;;12.8;;;;;20;;;;;;;275100;;4650;1.25;;;;;;;;;;;;;;;;;;;;;;;;;;;;;;;;;
R_MultiAge_SummerBonus2;Oasi;Oasis;169591dac;1;;;3x4;1.5;2016;;;;;;;;5;;;;;;;66030;;;;;;;;;;;;;;;;;;;;;;;;;;;;;;;;;;;;
R_MultiAge_SummerBonusSetA17a;Palazzo del Maharaja;Maharaja's Palace;2ef5cd7f8;;;;4x4;2;;;;5;;;;;5;;;;;;;168430;;;;;;;;;;;;;;;;;;;;;;;;;;;;;;;;;;;;
R_MultiAge_SummerBonusSetA17b;Torre occidentale del palazzo;Western Palace Tower;d5b22a2a6;;;;2x2;1;;;;;;;;;5;;;;;;;34450;;;;;;;;;;;;;;;;;;;;;;;;;;;;;;;;;;;;
R_MultiAge_SummerBonusSetA17c;Torre orientale del palazzo;Eastern Palace Tower;e89944288;;;;2x2;1;;;;1;;;;;;;;;;;;34450;;;;;;;;;;;;;;;;;;;;;;;;;;;;;;;;;;;;
R_MultiAge_SummerBonusSetB17a;Chhatri commemorativo;Memorial Chhatri;5a97b692a;;;;1x1;0.5;;;;;;;;;;;;;;;;9570;;;;;;;;;;;;;;;;;;;;;;;;;;;;;;;;;;;;
R_MultiAge_SummerBonusSetB17b;Ingresso della fontana dell'elefante;Elephant Fountain Gate;cd76b8a1f;;;;1x3;0.5;;;;1;;;;;;;;;;;;28710;;;;;;;;;;;;;;;;;;;;;;;;;;;;;;;;;;;;
R_MultiAge_TourBonus17;Chiosco;Kiosk;359eff431;1;;;3x2;1;1;;;;;;;;5;;;;;;;43070;;;;;;;;;;;;;;;;;;;;;;;;;;;;;;;;;;;;
R_MultiAge_WinterBonus18;Casetta incantevole;Charming Cottage;5025ead5f;1;;;4x3;1.5;6912;;;;;;;;6;;;;;;;86130;;;;;;;;;;;;;;;;;;;;;;;;;;;;;;;;;;;;
R_MultiAge_WinterBonus18a;Guglia d'inverno - Lv. 1;Winter Spire - Lv. 1;005a4eb28;;;;4x4;2;1536;;;;;;;;;;;;;;;118700;;;;;;;;;;;;;;;;;;;;;;;;;;;;;;;;;;;;
R_MultiAge_WinterBonus18b;Guglia d'inverno - Lv. 2;Winter Spire - Lv. 2;05809a106;;;;4x4;2;2304;;;;;;;;;;;;;;;122500;14910;;;;;;;;;;;;;;;;;;;;;;;;;;;;;;;;;;;
R_MultiAge_WinterBonus18c;Guglia d'inverno - Lv. 3;Winter Spire - Lv. 3;f26deabf8;;;;4x4;2;3072;;;;;;;;5;;;;;;;126300;15380;;;;;;;;;;;;;;;;;;;;;;;;;;;;;;;;;;;
R_MultiAge_WinterBonus18d;Guglia d'inverno - Lv. 4;Winter Spire - Lv. 4;b0b9b7613;;;;4x4;2;3840;;;1;;;;;5;;;;;;;130200;15840;;;;;;;;;;;;;;;;;;;;;;;;;;;;;;;;;;;
R_MultiAge_WinterBonus18e;Guglia d'inverno - Lv. 5;Winter Spire - Lv. 5;9531e8a45;;;;4x4;2;4608;;;1;;;;;5;;;;;;;134000;16310;;;;;;12;;;;;;;;;;;;;;;;;;;;;;;;;;;;;
R_MultiAge_WinterBonus18f;Guglia d'inverno - Lv. 6;Winter Spire - Lv. 6;710f0bd8a;;;;4x4;2;5376;;;2;;;;;5;;;;;;;137800;16780;;;;;;12;;;;;;;;;;;;;;;;;;;;;;;;;;;;;
R_MultiAge_WinterBonus18g;Guglia d'inverno - Lv. 7;Winter Spire - Lv. 7;c7fed50d7;;;;4x4;2;6144;;;2;;;;;10;;;;;;;141600;17240;;;;;;12;;;;;;;;;;;;;;;;;;;;;;;;;;;;;
R_MultiAge_WinterBonus18h;Guglia d'inverno - Lv. 8;Winter Spire - Lv. 8;bb1d69123;;;;4x4;2;6912;;;3;;;;;10;;;;;;;145500;17710;;;;;;12;;;;;;;;;;;;;;;;;;;;;;;;;;;;;
R_MultiAge_WinterBonus18i;Guglia d'inverno - Lv. 9;Winter Spire - Lv. 9;5cc83a51f;;;;4x4;2;7680;;;3;;;;;10;;;;;;;149300;18170;;;;;;16;;;;;;;;;;;;;;;;;;;;;;;;;;;;;
R_MultiAge_WinterBonus18j;Guglia d'inverno - Lv. 10;Winter Spire - Lv. 10;6322b2b8a;;;;4x4;2;8448;;;4;;;;;10;;;;;;;153100;18640;;;;;;16;;;;;;;;;;;;;;;;;;;;;;;;;;;;;
R_MultiAge_WinterBonus18k;Guglia d'inverno - Lv. 11;Winter Spire - Lv. 11;8aa391a57;;;;4x4;2;9216;;;4;;;;;15;;;;;;;157000;19110;;;;;;16;;;;;;;;;;;;;;;;;;;;;;;;;;;;;
R_MultiAge_WinterBonus18l;Guglia d'inverno - Lv. 12;Winter Spire - Lv. 12;6a70e3ab7;1;;;4x4;2;9984;;;6;;;;;15;;;;;;;160800;19570;;;;;;16;;;;;;;;;;;;;;;;;;;;;;;;;;;;;
R_MultiAge_WinterBonus20a;Forno invernale - Lv. 1;Winter Bakery - Lv. 1;6279bc265;;;;3x5;1.5;12480;18990;;;;;;;;;;;;;;201900;;;;;;;;;;;;;;;;;;;;;;;;;;;;;;;;;;;;
R_MultiAge_WinterBonus20b;Forno invernale - Lv. 2;Winter Bakery - Lv. 2;de8253277;;;;3x5;1.5;12672;21440;;;;;;;;;;;;;;214400;27380;;;;;;;;;;;;;;;;;;;;;;;;;;;;;;;;;;;
R_MultiAge_WinterBonus20c;Forno invernale - Lv. 3;Winter Bakery - Lv. 3;f29f2be6d;;;;3x5;1.5;13056;23300;;1;;;;;;;;;;;;237300;29710;;;;;;;;;;;;;;;;;;;;;;;;;;;;;;;;;;;
R_MultiAge_WinterBonus20d;Forno invernale - Lv. 4;Winter Bakery - Lv. 4;a2e052aa2;;;;3x5;1.5;13632;25750;;2;;;;;5;;;;;;;252700;32040;;;;;;;;;;;;;;;;;;;;;;;;;;;;;;;;;;;
R_MultiAge_WinterBonus20e;Forno invernale - Lv. 5;Winter Bakery - Lv. 5;e5fe82b2c;;;;3x5;1.5;14400;28190;;4;;;;;5;;;;;;;272800;34950;;;;;;;;;;;;;;;;;;;;;;;;;;;;;;;;;;;
R_MultiAge_WinterBonus20fGingerbread;Forno di Pan di zenzero;Gingerbread Bakery;3652452ba;1;;;3x5;1.5;15360;30290;;5;;;;;5;;;;;;;296700;39610;;;;;20;;;;;;;;;;;;;;;;;;;;;;;;;;;;;;
R_MultiAge_WinterBonus20fLussebullar;Forno dei Lussebullar;Lussebullar Bakery;a14a495c8;1;;;3x5;1.5;15360;30290;;5;;;;;20;;;;;;;296700;39610;;;;;;;;;;;;;;;;;;;;;;;;;;;;;;;;;;;
R_MultiAge_WinterBonus20fMarzipan;Forno di Marzapane;Marzipan Bakery;751c4fe40;1;;;3x5;1.5;18048;30290;;8;;;;;5;;;;;;;296700;39610;;;;;;;;;;;;;;;;;;;;;;;;;;;;;;;;;;;
R_MultiAge_WinterBonus20fPatisserie;Forno di Macaron;Macaron Bakery;14a5fbbc0;1;;;3x5;1.5;15360;30290;;5;;;;;5;;;;;;;296700;39610;;;;;;20;;;;;;;;;;;;;;;;;;;;;;;;;;;;;
R_MultiAge_WinterBonus21a;Canale invernale - Liv. 1;Winter Canal - Lv. 1;88fba91da;;;;6x4;2;12672;19570;;;;;;;;;;;;;;137800;;;;;;;;;;;;;;;;;;;;;;;;;;;;;;;;;;;;
R_MultiAge_WinterBonus21b;Canale invernale - Liv. 2;Winter Canal - Lv. 2;d86e74790;;;;6x4;2;12787;20270;;;;;;;;;;;;;;160800;;;;;;;;;;;;;;;;;;;;;;;;;;;;;;;;;;;;
R_MultiAge_WinterBonus21c;Canale invernale - Liv. 3;Winter Canal - Lv. 3;3632a5311;;;;6x4;2;13018;20970;;;;;;;;;;;;;;183700;19570;;;;;;;;;;;;;;;;;;;;;;;;;;;;;;;;;;;
R_MultiAge_WinterBonus21d;Canale invernale - Liv. 4;Winter Canal - Lv. 4;ed9604b20;;;;6x4;2;13363;22370;;;;;;;;;;;;;;206700;26560;1200;;;;;;;;;;;;;;;;;;;;;;;;;;;;;;;;;;
R_MultiAge_WinterBonus21e;Canale invernale - Liv. 5;Winter Canal - Lv. 5;c0e81f9d7;;;;6x4;2;13824;23770;;1;;;;;;;;;;;;229700;27960;1440;;;;;;;;;;;;;;;;;;;;;;;;;;;;;;;;;;
R_MultiAge_WinterBonus21f;Canale invernale - Liv. 6;Winter Canal - Lv. 6;229edc555;;;;6x4;2;14515;25160;;2;;;;;;;;;;;;252700;29360;1680;;;;;;;;;;;;;;;;;;;;;;;;;;;;;;;;;;
R_MultiAge_WinterBonus21g;Canale invernale - Liv. 7;Winter Canal - Lv. 7;f3643c07c;;;;6x4;2;15437;26560;;3;;;;;;;;;;;;275600;30760;1920;;;;;;;;;;;;;;;;;;;;;;;;;;;;;;;;;;
R_MultiAge_WinterBonus21h;Canale invernale - Liv. 8;Winter Canal - Lv. 8;74e6b94ef;;;;6x4;2;16589;27960;;5;;;;;;;;;;;;298600;32160;2160;;;;;;;;;;;;;;;;;;;;;;;;;;;;;;;;;;
R_MultiAge_WinterBonus21i;Canale invernale - Liv. 9;Winter Canal - Lv. 9;991a71662;;;;6x4;2;17971;30760;;7;;;;;;;;;;;;321600;33550;2400;;;;;;;;;;;;;;;;;;;;;;;;;;;;;;;;;;
R_MultiAge_WinterBonus21jFestive;Canale festivo;Festive Canal;fccda6117;1;;;6x4;2;19584;33550;;12;;;;;;;;;;;;356000;41940;2880;;;32;;29;;;;;;;;;;;;;;;;;;;;;;;;;;;;;
R_MultiAge_WinterBonus21jJolie;Canale ridente;Jolie Canal;c715bbb0b;1;;;6x4;2;19584;33550;;9;;;;;;;;;;;;401900;36350;3840;;26;;32;;;;;;;;;;;;;;;;;;;;;;;;;;;;;;
R_MultiAge_WinterBonusSet17a;Chiosco dello zuccherificio;Sugar Baker's Booth;52497920c;;;;2x2;1;;;;1;;;;;;;;;;;;38280;;;;;;;;;;;;;;;;;;;;;;;;;;;;;;;;;;;;
R_MultiAge_WinterBonusSet17b;Prato di Moose;Moose Meadow;b4575a2cc;;;;2x3;1;;;;1;;;;;5;;;;;;;57420;;;;;;;;;;;;;;;;;;;;;;;;;;;;;;;;;;;;
R_MultiAge_WinterBonusSet17c;Chiosco del fabbricante di giocattoli;Toymaker's Booth;6c9adf905;;;;3x2;1;;;;1;;;;;5;;;;;;;57420;;;;;;;;;;;;;;;;;;;;;;;;;;;;;;;;;;;;
R_OceanicFuture_Residential1;Isola urbana;Urban Island;67f320585;;;;5x5;2.5;;;;;;;;;;;;;;;;;;;;;;;;;;;;;;;;;;;;;;;;;;;;;;;;;;;;
R_OceanicFuture_Residential2;Torre di avvistamento in mare;Seaview Tower;8bf5e19bd;;;;3x4;1.5;;;;;;;;;;;;;;;;;;;;;;;;;;;;;;;;;;;;;;;;;;;;;;;;;;;;
R_OceanicFuture_Residential3;Casa galleggiante;Floating House;236c7aa4b;;;;5x4;2;;;;;;;;;;;;;;;;;;;;;;;;;;;;;;;;;;;;;;;;;;;;;;;;;;;;
R_OceanicFuture_Residential4;Casa del pescatore;Fisherman's House;bdeb86496;;;;4x4;2;;;;;;;;;;;;;;;;;;;;;;;;;;;;;;;;;;;;;;;;;;;;;;;;;;;;
R_OceanicFuture_Residential5;Casa a Battello;Houseboat;dba43261d;;;;3x3;1.5;;;;;;;;;;;;;;;;;;;;;;;;;;;;;;;;;;;;;;;;;;;;;;;;;;;;
R_OceanicFuture_Residential6;Hotel subacqueo;Underwater Hotel;9ff794c20;;;;4x5;2;;;;;;;;;;;;;;;;;;;;;;;;;;;;;;;;;;;;;;;;;;;;;;;;;;;;
R_OceanicFuture_Residential7;Casa sul Ponte;Bridge House;6c4a771bd;;;;3x3;1.5;;;;;;;;;;;;;;;;;;;;;;;;;;;;;;;;;;;;;;;;;;;;;;;;;;;;
R_OceanicFuture_Residential8;Faro;Light House;7a9ee39ce;;;;4x3;1.5;;;;;;;;;;;;;;;;;;;;;;;;;;;;;;;;;;;;;;;;;;;;;;;;;;;;
R_PostModernEra_Residential1;Casa unifamiliare;Bungalow;40ae1f4ec;;;;3x3;1.5;;;;;;;;;;;;;;;;;;;;;;;;;;;;;;;;;;;;;;;;;;;;;;;;;;;;
R_PostModernEra_Residential2;Palazzina prefabbricata;Prefabricated High-Rise;890746852;;;;4x4;2;;;;;;;;;;;;;;;;;;;;;;;;;;;;;;;;;;;;;;;;;;;;;;;;;;;;
R_PostModernEra_Residential3;Casa bifamiliare;Duplex House;185b38137;;;;4x3;1.5;;;;;;;;;;;;;;;;;;;;;;;;;;;;;;;;;;;;;;;;;;;;;;;;;;;;
R_PostModernEra_Residential4;Loft;Loft House;26cc7513a;;;;3x4;1.5;;;;;;;;;;;;;;;;;;;;;;;;;;;;;;;;;;;;;;;;;;;;;;;;;;;;
R_ProgressiveEra_Residential1;Palazzina residenziale;High-Rise;c2f30fd65;;;;3x3;1.5;;;;;;;;;;;;;;;;;;;;;;;;;;;;;;;;;;;;;;;;;;;;;;;;;;;;
R_ProgressiveEra_Residential2;Condominio;Tenement House;610b88ba3;;;;3x3;1.5;;;;;;;;;;;;;;;;;;;;;;;;;;;;;;;;;;;;;;;;;;;;;;;;;;;;
R_ProgressiveEra_Residential3;Casa Popolare;Council House;490974de6;;;;3x3;1.5;;;;;;;;;;;;;;;;;;;;;;;;;;;;;;;;;;;;;;;;;;;;;;;;;;;;
R_ProgressiveEra_Residential4;Villa in stile Art Nouveau;Art Nouveau Mansion;b0299ff00;;;;3x3;1.5;;;;;;;;;;;;;;;;;;;;;;;;;;;;;;;;;;;;;;;;;;;;;;;;;;;;
R_SpaceAgeAsteroidBelt_Residential1;Residenza spaziale;Living Space Residence;03e62514f;;;;3x4;1.5;;;;;;;;;;;;;;;;;;;;;;;;;;;;;;;;;;;;;;;;;;;;;;;;;;;;
R_SpaceAgeAsteroidBelt_Residential2;Casa a bassa gravità;Low-Gravity Home;71072c26e;;;;2x3;1;;;;;;;;;;;;;;;;;;;;;;;;;;;;;;;;;;;;;;;;;;;;;;;;;;;;
R_SpaceAgeMars_Residential1;Dormitorio addestramento astronauti;Astronaut Training Dormitory;2b9483ded;;;;3x5;1.5;;;;;;;;;;;;;;;;;;;;;;;;;;;;;;;;;;;;;;;;;;;;;;;;;;;;
R_SpaceAgeMars_Residential2;Casa adattabile;Adaptive Home;0ae2b0718;;;;3x3;1.5;;;;;;;;;;;;;;;;;;;;;;;;;;;;;;;;;;;;;;;;;;;;;;;;;;;;
R_SpaceAgeSpaceHub_Residential1;Suite Cosmica;Cosmic Suite;b0a085869;;;;3x4;1.5;;;;;;;;;;;;;;;;;;;;;;;;;;;;;;;;;;;;;;;;;;;;;;;;;;;;
R_SpaceAgeSpaceHub_Residential2;Suite Galattica;Galactic Suite;caf256f1a;;;;3x2;1;;;;;;;;;;;;;;;;;;;;;;;;;;;;;;;;;;;;;;;;;;;;;;;;;;;;
R_SpaceAgeTitan_Residential1;Abitazione di ghiaccio;Ice Dwelling;efc7ff91e;;;;4x3;1.5;;;;;;;;;;;;;;;;;;;;;;;;;;;;;;;;;;;;;;;;;;;;;;;;;;;;
R_SpaceAgeTitan_Residential2;Villetta ghiacciata;Frost Dwelling;923950ed5;;;;3x2;1;;;;;;;;;;;;;;;;;;;;;;;;;;;;;;;;;;;;;;;;;;;;;;;;;;;;
R_SpaceAgeVenus_Residential1;Dimora gonfiabile;Inflatable Dwelling;c5049b70b;;;;3x4;1.5;;;;;;;;;;;;;;;;;;;;;;;;;;;;;;;;;;;;;;;;;;;;;;;;;;;;
R_SpaceAgeVenus_Residential2;Residenza Antigravità;Antigravity Residency;ebf0fe440;;;;2x3;1;;;;;;;;;;;;;;;;;;;;;;;;;;;;;;;;;;;;;;;;;;;;;;;;;;;;
R_StellarAgeDiscovery_Residential1;Capsula orbitale;Orbital Pod;a918b0203;;;;2x2;1;;;;;;;;;;;;;;;;;;;;;;;;;;;;;;;;;;;;;;;;;;;;;;;;;;;;
R_StoneAge_FakeIceAgeTownhall;Municipio;Town Hall;edd355594;;;;7x6;3;;;;;;;;;;;;;;;;;;;;;;;;;;;;;;;;;;;;;;;;;;;;;;;;;;;;
R_StoneAge_Fake_Townhall;Municipio;Town Hall;H_StoneAge_Townhall-b25799988;;;;7x6;3;;;;;;;;;;;;;;;;;;;;;;;;;;;;;;;;;;;;;;;;;;;;;;;;;;;;
R_StoneAge_Residential;Capanna;Hut;20c396aab;;;;2x2;1;;;;;;;;;;;;;;;;;;;;;;;;;;;;;;;;;;;;;;;;;;;;;;;;;;;;
R_TomorrowEra_Residential1;Hotel a capsule;Capsule Hotel;f4988d742;;;;4x3;1.5;;;;;;;;;;;;;;;;;;;;;;;;;;;;;;;;;;;;;;;;;;;;;;;;;;;;
R_TomorrowEra_Residential2;Dépendance;Annex;9d00aae84;;;;3x4;1.5;;;;;;;;;;;;;;;;;;;;;;;;;;;;;;;;;;;;;;;;;;;;;;;;;;;;
R_TomorrowEra_Residential3;Casa pod;Pod Home;fd6abc507;;;;1x1;0.5;;;;;;;;;;;;;;;;;;;;;;;;;;;;;;;;;;;;;;;;;;;;;;;;;;;;
R_TomorrowEra_Residential4;Palazzina residenziale terrazzata;Terraced High-Rise;3612546cd;;;;4x4;2;;;;;;;;;;;;;;;;;;;;;;;;;;;;;;;;;;;;;;;;;;;;;;;;;;;;
R_VirtualFuture_Residential1;Casa generazionale;Generational Home;d10a5ca47;;;;4x5;2;;;;;;;;;;;;;;;;;;;;;;;;;;;;;;;;;;;;;;;;;;;;;;;;;;;;
R_VirtualFuture_Residential2;Alloggio VR;VR Lodge;dc6c63110;;;;3x3;1.5;;;;;;;;;;;;;;;;;;;;;;;;;;;;;;;;;;;;;;;;;;;;;;;;;;;;
R_VirtualFuture_Residential3;Sala da tè;Tea House;7fa785acd;;;;4x4;2;;;;;;;;;;;;;;;;;;;;;;;;;;;;;;;;;;;;;;;;;;;;;;;;;;;;
R_VirtualFuture_Residential4;Dimora in VR modulare;Modular VR Dwelling;18315b987;;;;4x3;1.5;;;;;;;;;;;;;;;;;;;;;;;;;;;;;;;;;;;;;;;;;;;;;;;;;;;;
T_AllAge_EasterBonus1;Faro di guardia - Lv. 1;Watchfire - Lv. 1;ea0c585f6;;;;1x1;;;;;;;;;;;;;;;;;;;;;;;;4;;;;;;;;;;;;;;;;;;;;;;;;;;;;;
T_AllAge_EasterBonus1b;Faro di guardia - Lv. 2;Watchfire - Lv. 2;1ca8ef63c;1;;;1x1;;;;;;;;;;;;;;;;;;;;;;;;6;;;;;;;;;;;;;;;;;;;;;;;;;;;;;
T_AllAge_Expedition16;Fiamma rituale;Ritual Flame;a1feb2561;1;;;2x1;;;;;;;;;;;;;;;;;;;;;;;;8;;;;;;;;;;;;;;;;;;;;;;;;;;;;;
T_AllAge_Expedition16b;Fiamma rituale - Liv. 2;Ritual Flame - Lv. 2;0dbe04a5e;1;;;2x1;;;;;;;;;;;;;;;;;;;;;;;;12;;;;;;;;;;;;;;;;;;;;;;;;;;;;;
T_AllAge_Expedition16c;Fiamma rituale maggiore;Greater Ritual Flame;34b52d87d;1;;;2x1;;;;;;;;;;;;;;;;;;;;;;;7;7;;;;;;;;;;;;;;;;;;;;;;;;;;;;;
T_AllAge_SportBonus20a;Insediamento Sentinelle - Liv. 1;Sentinel Outpost - Lv. 1;c81db6d89;;;;1x1;;;;;;;;;;;;;;;;;;;;;;2;;;;;;;;;;;;;;;;;;;;;;;;;;;;;;;
T_AllAge_SportBonus20b;Insediamento Sentinelle - Liv. 2;Sentinel Outpost - Lv. 2;2cb579e6a;1;;;1x1;;;;;;;;;;;;;;;;;;;;;;4;;;;;;;;;;;;;;;;;;;;;;;;;;;;;;;
T_AllAge_WinterBonus19a;Torre dello stratega - Liv. 1;Tactician's Tower - Lv. 1;20bb30ff2;;;;1x1;;;;;;;;;;;;;;;;;;;;;;;2;;;;;;;;;;;;;;;;;;;;;;;;;;;;;;
T_AllAge_WinterBonus19b;Torre dello stratega - Liv. 2;Tactician's Tower - Lv. 2;a171b8391;1;;;1x1;;;;;;;;;;;;;;;;;;;;;;;4;;;;;;;;;;;;;;;;;;;;;;;;;;;;;;
T_EarlyMiddleAge_TowerBonus1;Monastero;Monastery;542d1ba8d;1;;;3x3;1.5;;;;;;;;;;;;;;;;;;;;;;;20;;;;;;;;;;;;;;;;;;;;;;;;;;;;;
T_MultiAge_SummerBonus1;Tana della Tigre;Tigers' Den;77e2339b6;1;;;3x3;1.5;;8130;;;;;;;;;;;;;;;;;;;;;5;;;;;;;;;;;;;;;;;;;;;;;;;;;;;
W_AllAge_CupBonus1;Torre della vittoria - Lv. 1;Victory Tower - Lv. 1;L_AllAge_CupBonus1-2b911bbae;;;23;1x1;;;;;;;;;;;;;;;;;;;107.1429;;;;;;;;;;;;;;;;;;;;;;;;;;;;;;;;;;
W_AllAge_CupBonus2;Torre della vittoria - Lv. 2;Victory Tower - Lv. 2;L_AllAge_CupBonus2-b6bc94c56;;;23;1x1;;;;;;;;;;;;;;;;;;;214.2857;;;;;;;;;;;;;;;;;;;;;;;;;;;;;;;;;;
W_AllAge_EasterBonus1;Pozzo dei desideri;Wishing Well;L_AllAge_EasterBonus1-fa5802182;1;;23;3x3;1.5;;;;0.2;;;;;0;;;;;;;22437.5;15387.5;76.5;0.5;;;;;;;;;;;;;;;;;;;;;;;;;;;;;;;;;
W_AllAge_EasterBonus1Small;Pozzo dei desideri piccolo;Little Wishing Well;L_AllAge_EasterBonus1Small-980fab3db;1;;23;3x2;1;;;;0.2;;;;;0;;;;;;;22437.5;15387.5;76.5;0.5;;;;;;;;;;;;;;;;;;;;;;;;;;;;;;;;;
W_AllAge_Expedition16;Fontana della giovinezza;Fountain of Youth;L_AllAge_Expedition16-f7760fea3;1;;23;3x3;1.5;;;;0.2;;;;;0;;;;;;;22437.5;15387.5;76.5;0.5;;;;;;;;;;;;;;;;;;;;;;;;;;;;;;;;;
W_AllAge_Expedition16Small;Fontana della giovinezza piccola;Little Fountain of Youth;L_AllAge_Expedition16Small-80488f54f;1;;23;3x2;1;;;;0.2;;;;;0;;;;;;;22437.5;15387.5;76.5;0.5;;;;;;;;;;;;;;;;;;;;;;;;;;;;;;;;;
W_AllAge_Expedition24Tiny;Fontana della giovinezza minuta;Tiny Fountain of Youth;L_AllAge_Expedition24Tiny-c97de4113;1;;23;2x2;1;;;;0.2;;;;;0;;;;;;;22437.5;15387.5;76.5;0.5;;;;;;;;;;;;;;;;;;;;;;;;;;;;;;;;;
W_AllAge_ShahBonus17;Labirinto di siepi;Hedge Maze;L_AllAge_ShahBonus17-eda9a6b9c;1;;23;5x4;2;;;;0.4;;;;;0;;;;;;;44875;30775;153;1;;;;;;;;;;;;;;;;;;;;;;;;;;;;;;;;;
W_MultiAge_ANNI23A1;Torre di congiunzione - Liv. 1;Tower of Conjunction - Lv. 1;ef1f0e5c0;;;19;3x7;;;;;;;;;;;;;;;;;;;4341;;;;;;;;;;;;;;;;;;;;;;;;;;;;;;;;;;
W_MultiAge_ANNI23A10;Torre di congiunzione - Liv. 10;Tower of Conjunction - Lv. 10;c898933f9;1;;19;3x7;;;;;11;;;;;22;;;;;;;;74993;6297;;23;;;;;;;;;;;;;;;;;;;;;;;;;;;;;;;;
W_MultiAge_ANNI23A11a;Torre reale di congiunzione;Royal Tower of Conjunction;e15b6eda1;1;;19;3x7;;;;;11;;;;;29;29;;;;;25;;119052;8682;;23;;;;;;;;;;;;;;;;;;;;;;;;;;;;;1;;;
W_MultiAge_ANNI23A11b;Torre cardinale di congiunzione;Cardinal Tower of Conjunction;3f949123e;1;;19;3x7;;;;;16;;;;;22;;;;;;;150857;79368;6513;;23;;;;;;;;;;;;;;;;;;;;;;;;;;;;;;1;;
W_MultiAge_ANNI23A11c;Torre fantasma di congiunzione;Phantom Tower of Conjunction;b160368a2;1;;19;3x7;;;;;11;;;;;22;;;;;;;;79368;6513;;36;29;27;28;;;;;;;;;;;;;;;;;;;;;;;;;;;;;
W_MultiAge_ANNI23A11d;Torre accademica di congiunzione;Scholar Tower of Conjunction;b3ab0eddc;1;;19;3x7;;12165;18492;6;11;;;6;;22;;;;;;;;79368;6513;;23;;;;;;;;;;;;;;;;;;;;;;;;;;;;;;;;
W_MultiAge_ANNI23A2;Torre di congiunzione - Liv. 2;Tower of Conjunction - Lv. 2;8a11021b7;;;19;3x7;;;;;;;;;;;;;;;;;;;4560;;;;;;;;;;;;;;;;;;;;;;;;;;;;;;;;;;
W_MultiAge_ANNI23A3;Torre di congiunzione - Liv. 3;Tower of Conjunction - Lv. 3;4f88adf6f;;;19;3x7;;;;;;;;;;;;;;;;;;47223;4776;;;;;;;;;;;;;;;;;;;;;;;;;;;;;;;;;;
W_MultiAge_ANNI23A4;Torre di congiunzione - Liv. 4;Tower of Conjunction - Lv. 4;93a4d9336;;;19;3x7;;;;;;;;;;;;;;;;;;51601;4992;;;;;;;;;;;;;;;;;;;;;;;;;;;;;;;;;;
W_MultiAge_ANNI23A5;Torre di congiunzione - Liv. 5;Tower of Conjunction - Lv. 5;46d54727b;;;19;3x7;;;;;3;;;;;;;;;;;;;55537;5211;;;;;;;;;;;;;;;;;;;;;;;;;;;;;;;;;;
W_MultiAge_ANNI23A6;Torre di congiunzione - Liv. 6;Tower of Conjunction - Lv. 6;4884d3449;;;19;3x7;;;;;4;;;;;;;;;;;;;59476;5427;;;;;;;;;;;;;;;;;;;;;;;;;;;;;;;;;;
W_MultiAge_ANNI23A7;Torre di congiunzione - Liv. 7;Tower of Conjunction - Lv. 7;6695ec46c;;;19;3x7;;;;;5;;;;;3;;;;;;;;63515;5646;;;;;;;;;;;;;;;;;;;;;;;;;;;;;;;;;;
W_MultiAge_ANNI23A8;Torre di congiunzione - Liv. 8;Tower of Conjunction - Lv. 8;07a8d53aa;;;19;3x7;;;;;6;;;;;5;;;;;;;;67454;5862;;;;;;;;;;;;;;;;;;;;;;;;;;;;;;;;;;
W_MultiAge_ANNI23A9;Torre di congiunzione - Liv. 9;Tower of Conjunction - Lv. 9;32cd97758;;;19;3x7;;;;;7;;;;;11;;;;;;;;71393;6078;;12;;;;;;;;;;;;;;;;;;;;;;;;;;;;;;;;
W_MultiAge_ANNI23B1;Laboratorio del mastro di chiavi - Liv. 1;Key Master's Workshop - Lv. 1;34f5153d3;;;19;3x2;1;-6951;-15833;;5;;;;;11;;;;;;;;;;;5;;6;;;;;;;;;;;;;;;;;;;;;;;;;;;;;;
W_MultiAge_ANNI23B2;Laboratorio del mastro di chiavi - Liv. 2;Key Master's Workshop - Lv. 2;c4ac6fa37;;;19;3x2;1;-9272;-21118;;6;;;;;14;;;;;;;;;;;7;;8;;;;;;;;;;;;;;;;;;;;;;;;;;;;;;
W_MultiAge_ANNI23B3;Laboratorio del mastro di chiavi - Liv. 3;Key Master's Workshop - Lv. 3;9bbba74af;;;19;3x2;1;-11586;-26410;;7;;;;;17;;;;;;;;;;;9;;10;;;;;;;;;;;;;;;;;;;;;;;;;;;;;;selection_kit_ANNI23A:1
W_MultiAge_ANNI23B4;Laboratorio del mastro di chiavi - Liv. 4;Key Master's Workshop - Lv. 4;c7e94c42b;1;;19;3x2;1;-13901;-31656;;8;;;;;20;;;;;;;;;;;11;;12;;;;;;;;;;;;;;;;;;;;;;;;;;;;;;selection_kit_ANNI23A:2
W_MultiAge_ANNI24A1;Stazione della Metro - Lv. 1;Metro Station - Lv. 1;d7e22099b;;;19;4x4;;8180;12260;;9;;;;;28;;;;;;;131120;;;;8;;10;;;;;;;;;;;;;;;;;;;;;;;;;;;;;;
W_MultiAge_ANNI24A10;Stazione della Metro - Lv. 10;Metro Station - Lv. 10;c52ff4466;1;;19;4x4;;16360;24520;;18;;;;;64;;;;;;55;299680;;15440;;20;;24;;16;;18;;12;;12;;;;;;;;;;;;;;;;;;;;;;selection_kit_ANNI24CD:1|silver_upgrade_kit_ANNI24A:5
W_MultiAge_ANNI24A11;Metro Plaza;Metro Plaza;149a730b1;1;;19;4x4;;17260;25880;;19;;;;;68;;;;;;60;318420;;17380;;20;;24;;18;;21;;14;;15;;;;;;;;;;;;;;;;;;;;;;golden_upgrade_kit_ANNI24A:5|selection_kit_ANNI24CD:2
W_MultiAge_ANNI24A12;Urban Metro Plaza;Urban Metro Plaza;c932de959;1;;19;4x4;;18160;27240;;20;;;;;72;;;;;;65;337160;;19320;;20;;24;;20;;24;;16;;18;;;;;;;;;;;;;;;;;;;;;;selection_kit_ANNI24CD:3
W_MultiAge_ANNI24A2;Stazione della Metro - Lv. 2;Metro Station - Lv. 2;407ef8401;;;19;4x4;;9080;13620;;10;;;;;32;;;;;;;149840;;;;10;;12;;;;;;;;;;;;;;;;;;;;;;;;;;;;;;
W_MultiAge_ANNI24A3;Stazione della Metro - Lv. 3;Metro Station - Lv. 3;654982e79;;;19;4x4;;10000;14980;;11;;;;;36;;;;;;;168580;;1940;;12;;14;;;;;;;;;;;;;;;;;;;;;;;;;;;;;;
W_MultiAge_ANNI24A4;Stazione della Metro - Lv. 4;Metro Station - Lv. 4;a2a903fff;;;19;4x4;;10900;16340;;12;;;;;40;;;;;;;187300;;3860;;14;;16;;4;;;;;;;;;;;;;;;;;;;;;;;;;;;;
W_MultiAge_ANNI24A5;Stazione della Metro - Lv. 5;Metro Station - Lv. 5;8038fb3bb;;;19;4x4;;11800;17700;;13;;;;;44;;;;;;;206040;;5800;;16;;18;;6;;;;;;;;;;;;;;;;;;;;;;;;;;;;
W_MultiAge_ANNI24A6;Stazione della Metro - Lv. 6;Metro Station - Lv. 6;dde978447;;;19;4x4;;12720;19080;;14;;;;;48;;;;;;;224760;;7720;;18;;20;;8;;;;4;;;;;;;;;;;;;;;;;;;;;;;;
W_MultiAge_ANNI24A7;Stazione della Metro - Lv. 7;Metro Station - Lv. 7;ed0ec383c;;;19;4x4;;13620;20440;;15;;;;;52;;;;;;;243500;;9660;;20;;22;;10;;;;6;;;;;;;;;;;;;;;;;;;;;;;;
W_MultiAge_ANNI24A8;Stazione della Metro - Lv. 8;Metro Station - Lv. 8;a11e17b33;;;19;4x4;;14540;21800;;16;;;;;56;;;;;;;262220;;11580;;20;;24;;12;;12;;8;;;;;;;;;;;;;;;;;;;;;;;;
W_MultiAge_ANNI24A9;Stazione della Metro - Lv. 9;Metro Station - Lv. 9;b31aaa963;;;19;4x4;;15440;23160;;17;;;;;60;;;;;;;280960;;13520;;20;;24;;14;;15;;10;;;;;;;;;;;;;;;;;;;;;;;;
W_MultiAge_ANNI24B1;Bevande Fusion di Zephy - Lv. 1;Zephy's Fusion Drinks - Lv. 1;caec5e3e3;1;;19;2x3;;;;;18;;;;;48;;;;;;40;;;;;24;30;30;36;;;;;;;;;;;;;;;;;;;;;;;;;;;;;selection_kit_ANNI24A:5
W_MultiAge_ANNI24B2;Bevande Fusion di Zephy - Lv. 2;Zephy's Fusion Drinks - Lv. 2;71562d82b;1;;19;2x3;;;;;24;;;;;48;;;;;;55;;;;;24;36;30;42;;;;;;;;;;;;;;;;;;;;;;;;;;;;;silver_selection_kit_ANNI24A:10
W_MultiAge_ANNI24B3;Bevande Fusion di Zephy - Lv. 3;Zephy's Fusion Drinks - Lv. 3;f77a555f8;1;;19;2x3;;;;;30;;;;;48;;;;;;70;;;;;24;42;30;48;;;;;;;;;;;;;;;;;;;;;;;;;;;;;golden_selection_kit_ANNI24A:20
W_MultiAge_ANNI24C1;Arboreto dei Fiori;Flower Arboretum;7da3f024c;1;;19;1x2;0.5;-2840;;;4;;;;;16;;;;;;15;;;;;;;8;10;;;3;5;;;2;4;;;;;;;;;;;;;;;;;;;;;
W_MultiAge_ANNI24D1;Dirigibile Etereo;Ethereal Airship;f12675657;1;;19;2x2;;-4540;;;9;;;3;;16;;;;;;;;;;;9;11;;;5;7;;;4;6;;;;;;;;;;;;;;;;;;;;;;;
W_MultiAge_ANNI25A1;Faro Viatico - Lv. 1;Viaticum Lighthouse - Lv. 1;b52aa3508;;;19;6x5;2.5;31110;46660;;;;;;;140;;;;;;;;;10660;;20;;;;;;;;;;;;;;;;;;;;;;;;;;;;;;;;
W_MultiAge_ANNI25A10;Faro Viatico - Lv. 10;Viaticum Lighthouse - Lv. 10;39c9dc7bf;1;;19;6x5;2.5;62210;93300;;;;;;;185;;;;;;;;;74650;;112;;;;;;;;156;156;;;;;;;;;;;;;;;;4;;;;;;;selection_kit_ANNI25BC:4|silver_upgrade_kit_ANNI25A:5
W_MultiAge_ANNI25A11;Faro Viatico Celeste;Celestial Viaticum Lighthouse;554647a08;1;;19;6x5;2.5;65670;98490;;;;;;;190;;;;;;;;;81760;;122;;;;;;;;176;176;;;;;;;;;;;;;;;;6;;;;;;;golden_upgrade_kit_ANNI25A:5|selection_kit_ANNI25BC:8
W_MultiAge_ANNI25A12;Faro Viatico Astrale;Astral Viaticum Lighthouse;e51bafdbc;1;;19;6x5;2.5;69120;103670;;;;;;;195;;;;;;;;;88870;;132;;;;;;;;196;196;;;;;;;;;;;;;;;M;8;;;;;;;selection_kit_ANNI25BC:12
W_MultiAge_ANNI25A2;Faro Viatico - Lv. 2;Viaticum Lighthouse - Lv. 2;2fd8cb344;;;19;6x5;2.5;34560;51840;;;;;;;145;;;;;;;;;17770;;31;;;;;;;;;;;;;;;;;;;;;;;;;;;;;;;;
W_MultiAge_ANNI25A3;Faro Viatico - Lv. 3;Viaticum Lighthouse - Lv. 3;b3aa7a44e;;;19;6x5;2.5;38020;57030;;;;;;;150;;;;;;;;;24880;;41;;;;;;;;15;15;;;;;;;;;;;;;;;;;;;;;;;
W_MultiAge_ANNI25A4;Faro Viatico - Lv. 4;Viaticum Lighthouse - Lv. 4;a09233a01;;;19;6x5;2.5;41470;62200;;;;;;;155;;;;;;;;;31990;;52;;;;;;;;36;36;;;;;;;;;;;;;;;;;;;;;;;
W_MultiAge_ANNI25A5;Faro Viatico - Lv. 5;Viaticum Lighthouse - Lv. 5;5f6caf4e1;;;19;6x5;2.5;44930;67400;;;;;;;160;;;;;;;;;39100;;62;;;;;;;;56;56;;;;;;;;;;;;;;;;;;;;;;;
W_MultiAge_ANNI25A6;Faro Viatico - Lv. 6;Viaticum Lighthouse - Lv. 6;681cb9b1d;;;19;6x5;2.5;48390;72570;;;;;;;165;;;;;;;;;46210;;72;;;;;;;;76;76;;;;;;;;;;;;;;;;;;;;;;;
W_MultiAge_ANNI25A7;Faro Viatico - Lv. 7;Viaticum Lighthouse - Lv. 7;2b50c5851;;;19;6x5;2.5;51840;77760;;;;;;;170;;;;;;;;;53320;;82;;;;;;;;96;96;;;;;;;;;;;;;;;;;;;;;;;
W_MultiAge_ANNI25A8;Faro Viatico - Lv. 8;Viaticum Lighthouse - Lv. 8;a5271b363;;;19;6x5;2.5;55300;82940;;;;;;;175;;;;;;;;;60430;;92;;;;;;;;116;116;;;;;;;;;;;;;;;;;;;;;;;
W_MultiAge_ANNI25A9;Faro Viatico - Lv. 9;Viaticum Lighthouse - Lv. 9;290d906e6;;;19;6x5;2.5;58760;88130;;;;;;;180;;;;;;;;;67540;;102;;;;;;;;136;136;;;;;;;;;;;;;;;;;;;;;;;
W_MultiAge_ANNI25B1;Arboreto di Helianthus;Helianthus Arboretum;45cd3dd19;1;;19;2x3;;-12760;19140;;;;;;12;;45;;;;;;129430;63360;;;;;;;;61;;;;61;;;;;;;;;;;;;;;;;;;;;;;
W_MultiAge_ANNI25B2;Arboreto di Helianthus Asceso;Ascended Helianthus Arboretum;f195e98a5;1;30;51;2x3;;-12760;19140;;;;;;24;;90;;;;;;258870;126720;;;;;;;;122;;;;122;;;;;;;;;20000;20000;;;;;;;;;;;;;
W_MultiAge_ANNI25C1;Octo Orbita;Octo Orb;a47467018;1;;19;2x2;;-94526;;;45;;;;;45;;;;;;;;;9726;;;;;;;;;;;;;;;;;;;;;;;;;;;;;;;;;;
W_MultiAge_ANNI25C2;Octo Orbita Asceso;Ascended Octo Orb;7e60e7a4e;1;30;51;2x2;;-94526;;;90;0.02;;;;90;;;;;0.02;;;;9726;;;;;;;;;;;;;;;;;;;;;;;;;;;;;;;;;;
W_MultiAge_ANNI25D1;Aeternum Hydropool;Aeternum Hydropool;fbb832480;1;;19;3x5;;;;;;;;;;;150;;;;;;;;;;;;;;;;;;300;300;300;300;25;25;25;25;;;;;;;;;;;;;;;;;golden_selection_kit_ANNI25A:20
W_MultiAge_ANNI25E1;Camera della Trascendenza Quantistica;Chamber of Quantum Transcendence;4f271d976;1;;23;6x4;;102090;153110;;;;;;;;;;120;;;;;;;;96;96;96;96;144;144;144;144;;;;;5;5;5;5;;;;;;;;;;;;;;;;;upgrade_kit_ascended_ANNI25C:35
W_MultiAge_ANNI26A1;Estrattore di anomalie Mk I - Livello 1;Mk I Anomaly Extractor - Lv. 1;3bfc23aa1;;;19;3x6;1.5;;;;30;;;;;30;;;;;;;399630;;;;;;;;;;;;;;;;;;;;;;;;;;;;;;;;;;;;
W_MultiAge_ANNI26A10a;Estrattore di anomalie purificato Mk III;Mk III Purified Anomaly Extractor;258eb528f;1;;19;3x6;1.5;;;;300;;;;;170;;;;;;;588930;;;;;;242;242;;;;;;;407;407;;;;;;;;;;;;;M;;;;;;;;selection_kit_ANNI26BC:4
W_MultiAge_ANNI26A10b;Estrattore di anomalie Nullo Mk III;Mk III Null Anomaly Extractor;4ac607f2d;1;;19;3x6;1.5;;;;170;;;;;378;;;;;;;588930;;;;242;242;;;;;;;407;407;;;;;;;;;;;;;;;M;;;;;;;;selection_kit_ANNI26BC:4
W_MultiAge_ANNI26A2;Estrattore di anomalie Mk I - Livello 2;Mk I Anomaly Extractor - Lv. 2;e1f7835ed;;;19;3x6;1.5;;;;45;;;;;45;;;;;;;420660;;;;;;16;16;;;;;;;;;;;;;;;;;;;;;;;;;;;;;
W_MultiAge_ANNI26A3;Estrazione anomalie Mk I - Livello 3;Mk I Anomaly Extractor - Lv. 3;fd1026670;;;19;3x6;1.5;;;;60;;;;;60;;;;;;;441700;;;;;;47;47;;;;;;;31;31;;;;;;;;;;;;;;;;;;;;;
W_MultiAge_ANNI26A4;Estrattore di anomalie Mk I - Livello 4;Mk I Anomaly Extractor - Lv. 4;d2c3c5d4d;;;19;3x6;1.5;;;;75;;;;;75;;;;;;;462730;;;;;;78;78;;;;;;;93;93;;;;;;;;;;;;;;;;;;;;;
W_MultiAge_ANNI26A5;Estrazione anomalie Mk I - Livello 5;Mk I Anomaly Extractor - Lv. 5;07a389526;;;19;3x6;1.5;;;;90;;;;;90;;;;;;;483760;;;;;;108;108;;;;;;;153;153;;;;;;;;;;;;;;;;;;;;;
W_MultiAge_ANNI26A6;Estrattore di anomalie Mk I - Livello 6;Mk I Anomaly Extractor - Lv. 6;c91608925;;;19;3x6;1.5;;;;105;;;;;105;;;;;;;504800;;;;;;139;139;;;;;;;214;214;;;;;;;;;;;;;;;;;;;;;
W_MultiAge_ANNI26A7;Estrattore di anomalie Mk I - Livello 7;Mk I Anomaly Extractor - Lv. 7;e2f1396d0;;;19;3x6;1.5;;;;120;;;;;120;;;;;;;525830;;;;;;170;170;;;;;;;275;275;;;;;;;;;;;;;;;;;;;;;
W_MultiAge_ANNI26A8;Estrazione anomalie Mk I - Livello 8;Mk I Anomaly Extractor - Lv. 8;a03bbebe4;1;;19;3x6;1.5;;;;135;;;;;135;;;;;;;546860;;;;;;201;201;;;;;;;336;336;;;;;;;;;;;;;M;;;;;;;;selection_kit_ANNI26BC:1|silver_upgrade_kit_ANNI26A:5
W_MultiAge_ANNI26A9;Estrattore di anomalie Mk II;Mk II Anomaly Extractor;6ce8e9771;1;;19;3x6;1.5;;;;170;;;;;170;;;;;;;567890;;;;;;232;232;;;;;;;397;397;;;;;;;;;;;;;M;;;;;;;;golden_upgrade_kit_ANNI26A:5|selection_kit_ANNI26BC:2
W_MultiAge_ANNI26B1;Giardini di vetro Iride;Iris Glass Gardens;93bb52f61;1;;19;4x2;;-42540;;;;;;5;4;;70;70;;;;;;168960;;;;;;;;;92;92;;;;;;;;;;;;;;;;;;;;;;;;;
W_MultiAge_ANNI26B2;Giardini di vetro dell'Iride Asceso;Ascended Iris Glass Gardens;b8b5adc4d;1;30;51;4x2;;-42540;;;;;;11;8;;170;170;;;;;;337930;;;;;;;;;368;368;;;;;;;32;;;;;25000;10;;;;;;;;;;;;
W_MultiAge_ANNI26C1;Meridiana del Sole;Meridian Sun Dial;aaacb3dd1;1;;19;3x3;;-47850;;;100;;;6;5;;;;;;;;;;19690;;;;;;102;102;;;;;;;;;;;;;;;;;;;;;;;;;;;
W_MultiAge_ANNI26C2;Meridiana del Sole Asceso;Ascended Meridian Sun Dial;55c50065e;1;30;51;3x3;;-47850;;;290;;;12;10;;;;;;;;;;39370;;;;;;408;408;;;;;;;36;;;;;;25000;;;5;;;;;;;;;;;
W_MultiAge_ANNI26D1;Arena Vortice;Vortex Arena;30e2a40db;1;;19;4x3;1.5;;;;;;;;;;;;;;0.02;;1456140;;;;;;;;100;100;100;100;;;;;25;25;25;25;;;;;;;;;M;;;;;;;;golden_selection_kit_ANNI26A:20
W_MultiAge_ANNI26E1;Palazzo della Luce Liquida - Livello 1;Palace of Liquid Light - Lv. 1;03e7800a7;1;;23;4x6;2;69120;103670;;364;;;;;;;;;;;;;;;;;;;;120;120;120;120;;;;;5;5;5;5;;;;;;;;;M;;;;;;;;upgrade_kit_ascended_ARCH19A:3
W_MultiAge_ANNI26E2;Palazzo della Luce Liquida - Livello 2;Palace of Liquid Light - Lv. 2;17a699f64;1;;23;4x6;2;110600;165870;;494;;;;;;;;;;;;;;;;;;;;285;285;285;285;;;;;10;10;10;10;;;;;;;;;M;;;;;;;;upgrade_kit_ascended_ARCH19A:12
W_MultiAge_ARCH19A1;Esposizione universale - Lv. 1;World's Fair - Lv. 1;R_MultiAge_ArcheologyBonus19a-7d77b26e8;;;19;6x4;2;12652;;;;;;;;;;;;;;;171700;;;;;;;;;;;;;;;;;;;;;;;;;;;;;;;;;;;;
W_MultiAge_ARCH19A10;Esposizione universale - Lv. 10;World's Fair - Lv. 10;R_MultiAge_ArcheologyBonus19j-30e97d18d;1;;19;6x4;2;21854;;;10;;;;;10;;;;;;;274700;;;;;;;;;;;;;;;;;;;;;;;;;;;;;;;;;;;;
W_MultiAge_ARCH19A11;Esposizione Universale;World Expo;ee18870b1;1;;19;6x4;2;30410;;;100;;;;;50;;;;;;;350550;;;;24;24;24;24;;;;;;;;;;;;;;;;;;;;;M;;;;;;;;
W_MultiAge_ARCH19A12;Esposizione Mondiale della Speranza;Hopeful World Expo;6b8732615;1;;19;6x4;2;38710;;;200;;;;;100;;;;;;;420660;;;;108;108;108;108;;;;;;;;;;;;;;;;;;;;;M;;;;;;;;
W_MultiAge_ARCH19A13;Esposizione Mondiale dell'Armonia;Harmonious World Expo;839e2a879;1;;19;6x4;;47000;;;300;;;;;150;;;;;;;490770;;;;144;144;144;144;;;;;;;;;7;7;7;7;;;;;;;;;M;;;;;;;;
W_MultiAge_ARCH19A14;Esposizione Mondiale Unita;United World Expo;b7feaf5a3;1;90;51;6x4;;47000;;;400;0.03;;;;200;;;;;0.01;;560880;;;;216;216;216;216;;;;;;;;;15;15;15;15;;;;;;;200;8000;M;;;;;;;;
W_MultiAge_ARCH19A2;Esposizione universale - Lv. 2;World's Fair - Lv. 2;R_MultiAge_ArcheologyBonus19b-5e70764e4;;;19;6x4;2;13802;;;1;;;;;;;;;;;;183000;;;;;;;;;;;;;;;;;;;;;;;;;;;;;;;;;;;;
W_MultiAge_ARCH19A3;Esposizione universale - Lv. 3;World's Fair - Lv. 3;R_MultiAge_ArcheologyBonus19c-dda53404a;;;19;6x4;2;14953;;;2;;;;;;;;;;;;194500;;;;;;;;;;;;;;;;;;;;;;;;;;;;;;;;;;;;
W_MultiAge_ARCH19A4;Esposizione universale - Lv. 4;World's Fair - Lv. 4;R_MultiAge_ArcheologyBonus19d-be29736ac;;;19;6x4;2;16103;;;3;;;;;;;;;;;;206000;;;;;;;;;;;;;;;;;;;;;;;;;;;;;;;;;;;;
W_MultiAge_ARCH19A5;Esposizione universale - Lv. 5;World's Fair - Lv. 5;R_MultiAge_ArcheologyBonus19e-174722b2c;;;19;6x4;2;17253;;;4;;;;;;;;;;;;217500;;;;;;;;;;;;;;;;;;;;;;;;;;;;;;;;;;;;
W_MultiAge_ARCH19A6;Esposizione universale - Lv. 6;World's Fair - Lv. 6;R_MultiAge_ArcheologyBonus19f-9aefa6d3a;;;19;6x4;2;18403;;;5;;;;;;;;;;;;229000;;;;;;;;;;;;;;;;;;;;;;;;;;;;;;;;;;;;
W_MultiAge_ARCH19A7;Esposizione universale - Lv. 7;World's Fair - Lv. 7;R_MultiAge_ArcheologyBonus19g-4d08b91ea;;;19;6x4;2;19553;;;6;;;;;;;;;;;;240300;;;;;;;;;;;;;;;;;;;;;;;;;;;;;;;;;;;;
W_MultiAge_ARCH19A8;Esposizione universale - Lv. 8;World's Fair - Lv. 8;R_MultiAge_ArcheologyBonus19h-f63c022df;;;19;6x4;2;20704;;;7;;;;;5;;;;;;;251800;;;;;;;;;;;;;;;;;;;;;;;;;;;;;;;;;;;;
W_MultiAge_ARCH19A9;Esposizione universale - Lv. 9;World's Fair - Lv. 9;R_MultiAge_ArcheologyBonus19i-0881c925b;;;19;6x4;2;21279;;;8;;;;;10;;;;;;;263300;;;;;;;;;;;;;;;;;;;;;;;;;;;;;;;;;;;;
W_MultiAge_ARCH20A1;Aeronave - Liv. 1;Airship - Lv. 1;R_MultiAge_ArcheologyBonus20a-aba173065;;;19;7x3;1.5;10064;14660;;;;;;;;;;;;;;180300;;;;;;;;;;;;;;;;;;;;;;;;;;;;;;;;;;;;
W_MultiAge_ARCH20A10;Aeronave - Liv. 10;Airship - Lv. 10;R_MultiAge_ArcheologyBonus20j-3dc22b362;;;19;7x3;1.5;14090;25650;;8;;;;;20;;;;;;;270400;35430;;;;;;;;;;;;;;;;;;;;;;;;;;;;;;;;;;;
W_MultiAge_ARCH20A11;Aeronave - Liv. 11;Airship - Lv. 11;R_MultiAge_ArcheologyBonus20k-258005f9e;1;;19;7x3;1.5;14594;26880;;9;;;;;20;;;;;;20;280500;36640;;;;;;;;;;;;;;;;;;;;;;;;;;;;;;;;;;;
W_MultiAge_ARCH20A12;Dirigibile Zephyr;Zephyr Airship;2626d1d5a;1;;19;7x3;1.5;19140;38280;;80;;;;;140;;;;;;270;364040;237610;;;;;;;;;;;;;;;;10;;10;;;;;;;;;;;;;;;;;
W_MultiAge_ARCH20A13;Dirigibile Celeste;Celestial Airship;e1cba73fa;1;;19;7x3;1.5;21530;43060;;100;;;;;170;;;;;;320;424710;297010;;;;;;;;;;;;;;;;20;;20;;;;;;;;;;;;;;;;;
W_MultiAge_ARCH20A14;Dirigibile Astrale;Astral Airship;5925fe99d;1;;19;7x3;1.5;23930;47850;;120;;;;;200;;;;;;370;485380;356410;;;;;;;;;;;;;;;;30;;30;;;;;;;;;M;;;;;;;;
W_MultiAge_ARCH20A2;Aeronave - Liv. 2;Airship - Lv. 2;R_MultiAge_ArcheologyBonus20b-041905c00;;;19;7x3;1.5;10064;15880;;;;;;;;;;;;;;190400;25650;;;;;;;;;;;;;;;;;;;;;;;;;;;;;;;;;;;
W_MultiAge_ARCH20A3;Aeronave - Liv. 3;Airship - Lv. 3;R_MultiAge_ArcheologyBonus20c-d92daa93d;;;19;7x3;1.5;10568;17090;;2;;;;;;;;;;;;200300;26880;;;;;;;;;;;;;;;;;;;;;;;;;;;;;;;;;;;
W_MultiAge_ARCH20A4;Aeronave - Liv. 4;Airship - Lv. 4;R_MultiAge_ArcheologyBonus20d-6c6a90177;;;19;7x3;1.5;11071;18320;;3;;;;;;;;;;;;210400;28100;;;;;;;;;;;;;;;;;;;;;;;;;;;;;;;;;;;
W_MultiAge_ARCH20A5;Aeronave - Liv. 5;Airship - Lv. 5;R_MultiAge_ArcheologyBonus20e-29c2413d5;;;19;7x3;1.5;11575;19550;;4;;;;;;;;;;;;220300;29310;;;;;;;;;;;;;;;;;;;;;;;;;;;;;;;;;;;
W_MultiAge_ARCH20A6;Aeronave - Liv. 6;Airship - Lv. 6;R_MultiAge_ArcheologyBonus20f-b2b5679fd;;;19;7x3;1.5;12077;20780;;5;;;;;5;;;;;;;230400;30540;;;;;;;;;;;;;;;;;;;;;;;;;;;;;;;;;;;
W_MultiAge_ARCH20A7;Aeronave - Liv. 7;Airship - Lv. 7;R_MultiAge_ArcheologyBonus20g-78d10b1a5;;;19;7x3;1.5;12581;21980;;6;;;;;5;;;;;;;240300;31770;;;;;;;;;;;;;;;;;;;;;;;;;;;;;;;;;;;
W_MultiAge_ARCH20A8;Aeronave - Liv. 8;Airship - Lv. 8;R_MultiAge_ArcheologyBonus20h-7caaecd42;;;19;7x3;1.5;13084;23210;;7;;;;;10;;;;;;;250400;32980;;;;;;;;;;;;;;;;;;;;;;;;;;;;;;;;;;;
W_MultiAge_ARCH20A9;Aeronave - Liv. 9;Airship - Lv. 9;R_MultiAge_ArcheologyBonus20i-e7a6cd3ee;;;19;7x3;1.5;13588;24440;;8;;;;;15;;;;;;;260300;34200;;;;;;;;;;;;;;;;;;;;;;;;;;;;;;;;;;;
W_MultiAge_ARTHUR26A1;Camelot - Liv. 1;Camelot - Lv. 1;ccb92d455;;;19;6x6;3;36370;54550;;104;;;;;145;;;;;;;77660;;;;58;58;58;58;105;105;105;105;;;;;;;;;;;;;;;;;;;;;;;;;
W_MultiAge_ARTHUR26A10;Trono di Camelot di Pendragon;Pendragon's Throne of Camelot;ae4e70838;1;90;51;6x6;;67000;100480;;411;0.04;;;;575;;;;;0.02;;776610;;;;246;246;246;246;371;371;371;371;;;;;;;30;30;;;;;;;200;8000;M;;;;10;;;;selection_kit_ARTHUR26BC:5
W_MultiAge_ARTHUR26A2;Camelot - Liv. 2;Camelot - Lv. 2;2b1dc87fe;;;19;6x6;3;40200;60290;;130;;;;;180;;;;;;;155320;;;;63;63;63;63;115;115;115;115;;;;;;;;;;;;;;;;;;;;;;;;;
W_MultiAge_ARTHUR26A3;Camelot - Liv. 3;Camelot - Lv. 3;36bf5a6ca;;;19;6x6;3;44030;66030;;156;;;;;220;;;;;;;232980;;;;68;68;68;68;126;126;126;126;;;;;;;;;;;;;;;;;;;;;;;;;
W_MultiAge_ARTHUR26A4;Camelot - Liv. 4;Camelot - Lv. 4;6a2b7bd1f;;;19;6x6;3;47850;71770;;182;;;;;255;;;;;;;310640;;;;73;73;73;73;136;136;136;136;;;;;;;;;;;;;;;;;;;;;;;;;
W_MultiAge_ARTHUR26A5;Camelot - Liv. 5;Camelot - Lv. 5;264c04251;;;19;6x6;3;51680;77510;;208;;;;;290;;;;;;;388300;;;;78;78;78;78;146;146;146;146;;;;;;;;;;;;;;;;;;;;;;;;;
W_MultiAge_ARTHUR26A6;Camelot - Liv. 6;Camelot - Lv. 6;d29bc2217;1;;19;6x6;3;55510;83260;;260;;;;;365;;;;;;;465960;;;;83;83;83;83;156;156;156;156;;;;;;;;;;;;;;;;;;;;;;;;;selection_kit_ARTHUR26BC:1|silver_upgrade_kit_ARTHUR26A:5
W_MultiAge_ARTHUR26A7;Camelot Nobile;Noble Camelot;e39a40987;1;;19;6x6;3;59340;89000;;311;;;;;435;;;;;;;543630;;;;124;124;124;124;249;249;249;249;;;;;;;;;;;;;;;;;M;;;;;;;;golden_upgrade_kit_ARTHUR26A:5|selection_kit_ARTHUR26BC:2
W_MultiAge_ARTHUR26A8;Camelot Reale;Royal Camelot;192f7a793;1;;19;6x6;3;63170;94740;;336;;;;;470;;;;;;;621290;;;;165;165;165;165;290;290;290;290;;;;;;;;;;;;;;;;;M;;;;10;;;;selection_kit_ARTHUR26BC:3
W_MultiAge_ARTHUR26A9;Corona di Camelot;Crown of Camelot;ebf951df4;1;;19;6x6;;67000;100480;;361;;;;;505;;;;;;;698950;;;;206;206;206;206;331;331;331;331;;;;;;;15;15;;;;;;;;;M;;;;10;;;;selection_kit_ARTHUR26BC:4
W_MultiAge_ARTHUR26B1;Tavola Rotonda dei Cavalieri;Knights' Round Table;dbf6908f4;1;;19;3x3;;-95710;;;124;;;;;66;;;;;;;;285130;;;82;82;;;123;123;;;;;;;;;;;;;;;;;;;;;;;;;;;
W_MultiAge_ARTHUR26B2;Tavola Rotonda dei Cavalieri Ascesa;Ascended Knights' Round Table;ffda03e65;1;30;51;3x3;;-95710;;;278;0.01;;;;148;;;;;;;;380170;;;184;184;;;276;276;;;;;;;45;45;;;;;25000;;;5;;;;;;;;;;;
W_MultiAge_ARTHUR26C1;La Spada nel Lago;Sword in the Lake;a5d7eae91;1;;19;3x3;;-95710;;;41;;;;;206;;;;;;;;285130;;;;;82;82;;;123;123;;;;;;;;;;;;;;;;;;;;;;;;;
W_MultiAge_ARTHUR26C2;Spada nel Lago Ascesa;Ascended Sword in the Lake;085c1414a;1;30;51;3x3;;-95710;;;92;;;;;462;;;;;0.01;;;380170;;;;;184;184;;;276;276;;;;;;;45;45;;;;25000;10;;;;;;;;;;;;
W_MultiAge_ARTHUR26D1;L'ira di Morgana;The Wrath of Morgan le Fay;035590e45;1;;19;6x6;3;;;;225;0.05;;;;400;;;;;0.05;;;;;;400;400;400;400;600;600;600;600;;;;;25;25;25;25;;;;;;;;;M;;;;;;;;golden_selection_kit_ARTHUR26A:20
W_MultiAge_ARTHUR26E1;L'Excalibur del Vero Re;The True King's Excalibur;c364d15a5;1;;23;6x6;3;207370;;;950;;;;;1900;;;;;;;;;;;250;250;250;250;375;375;375;375;;;;;25;25;25;25;;;;;;;;;M;;;;;;;;upgrade_kit_ascended_ARTHUR26A:24
W_MultiAge_ARTHUR26F1;Consiglio di Merlino;Merlin's Counsel;8209c85f1;1;;19;4x4;2;-191420;;;180;;;;;;270;;;;;;;;78750;;225;225;225;225;;;;;;;;;;;;;;;;;;;;;;13.5;5;;;;6;;
W_MultiAge_AgeBonus22;Palco delle ere;Stage of Ages;c28d8dd04;1;;19;4x4;2;6121;6730;;4;;;;;;15;;;;;;;;;;21;;;;;;;;;;;;;;;;;;;;;;;;;;;;;;;;
W_MultiAge_AgeBonus22a;Planetario dorato - Liv. 1;Golden Orrery - Lv. 1;9d606c2d2;;;19;4x5;2;5846;;;;;;;;;;;;;;;;11987;;;;;;;;;;;;;;;;;;;;;;;;;;;;;;;;;;;
W_MultiAge_AgeBonus22b;Planetario dorato - Liv. 2;Golden Orrery - Lv. 2;6b6391b84;;;19;4x5;2;6020;;;;;;;;;;;;;;;;12348;;;;;;;;;;;;;;;;;;;;;;;;;;;;;;;;;;;
W_MultiAge_AgeBonus22c;Planetario dorato - Liv. 3;Golden Orrery - Lv. 3;d5443e8fe;;;19;4x5;2;6201;;;;;;;;;;;;;;;;12718;;;;;;;;;;;;;;;;;;;;;;;;;;;;;;;;;;;
W_MultiAge_AgeBonus22d;Planetario dorato - Liv. 4;Golden Orrery - Lv. 4;d2d3e6f1c;;;19;4x5;2;6387;;;1;;;;;;;;;;;;;13100;;;;;;;;;;;;;;;;;;;;;;;;;;;;;;;;;;;
W_MultiAge_AgeBonus22e;Planetario dorato - Liv. 5;Golden Orrery - Lv. 5;8ce259c6d;;;19;4x5;2;6577;;;2;;;;;;;;;;;;;13494;;;;;;;;;;;;;;;;;;;;;;;;;;;;;;;;;;;
W_MultiAge_AgeBonus22f;Planetario dorato - Liv. 6;Golden Orrery - Lv. 6;1daaec8f0;;;19;4x5;2;6772;;;3;;;;;;;;;;;;;14031;;;;;;;;;;;;;;;;;;;;;;;;;;;;;;;;;;;
W_MultiAge_AgeBonus22g;Planetario dorato - Liv. 7;Golden Orrery - Lv. 7;eed5997bc;;;19;4x5;2;6977;;;4;;;;;;;;;;;;;14591;;;;19;;;;;;;;;;;;;;;;;;;;;;;;;;;;;;;
W_MultiAge_AgeBonus22h;Planetario dorato - Liv. 8;Golden Orrery - Lv. 8;4067d9a69;;;19;4x5;2;7187;;;6;;;;;;;;;;;;;15175;;;;23;;;;;;;;;;;;;;;;;;;;;;;;;;;;0.1;;;
W_MultiAge_AgeBonus22i;Planetario dorato - Liv. 9;Golden Orrery - Lv. 9;a12890f83;;;19;4x5;2;7402;;;8;;;;;;5;;;;;;;15933;;;;26;;;;;;;;;;;;;;;;;;;;;;;;;;;;0.15;;;
W_MultiAge_AgeBonus22j;Planetario dorato - Liv. 10;Golden Orrery - Lv. 10;f51927fdb;1;;19;4x5;2;7623;;;10;;;;;;10;;;;;;;16889;;;;29;;;;;;;;;;;;;;;;;;;;;;;;;;;;0.4;;;
W_MultiAge_AgeBonus22k;Planetario dorato celestiale;Celestial Golden Orrery;60a234ba2;1;;19;4x5;2;18740;28090;;30;;;;;;140;;;;;;;147660;;;;29;;39;;59;;70;;48;;58;;;;;;;;;;;;;;;;;;2;;;selection_kit_ANNI22B:3
W_MultiAge_AgeBonus22stage;Palco delle Ere Celestiale;Celestial Stage of Ages;460e0c708;1;;19;4x4;2;15320;22990;;22;;;12;;;125;;;;;;;;;;21;;26;;24;;28;;20;;20;;;;;;;;;;;;;;;;;;;;;;
W_MultiAge_Anw23A1;Ultima Provincia;Last Province;5b940c98f;1;;19;3x3;1.5;;;;6;;;;;15;;;;;;;;;;;8;8;8;8;;;;;;;;;;;;;;;;;;;;;;;;;;;;;
W_MultiAge_BOWL21A1;Vigneto di terracotta - Liv. 1;Terracotta Vineyard - Lv. 1;R_MultiAge_SportBonus21a-24142cfc6;;;19;5x3;1.5;7189;9430;;;;;;;;;;;;;;121600;;;;;;;;;;;;;;;;;;;;;;;;;;;;;;;;;;;;
W_MultiAge_BOWL21A2;Vigneto di terracotta - Liv. 2;Terracotta Vineyard - Lv. 2;R_MultiAge_SportBonus21b-fc030edce;;;19;5x3;1.5;10425;11350;;;;;;;;;;;;;;135900;;451;;;;;;;;;;;;;;;;;;;;;;;;;;;;;;;;;;
W_MultiAge_BOWL21A3;Vigneto di terracotta - Liv. 3;Terracotta Vineyard - Lv. 3;R_MultiAge_SportBonus21c-0305b5ba9;;;19;5x3;1.5;11000;13090;;;;;;;3;;;;;;;153700;;750;;;;;;;;;;;;;;;;;;;;;;;;;;;;;;;;;;
W_MultiAge_BOWL21A4;Vigneto di terracotta - Liv. 4;Terracotta Vineyard - Lv. 4;R_MultiAge_SportBonus21d-f4c8646cc;;;19;5x3;1.5;11538;14660;;1;;;;;6;;;;;;;169900;;900;;;;;;;;;;;;;;;;;;;;;;;;;;;;;;;;;;
W_MultiAge_BOWL21A5;Vigneto di terracotta - Liv. 5;Terracotta Vineyard - Lv. 5;R_MultiAge_SportBonus21e-83c4dbb26;;;19;5x3;1.5;12150;16130;;2;;;;;9;;;;;;;186000;;1050;;;;;;;;;;;;;;;;;;;;;;;;;;;;;;;;;;
W_MultiAge_BOWL21A6;Vigneto di terracotta - Liv. 6;Terracotta Vineyard - Lv. 6;R_MultiAge_SportBonus21f-f71b0af5c;;;19;5x3;1.5;12581;17800;;4;;;;;12;;;;;;;203800;;1201;;;;;;;;;;;;;;;;;;;;;;;;;;;;;;;;;;
W_MultiAge_BOWL21A7;Vigneto di terracotta - Liv. 7;Terracotta Vineyard - Lv. 7;R_MultiAge_SportBonus21g-e68e5ebb7;;;19;5x3;1.5;13227;19190;;6;;;;;15;;;;;;;214500;;1351;;;;;;;;;;;;;;;;;;;;;;;;;;;;;;;;;;
W_MultiAge_BOWL21A8;Vigneto di terracotta - Liv. 8;Terracotta Vineyard - Lv. 8;R_MultiAge_SportBonus21h-9c6588fca;1;;19;5x3;1.5;13659;20940;;8;;;;;18;;;;;;;236100;;1800;;;;;;;;;;;;;;;;;;;;;;;;;;;;;;;;;;
W_MultiAge_BOWL21B1;Boschetto di olivi;Olive Grove;D_MultiAge_SportBonus21Olive-b5fc492c6;1;;19;5x2;;;10190;;;;;;;;;;;;;;;;;;;8;;;;;;;;;;;;;;;;;;;;;;;;;;;;;;;
W_MultiAge_BOWL21C1;Prato di lavanda;Lavender Lawn;D_MultiAge_SportBonus21Lavender-84a660015;1;;19;5x2;;;10190;;4;;;;;;;;;;;;;;;;;;;;;;;;;;;;;;;;;;;;;;;;;;;;;;;;
W_MultiAge_BOWL21D1;Viti;Grapevines;D_MultiAge_SportBonus21Grapevines-049aac4a4;1;;19;5x2;;;10190;;;;;;;10;;;;;;;;;;;;;;;;;;;;;;;;;;;;;;;;;;;;;;;;;;;
W_MultiAge_BOWL21E1;Strada tra i cipressi;Cypress Pass;D_MultiAge_SportBonus21Cypress-c43c97341;1;;19;5x2;;;10190;;;;;;;;;;;;;;;;;;8;;;;;;;;;;;;;;;;;;;;;;;;;;;;;;;;
W_MultiAge_BOWL22A1;Villaggio Fiore - Liv. 1;Fiore Village - Lv. 1;R_MultiAge_ForgeBonus22a-a889ce465;;;19;4x6;2;12652;19550;;;;;;;;;;;;;;137300;;;;;;;;;;;;;;;;;;;;;;;;;;;;;;;;;;;;
W_MultiAge_BOWL22A10;Villaggio Fiore - Liv. 10;Fiore Village - Lv. 10;R_MultiAge_ForgeBonus22j-e47689c15;1;;19;4x6;2;19553;33500;;9;;;;;33;;;;;;30;354800;;3120;;;36;;;;;;;;;;;;;;;;;;;;;;;;;;;;;;;
W_MultiAge_BOWL22A11;Villaggio Fiore Evergreen;Evergreen Fiore Village;b6829027a;1;;19;4x6;2;21270;35090;;50;;;;;100;;;;;;150;386040;;4370;;82;82;;;;;;;;;;;;;15;;;;;;;;;;;;;;;;;;
W_MultiAge_BOWL22A12;Villaggio Fiore Everbloom;Everbloom Fiore Village;6cfc8f278;1;;19;4x6;;26590;37210;;175;;;;;225;;;;;;200;432440;;17500;;102;102;;;154;154;;;;;;;;;30;;;;;;;;;;M;;;;;;;;
W_MultiAge_BOWL22A13;Villaggio Fiore Everblossom;Everblossom Fiore Village;d885d1fe0;1;90;51;4x6;;26590;40400;;350;;;;;450;;;;;;400;539310;;35000;;203;203;;;456;456;;;;;;;;;60;;;;;;;;200;8000;M;;;;;;;;
W_MultiAge_BOWL22A2;Villaggio Fiore - Liv. 2;Fiore Village - Lv. 2;R_MultiAge_ForgeBonus22b-e2bbb7b73;;;19;4x6;2;12767;20230;;;;;;;;;;;;;;160200;;;;;;;;;;;;;;;;;;;;;;;;;;;;;;;;;;;;
W_MultiAge_BOWL22A3;Villaggio Fiore - Liv. 3;Fiore Village - Lv. 3;R_MultiAge_ForgeBonus22c-520074496;;;19;4x6;2;12997;20940;;;;;;;;;;;;;;183000;;960;;;;;;;;;;;;;;;;;;;;;;;;;;;;;;;;;;
W_MultiAge_BOWL22A4;Villaggio Fiore - Liv. 4;Fiore Village - Lv. 4;R_MultiAge_ForgeBonus22d-f5495143c;;;19;4x6;2;13342;22340;;1;;;;;;;;;;;;206000;;1201;;;;;;;;;;;;;;;;;;;;;;;;;;;;;;;;;;
W_MultiAge_BOWL22A5;Villaggio Fiore - Liv. 5;Fiore Village - Lv. 5;R_MultiAge_ForgeBonus22e-bdbe277c7;;;19;4x6;2;13802;23730;;2;;;;;5;;;;;;;229000;;1440;;;;;;;;;;;;;;;;;;;;;;;;;;;;;;;;;;
W_MultiAge_BOWL22A6;Villaggio Fiore - Liv. 6;Fiore Village - Lv. 6;R_MultiAge_ForgeBonus22f-ad335f016;;;19;4x6;2;14493;25130;;3;;;;;10;;;;;;5;251800;;1680;;;;;;;;;;;;;;;;;;;;;;;;;;;;;;;;;;
W_MultiAge_BOWL22A7;Villaggio Fiore - Liv. 7;Fiore Village - Lv. 7;R_MultiAge_ForgeBonus22g-0e00ad931;;;19;4x6;2;15413;26520;;4;;;;;15;;;;;;10;274700;;1921;;;;;;;;;;;;;;;;;;;;;;;;;;;;;;;;;;
W_MultiAge_BOWL22A8;Villaggio Fiore - Liv. 8;Fiore Village - Lv. 8;R_MultiAge_ForgeBonus22h-07da244b8;;;19;4x6;2;16563;27920;;5;;;;;20;;;;;;15;297500;;2160;;;;;;;;;;;;;;;;;;;;;;;;;;;;;;;;;;
W_MultiAge_BOWL22A9;Villaggio Fiore - Liv. 9;Fiore Village - Lv. 9;R_MultiAge_ForgeBonus22i-d992aeeb2;;;19;4x6;2;17943;30710;;7;;;;;25;;;;;;20;320500;;2640;;;;;;;;;;;;;;;;;;;;;;;;;;;;;;;;;;
W_MultiAge_BOWL23A1;Pergola - Liv. 1;Pergola - Lv. 1;4e14677dc;;;19;5x4;2;;;;;;;;;;;;;;;;;113292;;;;;;;;;;;;;;;;;;;;;;;;;;;;;;;;;;;
W_MultiAge_BOWL23A10;Pergola - Liv. 10;Pergola - Lv. 10;109c1913e;;;19;5x4;2;;;;2;;;;;8;;;;;;;;147216;3311;;22;;;;;;;;;;;;;;;;;;;;;;;;;;;;;;;;
W_MultiAge_BOWL23A11a;Pizzeria;Pizzeria;1d0dd6419;1;;19;5x4;2;;;;6;;;;;30;36;;;;;;;151055;3725;;27;10;;;;;;;;;;;;;;;;;;;;;;;;;;;;;;2;
W_MultiAge_BOWL23A11b;Bistrò;Bistro;deb79ca70;1;;19;5x4;2;;;;12;;;;;15;;;;;;;;151055;3725;;27;10;;;;;;;;;;;;;;;;;;;;;;;;;;;;1;;;
W_MultiAge_BOWL23A2;Pergola - Liv. 2;Pergola - Lv. 2;b7ab753f7;;;19;5x4;2;;;;;;;;;;;;;;;;;117131;;;;;;;;;;;;;;;;;;;;;;;;;;;;;;;;;;;
W_MultiAge_BOWL23A3;Pergola - Liv. 3;Pergola - Lv. 3;2e0d19605;;;19;5x4;2;;;;;;;;;;;;;;;;;120534;;;;;;;;;;;;;;;;;;;;;;;;;;;;;;;;;;;
W_MultiAge_BOWL23A4;Pergola - Liv. 4;Pergola - Lv. 4;07005b87c;;;19;5x4;2;;;;;;;;;;;;;;;;;124712;832;;;;;;;;;;;;;;;;;;;;;;;;;;;;;;;;;;
W_MultiAge_BOWL23A5;Pergola - Liv. 5;Pergola - Lv. 5;e6cc5fa06;;;19;5x4;2;;;;;;;;;;;;;;;;;128554;1243;;;;;;;;;;;;;;;;;;;;;;;;;;;;;;;;;;
W_MultiAge_BOWL23A6;Pergola - Liv. 6;Pergola - Lv. 6;77e6941b1;;;19;5x4;2;;;;;;;;;;;;;;;;;132393;1654;;;;;;;;;;;;;;;;;;;;;;;;;;;;;;;;;;
W_MultiAge_BOWL23A7;Pergola - Liv. 7;Pergola - Lv. 7;324962b2d;;;19;5x4;2;;;;;;;;;;;;;;;;;135793;2068;;3;;;;;;;;;;;;;;;;;;;;;;;;;;;;;;;;
W_MultiAge_BOWL23A8;Pergola - Liv. 8;Pergola - Lv. 8;082a7adf0;;;19;5x4;2;;;;;;;;;;;;;;;;;139635;2479;;7;;;;;;;;;;;;;;;;;;;;;;;;;;;;;;;;
W_MultiAge_BOWL23A9;Pergola - Liv. 9;Pergola - Lv. 9;a99d603bd;;;19;5x4;2;;;;;;;;;;;;;;;;;143813;2896;;11;;;;;;;;;;;;;;;;;;;;;;;;;;;;;;;;
W_MultiAge_CARE24A1;Eco Hub - Lv. 1;Eco Hub - Lv. 1;2523de88a;;;19;6x6;3;-4420;30980;;69;;;;;;;113;;;;;;;9420;;;;;;;;;;;;;;;;;;;;;;;;;;;;;;;;;;
W_MultiAge_CARE24A10;Eco Nexus;Eco Nexus;4ec3ba9ec;1;;19;6x6;;-57430;106330;;151;0.04;;;30;;;225;;;;;;;49220;;;;;;;;;;;;;;;;;;;;;;;;;;;7;;;;;;;selection_kit_CARE24BC:4
W_MultiAge_CARE24A11;Eco Utopia;Eco Utopia;1e9de1556;1;90;51;6x6;;-90390;212660;;;0.13;;;60;;;450;;;;;;;98440;;;;;;;;;;;;;;;;;;;;;;;;;;;7;;;;;;;selection_kit_CARE24BC:4
W_MultiAge_CARE24A2;Eco Hub - Lv. 2;Eco Hub - Lv. 2;9df78545d;;;19;6x6;3;-6650;39840;;76;;;;;;;125;;;;;;;14120;;;;;;;;;;;;;;;;;;;;;;;;;;;;;;;;;;
W_MultiAge_CARE24A3;Eco Hub - Lv. 3;Eco Hub - Lv. 3;804348f5e;;;19;6x6;3;-8860;48700;;83;;;;;;;137;;;;;;;18820;;;;;;;;;;;;;;;;;;;;;;;;;;;;;;;;;;
W_MultiAge_CARE24A4;Eco Hub - Lv. 4;Eco Hub - Lv. 4;f86015cb4;;;19;6x6;3;-11070;57560;;90;;;;;;;149;;;;;;;23540;;;;;;;;;;;;;;;;;;;;;;;;;;;;;;;;;;
W_MultiAge_CARE24A5;Eco Hub - Lv. 5;Eco Hub - Lv. 5;6963b00f7;;;19;6x6;3;-13280;66400;;97;;;;;;;161;;;;;;;28240;;;;;;;;;;;;;;;;;;;;;;;;;;;;;;;;;;
W_MultiAge_CARE24A6;Eco Hub - Lv. 6;Eco Hub - Lv. 6;ef0f1382e;;;19;6x6;3;-15490;75260;;104;;;;;;;173;;;;;;;32940;;;;;;;;;;;;;;;;;;;;;;;;;;;;;;;;;;
W_MultiAge_CARE24A7;Eco Hub - Lv. 7;Eco Hub - Lv. 7;3967ffa7a;1;;19;6x6;3;-17720;84120;;111;0.01;;;10;;;185;;;;;;;37660;;;;;;;;;;;;;;;;;;;;;;;;;;;;;;;;;;selection_kit_CARE24BC:2|silver_upgrade_kit_CARE24A:10
W_MultiAge_CARE24A8;Eco Centro;Eco Center;debcf7427;1;;19;6x6;3;-19930;92960;;131;0.02;;;20;;;205;;;;;;;42360;;;;;;;;;;;;;;;;;;;;;;;;;;;;;;;;;;golden_upgrade_kit_CARE24A:10|selection_kit_CARE24BC:4
W_MultiAge_CARE24A9;Eco Sanctum;Eco Sanctum;ce34fd732;1;;19;6x6;3;-22140;101820;;151;0.03;;;30;;;225;;;;;;;47060;;;;;;;;;;;;;;;;;;;;;;;;;;;7;;;;;;;selection_kit_CARE24BC:4
W_MultiAge_CARE24B1;Eden della Terra;Earth's Eden;7eea3656c;1;;19;3x3;;-10220;25540;;18;;;;;;;;;;;;;100680;;;;;;;76;;;;;;68;68;;;;;;;;;;;;;;;;;;;;;
W_MultiAge_CARE24B2;Eden della Terra Asceso;Ascended Earth's Eden;1a6c51c4c;1;10;51;3x3;;-10220;51080;;36;;;;;;;;;;;;;201360;;;;;;;112;;;;;;132;132;;;;;;;;;;;;;;;;;;;;;
W_MultiAge_CARE24C1;Mercato dei Guardiani del Verde;Green Guardians Market;034e62a81;1;;19;3x3;;-10220;25540;;;;;;;54;;;;;;;210720;;;;;;;;54;54;;;;;76;;;;;;;;;;;;;;;;;;;;;;
W_MultiAge_CARE24C2;Mercato dei Guardiani del Verde Asceso;Ascended Green Guardians Market;2252084df;1;10;51;3x3;;-10220;51080;;;;;;;81;;;;;;;421440;;;;;;;;79;79;;;;;114;;;;;;;;;;;;;;;;;;;;;;
W_MultiAge_CARE24D1;EverGreen Hover Express - Lv. 1;EverGreen Hover Express - Lv. 1;0c72e5aa3;1;;23;5x3;;34060;;;75;;;;;75;;;;;;;;;;;;;;;90;105;;;;;;;;;;15;;;;;;;;;;;;;;;;;selection_kit_CARE24A:5
W_MultiAge_CARE24D2;EverGreen Hover Express - Lv. 2;EverGreen Hover Express - Lv. 2;f283c7cea;1;;23;5x3;;42580;;;90;;;;;90;;;;;;;;;;;;;;;105;120;;;;;;;;;;20;;;;;;;;;;;;;;;;;silver_selection_kit_CARE24A:10
W_MultiAge_CARE24D3;EverGreen Hover Express - Lv. 3;EverGreen Hover Express - Lv. 3;2285bbb7f;1;;23;5x3;;51100;;;105;;;;;105;;;;;;;;;;;;;;;120;135;;;;;;;;;;25;;;;;;;;;;;;;;;;;golden_selection_kit_CARE24A:20
W_MultiAge_CARE24E1;Il frutteto dei Sogni d'Arancio;Orchard of Orange Dreams;3eb362030;1;;23;5x5;;99360;141940;;125;;;;;140;;;;;;;;;;;;;;;;200;;300;;300;;200;5;5;5;5;;;;;;;;;;;;;;;;;
W_MultiAge_CARE25A1;Sentinella della Foresta - Lv. 1;Forest Sentinel - Lv. 1;121edc6a7;;;19;5x4;2;;;;10;;;;;;;;;;;;;;4370;;;;;;;;62;62;;;;;;;;;;;;;;;;;;;;;;;;;
W_MultiAge_CARE25A10;Custode della Foresta;Forest Warden;9d14279f2;1;;19;5x4;2;;;;140;;;;;;;;;;;270;;;43750;;;;;;;;245;245;;;355;355;;;;;;;;;;;;;;;;3;;;;;golden_upgrade_kit_CARE25A:5|selection_kit_CARE25BC:2
W_MultiAge_CARE25A11;Guardiano della Foresta;Forest Guardian;e1c85afc3;1;;19;5x4;2;;;;180;;;;;;;;;;;330;;;48120;;;;;;;;265;265;;;395;395;;;;;;;;;;;;;M;;;5;;;;;selection_kit_CARE25BC:3
W_MultiAge_CARE25A2;Sentinella della Foresta - Lv. 2;Forest Sentinel - Lv. 2;0d094600b;;;19;5x4;2;;;;20;;;;;;;;;;;;;;8750;;;;;;;;83;83;;;31;31;;;;;;;;;;;;;;;;;;;;;
W_MultiAge_CARE25A3;Sentinella della Foresta - Lv. 3;Forest Sentinel - Lv. 3;14410e2b3;;;19;5x4;2;;;;30;;;;;;;;;;;;;;13120;;;;;;;;104;104;;;72;72;;;;;;;;;;;;;;;;;;;;;
W_MultiAge_CARE25A4;Sentinella della Foresta - Lv. 4;Forest Sentinel - Lv. 4;91eb9929a;;;19;5x4;2;;;;40;;;;;;;;;;;;;;17500;;;;;;;;125;125;;;113;113;;;;;;;;;;;;;;;;;;;;;
W_MultiAge_CARE25A5;Sentinella della Foresta - Lv. 5;Forest Sentinel - Lv. 5;4be212592;;;19;5x4;2;;;;50;;;;;;;;;;;;;;21870;;;;;;;;145;145;;;154;154;;;;;;;;;;;;;;;;;;;;;
W_MultiAge_CARE25A6;Sentinella della Foresta - Lv. 6;Forest Sentinel - Lv. 6;de158ce45;;;19;5x4;2;;;;60;;;;;;;;;;;30;;;26250;;;;;;;;165;165;;;195;195;;;;;;;;;;;;;;;;;;;;;
W_MultiAge_CARE25A7;Sentinella della Foresta - Lv. 7;Forest Sentinel - Lv. 7;7d7a90797;;;19;5x4;2;;;;70;;;;;;;;;;;90;;;30620;;;;;;;;185;185;;;235;235;;;;;;;;;;;;;;;;;;;;;
W_MultiAge_CARE25A8;Sentinella della Foresta - Lv. 8;Forest Sentinel - Lv. 8;2834be3eb;;;19;5x4;2;;;;80;;;;;;;;;;;150;;;35000;;;;;;;;205;205;;;275;275;;;;;;;;;;;;;;;;;;;;;
W_MultiAge_CARE25A9;Sentinella della Foresta - Lv. 9;Forest Sentinel - Lv. 9;02918df66;1;;19;5x4;2;;;;100;;;;;;;;;;;210;;;39370;;;;;;;;225;225;;;315;315;;;;;;;;;;;;;;;;1;;;;;selection_kit_CARE25BC:1|silver_upgrade_kit_CARE25A:5
W_MultiAge_CARE25B1;Torre dei Fiori Nano-Nutrizionali;Nano-Nurture Flower Tower;795e0f2b8;1;;19;2x4;;-17020;;;;;;;;35;35;;;;;80;172580;;;;;;;;;;;;72;;72;;;;;;;;;;;;;;;;;;;;;;
W_MultiAge_CARE25B2;Torre dei Fiori Nano-Nutrizionali Ascesa;Ascended Nano-Nurture Flower Tower;e9397a449;1;30;51;2x4;;-17020;;;;;;;;85;85;;;;;160;345160;;;;;;;;;;;;144;;144;;;30;;;;;;;10;;;;;;;;;;;;
W_MultiAge_CARE25C1;Sala da Tè Terrestre;Terra Tea Lounge;fd383290f;1;;19;1x2;;-4250;;;14;;;;;;;;;;;20;;21120;;;;;;;;;;20;;;;20;;;;;;;;;;;;;;;;;;;;;
W_MultiAge_CARE25C2;Sala da Tè Terrestre Ascesa;Ascended Terra Tea Lounge;458a8929e;1;30;51;1x2;;-4250;;;28;;;;;;;;;;;40;;42240;;;;;;;;;;41;;;;41;;;;10;0.04;0.04;;;;;;;;;;;;;;;
W_MultiAge_CARE25D1;Sussurri del Firmamento;Whispers of the Firmament;4e3237734;1;;19;4x5;;;;;150;;;;;;;80;;;;;;;;;75;75;75;75;125;125;125;125;;;;;25;25;25;25;;;;;;;;;;;;;;;;;golden_selection_kit_CARE25A:20
W_MultiAge_CARE25E1;Giardino delle Visioni Unite - Lv. 1;Garden of United Visions - Lv. 1;c229cc82f;1;;23;6x5;2.5;82950;124400;;234;;;;;;;;;;;;;;;;60;60;60;60;;;;;96;96;96;96;5;5;5;5;;;;;;;;;;;;;;;;;upgrade_kit_ascended_CARE24A:3
W_MultiAge_CARE25E2;Giardino delle Visioni Unite - Lv. 2;Garden of United Visions - Lv. 2;1c53fe59a;1;;23;6x5;2.5;138250;207340;;390;;;;;;;;;;;;;;;;100;100;100;100;;;;;192;192;192;192;10;10;10;10;;;;;;;;;;;;;;;;;upgrade_kit_ascended_CARE24A:12
W_MultiAge_CARE26A1;Stazione di purificazione - Liv. 1;Purifier Post - Lv. 1;a10b90011;;;19;5x5;2.5;2130;;;60;;;;;;;;;;;;;26400;;;;;;;;;;;118;;;;;;;;;;;;;;;;;;;;;;;;
W_MultiAge_CARE26A2;Stazione di purificazione - Liv. 2;Purifier Post - Lv. 2;f7eb3f6e2;;;19;5x5;2.5;5320;;;85;;;;;;;;;;;;;52800;;;;;;;;;;;143;;;;;;;;;;;;;;;;;;;;;;;;
W_MultiAge_CARE26A3;Stazione di purificazione - Liv. 3;Purifier Post - Lv. 3;6eeef373a;;;19;5x5;2.5;9570;;;110;;;;;;;;;;;;;105600;;;;;;;;;;;168;;;;;;;;;;;;;;;;;;;;;;;;
W_MultiAge_CARE26A4;Stazione di purificazione - Liv. 4;Purifier Post - Lv. 4;c3268d12d;;;19;5x5;2.5;14890;;;135;;;;;;;;;;;;;158400;;;;50;;;83;83;;;193;;;;;;;;;;;;;;;;;;;;;;;;
W_MultiAge_CARE26A5;Stazione di purificazione - Liv. 5;Purifier Post - Lv. 5;b6465e8d4;;;19;5x5;2.5;21270;;;160;;;;;;;;;;;;;211200;;;;62;;;143;143;;;218;;;;;;;;;;;;;;;;;;;;;;;;
W_MultiAge_CARE26A6;Posto del purificatore - Liv. 6;Purifier Post - Lv. 6;2871b10ee;;;19;5x5;2.5;28710;;;185;;;;;;;;;;;;;264010;;;;77;;;203;203;;;243;;;;;;;;;;;;;;;;;;;;;;;;
W_MultiAge_CARE26A7;Posto del purificatore - Liv. 7;Purifier Post - Lv. 7;0cddd9dac;1;;19;5x5;2.5;42540;;10;210;;;;;;;;;;;;;316810;;;;92;;;263;263;;;283;;;;;;;;;;;;;;;;M;;;;;;;;selection_kit_CARE26BC:1|silver_upgrade_kit_CARE26A:5
W_MultiAge_CARE26A8;Torre del purificatore;Purifier Tower;130052674;1;;19;5x5;2.5;64870;;15;265;;;;;;;;;;;;;369610;;;;122;;;323;323;;;343;;;;;;;;;;;;;;;;M;;;;;;;;golden_upgrade_kit_CARE26A:5|selection_kit_CARE26BC:2
W_MultiAge_CARE26A9;Apice del depuratore;Purifier Apex;8bbf28e58;1;;19;5x5;2.5;95710;;25;350;;;;;;;;;;;;;422410;;;;167;;;383;383;;;423;;;;;;;;;;;;;;;;M;;;;;;;;selection_kit_CARE26BC:3
W_MultiAge_CARE26B1;Campo dei Droni della strada del riciclo;Field of Recycling Drones;17e4bdb62;1;;19;2x3;;-31900;9570;;;;;;;;;82;;;;;;;;;;;;;;92;;;;;;;;;;;;;;;;;;;;;;;;2;;;
W_MultiAge_CARE26B2;Campo dei droni della strada del riciclo asceso;Ascended Field of Recycling Drones;57eecb83b;1;30;51;2x3;;-31900;19140;;;;;;;;;142;;;;;;;;;;;;;;182;;;;;;;30;;;;0.04;;16600;;;5;;;;;;;;3;;;
W_MultiAge_CARE26C1;Rifugio della Birra Terrestre;Terra Brew Lodge;a4a3559ff;1;;19;2x2;;-38280;;;46;;;3.2;;;;;;;;;;;;;25;;;20;;;;;;;;;;;;;;;;;;;;;;;;;;;;1;
W_MultiAge_CARE26C2;Rifugio dell'infuso terrestre asceso;Ascended Terra Brew Lodge;35d21d5f3;1;30;51;2x2;;-38280;;;86;;;5.8;;;;;;;;;;;;;40;;;42;;;;;;;;;;;21;21;;0.02;;11100;6;;;;;;;;;;;2;
W_MultiAge_CARE26D1;Rootline Express;Rootline Express;9ddac53ec;1;;19;3x6;;;;;162;0.05;;;;;;;;;;;;;;;240;240;240;240;;;;;290;290;290;290;25;25;25;25;;;;;;;;;M;;;;;;;;golden_selection_kit_CARE26A:20
W_MultiAge_CARE26E1;Centro Terrafarm - Liv. 1;Terrafarm Center - Lv. 1;a4c0bee83;;;23;5x4;2;90390;85060;;;;;;;;;;;;0.02;;269660;;;;;;;;;293;;293;;;;;5;5;5;5;;;;;;;;;M;;;;;;;;upgrade_kit_ascended_CUP22A:3
W_MultiAge_CARE26E2;Centro Terrafarm - Liv. 2;Terrafarm Center - Lv. 2;9e005e64b;1;;23;5x4;2;113790;191390;;;;;;;;;;;;0.05;;895260;;;;;;;;;423;;423;;;;;10;10;10;10;;;;;;;;;M;;;;;;3;;upgrade_kit_ascended_CUP22A:12
W_MultiAge_COP24A1;Yggdrasil - Liv. 1;Yggdrasil - Lv. 1;R_MultiAge_CulturalBuilding1a-06c00420c;;;19;3x3;;;;;4;;;;;15;;;;;;;11828;10713;273;;14;;;;7;;;;7;;;;;;;;;;;;;;;;;;;;;;;;
W_MultiAge_COP24A10TEMP;Yggdrasil Asceso;Ascended Yggdrasil;af449d583;1;28;51;3x3;;;;;41;;;;;115;;;;;;;380903;151533;11232;;113;;;;57;;;;57;;;;75;;;;;;;;;;;;;6;;;;;;;
W_MultiAge_COP24A2;Yggdrasil - Liv. 2;Yggdrasil - Lv. 2;R_MultiAge_CulturalBuilding1b-f1168e7d7;;;19;3x3;;;;;8;;;;;25;;;;;;;50119;25511;1440;;24;;;;12;;;;12;;;;;;;;;;;;;;;;;;;;;;;;
W_MultiAge_COP24A3;Yggdrasil - Liv. 3;Yggdrasil - Lv. 3;R_MultiAge_CulturalBuilding1c-ac1eedd41;;;19;3x3;;;;;11;;;;;35;;;;;;;88207;39287;2592;;34;;;;17;;;;17;;;;;;;;;;;;;;;;;1;;;;;;;
W_MultiAge_COP24A4;Yggdrasil - Liv. 4;Yggdrasil - Lv. 4;R_MultiAge_CulturalBuilding1d-d2f2eb39f;;;19;3x3;;;;;15;;;;;45;;;;;;;126300;54082;3642;;44;;;;22;;;;22;;;;;;;;;;;;;;;;;1;;;;;;;
W_MultiAge_COP24A5;Yggdrasil - Liv. 5;Yggdrasil - Lv. 5;R_MultiAge_CulturalBuilding1e-7823bb489;;;19;3x3;;;;;19;;;;;55;;;;;;;163721;67349;4896;;54;;;;27;;;;27;;;;;;;;;;;;;;;;;2;;;;;;;
W_MultiAge_COP24A6;Yggdrasil - Liv. 6;Yggdrasil - Lv. 6;R_MultiAge_CulturalBuilding1f-4bf7fab82;;;19;3x3;;;;;23;;;;;65;;;;;;;203149;82653;5904;;64;;;;32;;;;32;;;;;;;;;;;;;;;;;2;;;;;;;
W_MultiAge_COP24A7;Yggdrasil - Liv. 7;Yggdrasil - Lv. 7;R_MultiAge_CulturalBuilding1g-357c0dfcd;;;19;3x3;;;;;26;;;;;75;;;;;;;240570;96939;7128;;74;;;;37;;;;37;;;;;;;;;;;;;;;;;3;;;;;;;
W_MultiAge_COP24A8;Yggdrasil - Liv. 8;Yggdrasil - Lv. 8;R_MultiAge_CulturalBuilding1h-4780b46f4;;;19;3x3;;;;;30;;;;;85;;;;;;;277991;111227;8208;;84;;;;42;;;;42;;;;;;;;;;;;;;;;;3;;;;;;;
W_MultiAge_COP24A9;Yggdrasil - Liv. 9;Yggdrasil - Lv. 9;R_MultiAge_CulturalBuilding1i-9b93ef396;1;;19;3x3;;;;;34;;;;;95;;;;;;;317419;125513;9400;;94;;;;47;;;;47;;;;50;;;;;;;;;;;;;4;;;;;;;
W_MultiAge_COP24B1;Tempio Shintoista - Liv. 1;Shinto Temple - Lv. 1;R_MultiAge_CulturalBuilding3a-f0e7fd06e;;;19;3x4;;;;;10;;;;;5;45;;;;;;70836;10681;;;;;8;8;;;4;4;;;4;4;;;;;;;;;;;;;;;;;;;;;
W_MultiAge_COP24B10TEMP;Tempio Scintoista Asceso;Ascended Shinto Temple;7fb249a0e;1;28;51;3x4;;;;;77;;;;;65;440;;;;;;452629;180274;;;;;85;85;;;42;42;;;42;42;;;60;30;;;;;;;;;;6;;;;;;;
W_MultiAge_COP24B2;Tempio Shintoista - Liv. 2;Shinto Temple - Lv. 2;R_MultiAge_CulturalBuilding3b-ab696962a;;;19;3x4;;;;;17;;;;;10;85;;;;;;108701;27892;;;;;16;16;;;8;8;;;8;8;;;;;;;;;;;;;;;;;;;;;
W_MultiAge_COP24B3;Tempio Shintoista - Liv. 3;Shinto Temple - Lv. 3;R_MultiAge_CulturalBuilding3c-8840a7124;;;19;3x4;;;;;23;;;;;15;125;;;;;;147908;44899;;;;;24;24;;;12;12;;;12;12;;;;;;;;;;;;;;1;;;;;;;
W_MultiAge_COP24B4;Tempio Shintoista - Liv. 4;Shinto Temple - Lv. 4;R_MultiAge_CulturalBuilding3d-769df0761;;;19;3x4;;;;;30;;;;;20;165;;;;;;185329;62585;;;;;31;31;;;15;15;;;15;15;;;;;;;;;;;;;;1;;;;;;;
W_MultiAge_COP24B5;Tempio Shintoista - Liv. 5;Shinto Temple - Lv. 5;R_MultiAge_CulturalBuilding3e-69a653c11;;;19;3x4;;;;;37;;;;;25;205;;;;;;224531;80274;;;;;39;39;;;19;19;;;19;19;;;;;;;;;;;;;;2;;;;;;;
W_MultiAge_COP24B6;Tempio Shintoista - Liv. 6;Shinto Temple - Lv. 6;R_MultiAge_CulturalBuilding3f-6adb6e095;;;19;3x4;;;;;44;;;;;30;245;;;;;;261952;96599;;;;;47;47;;;23;23;;;23;23;;;;;;;;;;;;;;2;;;;;;;
W_MultiAge_COP24B7;Tempio Shintoista - Liv. 7;Shinto Temple - Lv. 7;R_MultiAge_CulturalBuilding3g-12c2db7a0;;;19;3x4;;;;;50;;;;;35;285;;;;;;301159;114288;;;;;55;55;;;27;27;;;27;27;;;;;;;;;;;;;;3;;;;;;;
W_MultiAge_COP24B8;Tempio Shintoista - Liv. 8;Shinto Temple - Lv. 8;R_MultiAge_CulturalBuilding3h-65bfc48be;;;19;3x4;;;;;57;;;;;45;325;;;;;;338580;131295;;;;;62;62;;;31;31;;;31;31;;;;;;;;;;;;;;3;;;;;;;
W_MultiAge_COP24B9;Tempio Shintoista - Liv. 9;Shinto Temple - Lv. 9;R_MultiAge_CulturalBuilding3i-a60a411eb;1;;19;3x4;;;;;64;;;;;55;365;;;;;;376894;149660;;;;;70;70;;;35;35;;;35;35;;;40;20;;;;;;;;;;4;;;;;;;
W_MultiAge_COP24C1;Bagni reali - Liv. 1;Royal Bathhouse - Lv. 1;R_MultiAge_CulturalBuilding6a-c380ff8e1;;;19;3x4;;;;;12;;;2;;;;;;;;50;59696;;;;12;12;17;12;7;7;8;7;7;7;8;7;;;;;;;;;;;;;;;;;;;;;
W_MultiAge_COP24C2;Bagni reali - Liv. 2;Royal Bathhouse - Lv. 2;R_MultiAge_CulturalBuilding6b-37b0395e2;;;19;3x4;;;;;24;;;6;;;;;;;;140;122959;;;;26;26;37;26;14;14;18;14;14;14;18;14;;;;;;;;;;;;;;;;;;;;;
W_MultiAge_COP24C3;Bagni reali - Liv. 3;Royal Bathhouse - Lv. 3;R_MultiAge_CulturalBuilding6c-f1c4a8ab8;;;19;3x4;;;;;37;;;9;;;;;;;;230;187110;;;;40;40;57;40;20;20;28;20;20;20;28;20;;;;;;;;;;;;;;;;;;;;;
W_MultiAge_COP24C4;Bagni reali - Liv. 4;Royal Bathhouse - Lv. 4;R_MultiAge_CulturalBuilding6d-e14e27da7;;;19;3x4;;;;;49;;;13;;;;;;;;320;250373;;;;54;54;77;54;27;27;38;27;27;27;38;27;;;;;;;;;;;;;;;;;;;;;
W_MultiAge_COP24C5;Bagni reali - Liv. 5;Royal Bathhouse - Lv. 5;R_MultiAge_CulturalBuilding6e-874de2306;;;19;3x4;;;;;62;;;16;;;;;;;;410;313631;;;;68;68;97;68;34;34;48;34;34;34;48;34;;;;;;;;;;;;;;;;;;;;;
W_MultiAge_COP24C6;Bagni reali - Liv. 6;Royal Bathhouse - Lv. 6;R_MultiAge_CulturalBuilding6f-43211ec7f;1;;19;3x4;;;;;74;;;20;;;;;;;;500;376894;;;;82;82;117;82;40;40;58;40;40;40;58;40;20;20;60;20;;;;;;;;;;;;;;;;;
W_MultiAge_COP24C7TEMP;Bagno Reale Asceso;Ascended Royal Bathhouse;cd1d2c189;1;28;51;3x4;;;;;90;;;24;;;;;;;;600;452629;;;;98;98;140;98;49;49;70;49;49;49;70;49;30;30;90;30;;;;;;;;;;;;;;;;;
W_MultiAge_COP24D1;Tempio del sole - Liv. 1;Sun Temple - Lv. 1;R_MultiAge_CulturalBuilding7a-f4edf8fc4;;;19;4x3;;;;;11;;;;;10;30;;;;;;48112;10681;;;;20;;;;12;;;;12;;;;;;;;;;;;;;;;;;;;;;;
W_MultiAge_COP24D10TEMP;Tempio del Sole Asceso;Ascended Sun Temple;50b526b14;1;28;51;4x3;;;;;82;;;;;70;375;;;;;;494505;195241;;;;152;;;;76;;;;76;;;;75;;;;;;;;;;;;;;;;;;;
W_MultiAge_COP24D2;Tempio del sole - Liv. 2;Sun Temple - Lv. 2;R_MultiAge_CulturalBuilding7b-ada3eefb3;;;19;4x3;;;;;18;;;;;15;65;;;;;;92662;29932;;;;33;;;;18;;;;18;;;;;;;;;;;;;;;;;;;;;;;
W_MultiAge_COP24D3;Tempio del sole - Liv. 3;Sun Temple - Lv. 3;R_MultiAge_CulturalBuilding7c-39c24d5a5;;;19;4x3;;;;;25;;;;;20;100;;;;;;138105;48981;;;;47;;;;25;;;;25;;;;;;;;;;;;;;;;;;;;;;;
W_MultiAge_COP24D4;Tempio del sole - Liv. 4;Sun Temple - Lv. 4;R_MultiAge_CulturalBuilding7d-9aaf3acbb;;;19;4x3;;;;;32;;;;;25;135;;;;;;184436;68028;;;;60;;;;31;;;;31;;;;;;;;;;;;;;;;;;;;;;;
W_MultiAge_COP24D5;Tempio del sole - Liv. 5;Sun Temple - Lv. 5;R_MultiAge_CulturalBuilding7e-df61afe29;;;19;4x3;;;;;39;;;;;30;170;;;;;;228986;87075;;;;73;;;;38;;;;38;;;;;;;;;;;;;;;;;;;;;;;
W_MultiAge_COP24D6;Tempio del sole - Liv. 6;Sun Temple - Lv. 6;R_MultiAge_CulturalBuilding7f-98edef493;;;19;4x3;;;;;47;;;;;35;205;;;;;;275317;105445;;;;86;;;;44;;;;44;;;;;;;;;;;;;;;;;;;;;;;
W_MultiAge_COP24D7;Tempio del sole - Liv. 7;Sun Temple - Lv. 7;R_MultiAge_CulturalBuilding7g-f826d2cd0;;;19;4x3;;;;;54;;;;;40;240;;;;;;320760;125171;;;;100;;;;50;;;;50;;;;;;;;;;;;;;;;;;;;;;;
W_MultiAge_COP24D8;Tempio del sole - Liv. 8;Sun Temple - Lv. 8;R_MultiAge_CulturalBuilding7h-5a35e05fc;;;19;4x3;;;;;61;;;;;50;275;;;;;;365310;143541;;;;113;;;;57;;;;57;;;;;;;;;;;;;;;;;;;;;;;
W_MultiAge_COP24D9;Tempio del sole - Liv. 9;Sun Temple - Lv. 9;R_MultiAge_CulturalBuilding7i-856338906;1;;19;4x3;;;;;68;;;;;60;310;;;;;;411641;163267;;;;126;;;;63;;;;63;;;;50;;;;;;;;;;;;;;;;;;;
W_MultiAge_COP24E1;Tempio Mughal - Liv. 1;Mughal's Temple - Lv. 1;R_MultiAge_CulturalBuilding9a-60285f3c2;;;19;4x4;;;;;20;;;;;25;;;;;;;206711;123357;;;;;;25;;;;15;;;;15;;;;;;;;;;;;;;;;;;;;;
W_MultiAge_COP24E2;Tempio Mughal - Liv. 2;Mughal's Temple - Lv. 2;R_MultiAge_CulturalBuilding9b-98ababd86;;;19;4x4;;;;;38;;;;;50;;;;;;;270862;146033;;;;;;55;;;;30;;;;30;;;;;;;;;;;;;;1;;;;;;;
W_MultiAge_COP24E3;Tempio Mughal - Liv. 3;Mughal's Temple - Lv. 3;R_MultiAge_CulturalBuilding9c-6d8e969c1;;;19;4x4;;;;;55;;;;;75;;;;;;;336202;168709;;;;;;85;;;;44;;;;44;;;;;;;;;;;;;;2;;;;;;;
W_MultiAge_COP24E4;Tempio Mughal - Liv. 4;Mughal's Temple - Lv. 4;R_MultiAge_CulturalBuilding9d-aecd2c1ef;;;19;4x4;;;;;73;;;;;105;;;;;;;401542;190480;;;;;;115;;;;59;;;;59;;;;;;;;;;;;;;4;;;;;;;
W_MultiAge_COP24E5;Tempio Mughal - Liv. 5;Mughal's Temple - Lv. 5;R_MultiAge_CulturalBuilding9e-5536deec5;;;19;4x4;;;;;91;;;;;130;;;;;;;465698;213156;;;;;;145;;;;73;;;;73;;;;;;;;;;;;;;6;;;;;;;
W_MultiAge_COP24E6;Tempio Mughal - Liv. 6;Mughal's Temple - Lv. 6;R_MultiAge_CulturalBuilding9f-f777be389;1;;19;4x4;;;;;108;;;;;175;;;;;;;531038;235832;;;;;;175;;;;88;;;;88;;;;60;;;;;;;;;;8;;;;;;;
W_MultiAge_COP24E7TEMP;Tempio di Mughal Asceso;Ascended Mughal's Temple;59ed6e223;1;28;51;4x4;;;;;130;;;;;210;;;;;;;636769;282997;;;;;;211;;;;106;;;;106;;;;90;;;;;;;;;;12;;;;;;;
W_MultiAge_COP24J1;Capanna degli Strumenti Sacri - Lv. 1;Hut of the Sacred Instruments - Lv. 1;e62a7950c;;;19;4x3;;;;;12;;;1;;;65;;;;;;48112;10681;;;9;9;;;5;5;;;5;5;;;;;;;;;;;;;;;;;;;;;;;
W_MultiAge_COP24J10TEMP;Capanna degli Strumenti Sacri Ascesa ;Ascended Hut of the Sacred Instruments;42e75621d;1;28;51;4x3;;;;;84;;;21;;;630;;;;;;493612;195241;;;93;93;;;46;46;;;46;46;;;45;45;;;;;;;;;;;;;;;;;;;
W_MultiAge_COP24J2;Capanna degli Strumenti Sacri - Lv. 2;Hut of the Sacred Instruments - Lv. 2;344a5c706;;;19;4x3;;;;;19;;;3;;;120;;;;;;92662;29253;;;18;18;;;9;9;;;9;9;;;;;;;;;;;;;;;;;;;;;;;
W_MultiAge_COP24J3;Capanna degli Strumenti Sacri - Lv. 3;Hut of the Sacred Instruments - Lv. 3;4068c381e;;;19;4x3;;;;;27;;;5;;;180;;;;;;138105;48300;;;26;26;;;13;13;;;13;13;;;;;;;;;;;;;;;;;;;;;;;
W_MultiAge_COP24J4;Capanna degli Strumenti Sacri - Lv. 4;Hut of the Sacred Instruments - Lv. 4;c662581a2;;;19;4x3;;;;;34;;;7;;;235;;;;;;184436;68028;;;35;35;;;17;17;;;17;17;;;;;;;;;;;;;;;;;;;;;;;
W_MultiAge_COP24J5;Capanna degli Strumenti Sacri - Lv. 5;Hut of the Sacred Instruments - Lv. 5;972dfcadf;;;19;4x3;;;;;41;;;9;;;295;;;;;;228986;87075;;;43;43;;;22;22;;;22;22;;;;;;;;;;;;;;;;;;;;;;;
W_MultiAge_COP24J6;Capanna degli Strumenti Sacri - Lv. 6;Hut of the Sacred Instruments - Lv. 6;7b144f24a;;;19;4x3;;;;;48;;;11;;;350;;;;;;274429;105445;;;52;52;;;26;26;;;26;26;;;;;;;;;;;;;;;;;;;;;;;
W_MultiAge_COP24J7;Capanna degli Strumenti Sacri - Lv. 7;Hut of the Sacred Instruments - Lv. 7;7f6e2ba32;;;19;4x3;;;;;56;;;13;;;410;;;;;;320760;125171;;;60;60;;;30;30;;;30;30;;;;;;;;;;;;;;;;;;;;;;;
W_MultiAge_COP24J8;Capanna degli Strumenti Sacri - Lv. 8;Hut of the Sacred Instruments - Lv. 8;27bf2a685;;;19;4x3;;;;;63;;;15;;;465;;;;;;365310;143541;;;69;69;;;34;34;;;34;34;;;;;;;;;;;;;;;;;;;;;;;
W_MultiAge_COP24J9;Capanna degli Strumenti Sacri - Lv. 9;Hut of the Sacred Instruments - Lv. 9;2803a3f4d;1;;19;4x3;;;;;70;;;17;;;525;;;;;;411641;163267;;;77;77;;;38;38;;;38;38;;;30;30;;;;;;;;;;;;;;;;;;;
W_MultiAge_COP24JB1;Palcoscenico della Danza Grande - Lv. 1;Great Dance Stage - Lv. 1;10b4dc3ab;;;19;2x2;;;;;1;;;;;;;;;;;;17820;;;;1;1;;;;;;;;;;;;;;;;;;;;;;;;;;;;;;;
W_MultiAge_COP24JB2;Palcoscenico della Danza Grande - Lv. 2;Great Dance Stage - Lv. 2;8809b6475;;;19;2x2;;;;;1;;;;;;;;;;;;23760;;;;2;2;;;;;;;;;;;;;;;;;;;;;;;;;;;;;;;
W_MultiAge_COP24JB3;Palcoscenico della Danza Grande - Lv. 3;Great Dance Stage - Lv. 3;8c468630c;;;19;2x2;;;;;2;;;;;;;;;;;;29700;;;;3;3;;;;;;;;;;;;;;;;;;;;;;;;;;;;;;;
W_MultiAge_COP24JB4;Palcoscenico della Danza Grande - Lv. 4;Great Dance Stage - Lv. 4;9157683c4;;;19;2x2;;;;;2;;;;;5;;;;;;;35640;;;;4;4;;;;;;;;;;;;;;;;;;;;;;;;;;;;;;;
W_MultiAge_COP24JB5;Palcoscenico della Danza Grande - Lv. 5;Great Dance Stage - Lv. 5;f68306d32;1;;19;2x2;;;;;4;;;;;5;;;;;;;47520;;;;5;5;;;;;;;;;;;;;;;;;;;;;;;;;;;;;;;
W_MultiAge_COP25K1;Baia del Tesoro Pirata - Livello 1;Pirate Treasure Cove - Lv. 1;90e11f524;;;19;5x3;;;;;10;;;;;25;;;5;;;;14020;38020;1640;;;;;;;20;50;50;;20;50;50;;4;10;10;;;;;;;;;;;;;;;;;
W_MultiAge_COP25K10TEMP;Baia del Tesoro Pirata Ascesa;Ascended Pirate Treasure Cove;320f31a66;1;28;51;5x3;;;;;143;;;;35;340;;;77;;;;183370;628330;27890;;;;;;;306;697;697;;306;697;697;;40;153;153;;;;;;;;;;;;;;;;;
W_MultiAge_COP25K2;Baia del Tesoro Pirata - Livello 2;Pirate Treasure Cove - Lv. 2;4fb20b0b2;;;19;5x3;;;;;20;;;;;47;;;10;;;;25760;79470;3490;;;;;;;40;95;95;;40;95;95;;7;20;20;;;;;;;;;;;;;;;;;
W_MultiAge_COP25K3;Baia del Tesoro Pirata - Livello 3;Pirate Treasure Cove - Lv. 3;3a6a21676;;;19;5x3;;;;;29;;;;;69;;;15;;;;37480;120910;5340;;;;;;;60;140;140;;60;140;140;;10;30;30;;;;;;;;;;;;;;;;;
W_MultiAge_COP25K4;Baia del Tesoro Pirata - Livello 4;Pirate Treasure Cove - Lv. 4;8837734ce;;;19;5x3;;;;;38;;;;;91;;;20;;;;49220;162360;7170;;;;;;;80;185;185;;80;185;185;;12;40;40;;;;;;;;;;;;;;;;;
W_MultiAge_COP25K5;Baia del Tesoro Pirata - Livello 5;Pirate Treasure Cove - Lv. 5;6b07e13c9;;;19;5x3;;;;;47;;;;;113;;;25;;;;60940;203810;9020;;;;;;;100;230;230;;100;230;230;;15;50;50;;;;;;;;;;;;;;;;;
W_MultiAge_COP25K6;Baia del Tesoro Pirata - Livello 6;Pirate Treasure Cove - Lv. 6;dd1ce5bf7;;;19;5x3;;;;;57;;;;;135;;;30;;;;72680;245260;10870;;;;;;;120;275;275;;120;275;275;;18;60;60;;;;;;;;;;;;;;;;;
W_MultiAge_COP25K7;Baia del Tesoro Pirata - Livello 7;Pirate Treasure Cove - Lv. 7;3325f7dff;;;19;5x3;;;;;66;;;;;157;;;35;;;;84400;286710;12720;;;;;;;140;320;320;;140;320;320;;20;70;70;;;;;;;;;;;;;;;;;
W_MultiAge_COP25K8;Baia del Tesoro Pirata - Livello 8;Pirate Treasure Cove - Lv. 8;250d5f58f;;;19;5x3;;;;;75;;;;;179;;;40;;;;96140;328160;14560;;;;;;;160;365;365;;160;365;365;;23;80;80;;;;;;;;;;;;;;;;;
W_MultiAge_COP25K9;Baia del Tesoro Pirata - Livello 9;Pirate Treasure Cove - Lv. 9;8c2e27b57;1;;19;5x3;;;;;84;;;;20;200;;;45;;;;107860;369610;16410;;;;;;;180;410;410;;180;410;410;;25;90;90;;;;;;;;;;;;;;;;;
W_MultiAge_COP25KB1;Nascondiglio di Barbanera - Livello 1;Blackbeard's Hideout - Lv. 1;f22f8da5c;;;19;2x2;1;;;;2;;;;;5;5;5;;;;;4850;26400;;;;;5;;;;;;;;;;;;;;;;;;;;;;;;;;;;;;
W_MultiAge_COP25KB2;Nascondiglio di Barbanera - Livello 2;Blackbeard's Hideout - Lv. 2;414dce21f;;;19;2x2;1;;;;4;;;;;10;10;5;;;;;9040;46200;;;;;10;;;;;;;;;;;;;;;;;;;;;;;;;;;;;;
W_MultiAge_COP25KB3;Nascondiglio di Barbanera - Livello 3;Blackbeard's Hideout - Lv. 3;8f6dd544f;;;19;2x2;1;;;;6;;;;;15;15;10;;;;;13210;66000;;;;;15;;;;;;;;;;;;;;;;;;;;;;;;;;;;;;
W_MultiAge_COP25KB4;Nascondiglio di Barbanera - Livello 4;Blackbeard's Hideout - Lv. 4;2f569b72a;;;19;2x2;1;;;;8;;;;;20;20;15;;;;;17400;85800;;;;;20;;;;;;;;;;;;;;;;;;;;;;;;;;;;;;
W_MultiAge_COP25KB5;Nascondiglio di Barbanera - Livello 5;Blackbeard's Hideout - Lv. 5;cf030f7a7;1;;19;2x2;1;;;;10;;;;;25;25;20;;;;;21570;105600;;;;;25;;;;;;;;;;;;;;;;;;;;;;;;;;;;;;
W_MultiAge_CUP20A1;Carceres dell'Ippodromo - Lv. 1;Hippodrome Carceres - Lv. 1;R_MultiAge_SoccerBonus20a-4acce6ae1;;;19;3x4;1.5;6499;5580;;;;;;;;;;;;;;97300;;;;;;;;;;;;;;;;;;;;;;;;;;;;;;;;;;;;
W_MultiAge_CUP20A2;Carceres dell'Ippodromo - Lv. 2;Hippodrome Carceres - Lv. 2;R_MultiAge_SoccerBonus20b-6dfdac4e1;;;19;3x4;1.5;6959;6520;;1;;;;;;;;;;;;114500;;361;;;;;;;;;;;;;;;;;;;;;;;;;;;;;;;;;;
W_MultiAge_CUP20A3;Carceres dell'Ippodromo - Lv. 3;Hippodrome Carceres - Lv. 3;R_MultiAge_SoccerBonus20c-075043433;;;19;3x4;1.5;7764;7450;;2;;;;;;;;;;;;131500;;600;;;;;;;;;;;;;;;;;;;;;;;;;;;;;;;;;;
W_MultiAge_CUP20A4;Carceres dell'Ippodromo - Lv. 4;Hippodrome Carceres - Lv. 4;R_MultiAge_SoccerBonus20d-1044a03cf;;;19;3x4;1.5;8281;8370;;3;;;;;5;;;;;;;148800;;960;;;;;;;;;;;;;;;;;;;;;;;;;;;;;;;;;;
W_MultiAge_CUP20A5;Carceres dell'Ippodromo - Lv. 5;Hippodrome Carceres - Lv. 5;R_MultiAge_SoccerBonus20e-75588617f;;;19;3x4;1.5;8972;9760;;4;;;;;10;;;;;;;166000;;1320;;;;;;;;;;;;;;;;;;;;;;;;;;;;;;;;;;
W_MultiAge_CUP20A6;Carceres dell'Ippodromo - Lv. 6;Hippodrome Carceres - Lv. 6;R_MultiAge_SoccerBonus20f-15e5bab9e;1;;19;3x4;1.5;9432;11160;;6;;;;;15;;;;;;;183000;;1680;;;21;;;;;;;;;;;;;;;;;;;;;;;;;;;;;;;
W_MultiAge_CUP20B1;Sphendone dell'Ippodromo - Lv. 1;Hippodrome Sphendone - Lv. 1;R_MultiAge_SoccerBonus20g-4833bcf11;;;19;4x4;2;8511;7450;;;;;;;;;;;;;;137300;;;;;;;;;;;;;;;;;;;;;;;;;;;;;;;;;;;;
W_MultiAge_CUP20B2;Sphendone dell'Ippodromo - Lv. 2;Hippodrome Sphendone - Lv. 2;R_MultiAge_SoccerBonus20h-f8e9db4aa;;;19;4x4;2;9432;8680;;;;;;;3;;;;;;;160200;14890;;;;;;;;;;;;;;;;;;;;;;;;;;;;;;;;;;;
W_MultiAge_CUP20B3;Sphendone dell'Ippodromo - Lv. 3;Hippodrome Sphendone - Lv. 3;R_MultiAge_SoccerBonus20i-2351cc6db;;;19;4x4;2;10505;9930;;1;;;;;6;;;;;;;183000;17680;;;;;;;;;;;;;;;;;;;;;;;;;;;;;;;;;;;
W_MultiAge_CUP20B4;Sphendone dell'Ippodromo - Lv. 4;Hippodrome Sphendone - Lv. 4;R_MultiAge_SoccerBonus20j-53f20dd96;;;19;4x4;2;10889;11160;;3;;;;;9;;;;;;;206000;20470;;;;;;;;;;;;;;;;;;;;;;;;;;;;;;;;;;;
W_MultiAge_CUP20B5;Sphendone dell'Ippodromo - Lv. 5;Hippodrome Sphendone - Lv. 5;R_MultiAge_SoccerBonus20k-2879d5d9c;;;19;4x4;2;11502;13020;;5;;;;;12;;;;;;;229000;23260;;;;;;;;;;;;;;;;;;;;;;;;;;;;;;;;;;;
W_MultiAge_CUP20B6;Sphendone dell'Ippodromo - Lv. 6;Hippodrome Sphendone - Lv. 6;R_MultiAge_SoccerBonus20l-8479d4f58;1;;19;4x4;2;12499;14890;;8;;;;;15;;;;;;;251800;26050;;;;;28;;;;;;;;;;;;;;;;;;;;;;;;;;;;;;
W_MultiAge_CUP20C1;Pista Venetoi;Venetoi Track;D_MultiAge_SoccerBonus20Venetoi-aa63eba04;1;;19;1x4;;;4070;;;;;;;3;;;;;;;;;;;;;;;;;;;;;;;;;;;;;;;;;;;;;;;;;;;
W_MultiAge_CUP20D1;Pista Leukoi;Leukoi Track;D_MultiAge_SoccerBonus20Leukoi-0e86debb5;1;;19;1x4;;;4070;;1;;;;;;;;;;;;;;;;;;;;;;;;;;;;;;;;;;;;;;;;;;;;;;;;
W_MultiAge_CUP20E1;Pista Rousioi;Rousioi Track;D_MultiAge_SoccerBonus20Rousioi-18872cc80;1;;19;1x4;;;4070;;;;;;;;;;;;;;;;;;;3;;;;;;;;;;;;;;;;;;;;;;;;;;;;;;;
W_MultiAge_CUP22A1;Mulino a vento Genziana - Liv. 1;Gentiana Windmill - Lv. 1;R_MultiAge_SoccerBonus22a-7fb545889;;;19;4x5;2;9777;13970;;;;;;;;;;;;;;98200;;;;;;;;;;;;;;;;;;;;;;;;;;;;;;;;;;;;
W_MultiAge_CUP22A10;Mulino a vento di azalee;Azalea Windmill;9c9810bb4;1;;19;4x5;;42540;53160;;200;;;;;180;170;;;;;100;475460;380170;;;191;191;;;;;211;211;;;;;10;10;;;;;;;;;;;M;;;;;;;;selection_kit_gentiana_windmill_farmland:4
W_MultiAge_CUP22A11;Mulino con Buganville;Bougainvillea Windmill;b3023b585;1;90;51;4x5;;42540;106330;;450;;;;;350;330;;;;;300;961700;876500;;;411;411;;;;;421;421;;;;;25;25;;;;;;;;;200;8000;M;;;;;;;;selection_kit_gentiana_windmill_farmland:5
W_MultiAge_CUP22A2;Mulino a vento Genziana - Liv. 2;Gentiana Windmill - Lv. 2;R_MultiAge_SoccerBonus22b-aaf8082d5;;;19;4x5;2;10064;15130;;;;;;;;;;;;;;99200;;;;;;;;;;;;;;;;;;;;;;;;;;;;;;;;;;;;
W_MultiAge_CUP22A3;Mulino a vento Genziana - Liv. 3;Gentiana Windmill - Lv. 3;R_MultiAge_SoccerBonus22c-8005eafaa;;;19;4x5;2;10352;16290;;;;;;;;;;;;;;101000;18600;;;;;;;;;;;;;;;;;;;;;;;;;;;;;;;;;;;
W_MultiAge_CUP22A4;Mulino a vento Genziana - Liv. 4;Gentiana Windmill - Lv. 4;R_MultiAge_SoccerBonus22d-13332fadf;;;19;4x5;2;10735;17450;;;;;;;10.5;;;;;;4;102000;19780;;;;;;;;;;;;;;;;;;;;;;;;;;;;;;;;;;;
W_MultiAge_CUP22A5;Mulino a vento Genziana - Liv. 5;Gentiana Windmill - Lv. 5;R_MultiAge_SoccerBonus22e-15d0bb741;;;19;4x5;2;11119;18600;;3;;;;;10.5;;;;;;4;103000;20940;;;;;;;;;;;;;;;;;;;;;;;;;;;;;;;;;;;
W_MultiAge_CUP22A6;Mulino a vento Genziana - Liv. 6;Gentiana Windmill - Lv. 6;R_MultiAge_SoccerBonus22f-3aa9395b4;;;19;4x5;2;11502;19780;;5;;;;;16;;;;;;5;104000;22100;;;;;;;;;;;;;;;;;;;;;;;;;;;;;;;;;;;
W_MultiAge_CUP22A7;Mulino a vento Genziana - Liv. 7;Gentiana Windmill - Lv. 7;R_MultiAge_SoccerBonus22g-75a2051a6;;;19;4x5;2;11981;20940;;7;;;;;16;;;;;;5;104400;24440;;;;;;;;;;;;;;;;;;;;;;;;;;;;;;;;;;;
W_MultiAge_CUP22A8;Mulino a vento Genziana - Liv. 8;Gentiana Windmill - Lv. 8;R_MultiAge_SoccerBonus22h-94c776466;1;;19;4x5;2;12460;22100;;11;;;;;21.5;;;;;;6;190800;26760;;;;27;;;;;;;;;;;;;;;;;;;;;;;;;;;;;;;
W_MultiAge_CUP22A9;Mulino con Glicine;Wisteria Windmill;R_MultiAge_SoccerBonus22i-77c466d98;1;;19;4x5;2;12940;23260;;24;;;;;58.5;;;;;;14;238500;29080;;;32;36;;;;;;;;;;;;;;;;;;;;;;;;;;;;;;;
W_MultiAge_CUP22B1;Sentiero fiorito;Flower Path;D_MultiAge_SoccerBonus22flowerpath-35afd1421;1;;19;4x1;;;4070;;;;;;;5;;;;;;;;;;;;;;;;;;;;;;;;;;;;;;;;;;;;;;;;;;;
W_MultiAge_CUP22B2;Sentiero dei fiori;Flower Trail;48126b23c;1;;19;4x1;;;4250;;;;;;;40;;;;;;;;;;;;;;;;;6;6;;;;;;;;;;;;;;;;;;;;;;;;;
W_MultiAge_CUP22C1;Sentiero tra il grano;Wheat Path;D_MultiAge_SoccerBonus22wheatpath-ca2034ab8;1;;19;4x1;;;4070;;2;;;;;;;;;;;;;;;;;;;;;;;;;;;;;;;;;;;;;;;;;;;;;;;;
W_MultiAge_CUP22C2;Sentiero del Grano;Wheat Trail;839d1316e;1;;19;4x1;;;4250;;25;;;;;;;;;;;;;;;;;;;;;;6;6;;;;;;;;;;;;;;;;;;;;;;;;;
W_MultiAge_CUP22D1;Sentiero tra gli olivi;Olive Tree Path;D_MultiAge_SoccerBonus22olivepath-e268c3c3b;1;;19;4x1;;;4070;;;;;;;;;;;;;;;;;;4;;;;;;;;;;;;;;;;;;;;;;;;;;;;;;;;
W_MultiAge_CUP22D2;Sentiero tra gli olivi;Olive Trail;941935790;1;;19;4x1;;;4250;;;;;;;;28;;;;;;;;;;11;11;;;;;;;;;;;;;;;;;;;;;;;;;;;;;;;
W_MultiAge_CUP22E1;Sentiero roccioso;Rocky Path;D_MultiAge_SoccerBonus22rockypath-b4cb37bb2;1;;19;4x1;;;4070;;;;;;;;;;;;;;;;;;;5;;;;;;;;;;;;;;;;;;;;;;;;;;;;;;;
W_MultiAge_CUP22E2;Sentiero Roccioso;Rocky Trail;fe3ea18e0;1;;19;4x1;;;4250;;;;;;;;;30;;;;;;;;;6;6;;;;;;;;;;;;;;;;;;;;;;;;;;;;;;;
W_MultiAge_CUP23A1;Resort Egeo - liv. 1;Aegean Resort - Lv. 1;63cc5ef92;;;19;4x5;;;;0.5;0.5;;;;;5;;;;;;;;;;;;;;;;;;;;;;;;;;;;;;;;;;;;;;;;;;;
W_MultiAge_CUP23A10a;Resort Egeo per coppie;Aegean Couples Resort;cd9b1a7ec;1;;19;4x5;;;;5;20;;;;;45;15;;;;;;;;;;36;45;26;61;;;;;;;;;;;;;;;;;;;;;;3;;;;;;;selection_kit_CUP23BC:6
W_MultiAge_CUP23A10b;Resort Egeo con giardino;Aegean Garden Resort;8f1eb6671;1;;19;4x5;;;;9;22;;;;;30;31;;;;;;;;;;41;45;;61;;;;;;;;;;;;;;;;;;;;;;3.25;;;;;;;selection_kit_CUP23BC:3
W_MultiAge_CUP23A10c;Resort Egeo con porto;Aegean Marina Resort;98c1f5292;1;;19;4x5;;;;7;24;;;;;61;;;;;;;;;;;;45;39;61;;;;;;;;;;;;;;;;;;;;;;2.25;;;;;;;selection_kit_CUP23BC:13
W_MultiAge_CUP23A2;Resort Egeo - liv. 2;Aegean Resort - Lv. 2;3798f67e9;;;19;4x5;;;;0.5;1;;;;;5;;;;;;;;;;;;;;;;;;;;;;;;;;;;;;;;;;;;;;;;;;;
W_MultiAge_CUP23A3;Resort Egeo - liv. 3;Aegean Resort - Lv. 3;041c33a6c;;;19;4x5;;;;0.5;1.5;;;;;10;;;;;;;;;;;;;;;;;;;;;;;;;;;;;;;;;;;;;;;;;;;
W_MultiAge_CUP23A4;Resort Egeo - liv. 4;Aegean Resort - Lv. 4;4ff4f150f;;;19;4x5;;;;1;2;;;;;10;;;;;;;;;;;;2;;;;;;;;;;;;;;;;;;;;;;;;;;;;;;;
W_MultiAge_CUP23A5;Resort Egeo - liv. 5;Aegean Resort - Lv. 5;fcefb2355;;;19;4x5;;;;1;2.5;;;;;15;;;;;;;;;;;;3;;;;;;;;;;;;;;;;;;;;;;;;;;;;;;;
W_MultiAge_CUP23A6;Resort Egeo - liv. 6;Aegean Resort - Lv. 6;a2727798a;;;19;4x5;;;;1;3;;;;;15;;;;;;;;;;;;5;;;;;;;;;;;;;;;;;;;;;;;;;;;;;;;
W_MultiAge_CUP23A7;Resort Egeo - liv. 7;Aegean Resort - Lv. 7;23eef793e;;;19;4x5;;;;1.5;3.5;;;;;20;;;;;;;;;;;;8;;10;;;;;;;;;;;;;;;;;;;;;;;;;;;;;
W_MultiAge_CUP23A8;Resort Egeo - liv. 8;Aegean Resort - Lv. 8;38bcb50fd;;;19;4x5;;;;2;7.5;;;;;25;;;;;;;;;;;;15;;21;;;;;;;;;;;;;;;;;;;;;;;;;;;;;
W_MultiAge_CUP23A9;Resort Egeo - liv. 9;Aegean Resort - Lv. 9;9a7d92806;1;;19;4x5;;;;3;15;;;;;30;;;;;;;;;;;;31;;42;;;;;;;;;;;;;;;;;;;;;;1;;;;;;;selection_kit_CUP23BC:2
W_MultiAge_CUP23B1;Fattoria di feta;Feta Farm;392dad8d5;1;;19;3x2;;;;;8;;;;;31;;;;;;20;;;;;18;;;23;;;;;;;;;;;;;;;;;;;;;;;;;;;;;
W_MultiAge_CUP23C1;Gyros del golden goal;Golden Goal Gyros;f96db6676;1;;19;2x2;1;;;;7;;;;;;21;;;;;;;;;;;15;16;;;;;;;;;;;;;;;;;;;;;;;;;;;;;;
W_MultiAge_CUP23D1;Buganville in fiore;Flowering Bougainvillea Tree;5eea1581d;1;;19;1x2;;;;;6;;;;;12;;;;;;;;;;;11;;11;11;;;;;;;;;;;;;;;;;;;;;;;;;;;;;golden_selection_kit_CUP23A:20
W_MultiAge_Expedition16aBase;Fattoria Terrazzata;Terrace Farm;P_MultiAge_Expedition16-cf9a5a730;;;19;5x6;2.5;-3470;;;5;;;;;;;;;;;;;;;;;;;;;;;;;;;;;;;;;;;;;;;;;;;;;;;;
W_MultiAge_Expedition16bBase;Fattoria Terrazzata - Lv. 2;Terrace Farm - Lv. 2;P_MultiAge_Expedition16b-9948ee634;1;;19;5x6;2.5;-4630;;;12;;;;;;;;;;;;;;;;;;;;;;;;;;;;;;;;;;;;;;;;;;;;;;;;
W_MultiAge_Expedition16cSilver;Fattoria Terrazzata Argento;Silver Terrace Farm;a69953a36;1;;19;4x5;2;1389;;;90;;;;;;;;;;;;;;;;30;30;60;60;47;47;102;102;;;;;;;;;;;;;;;50;;;;;;;;;;
W_MultiAge_Expedition16dGold;Fattoria Terrazzata Oro;Gold Terrace Farm;de1d582a3;1;;19;3x4;1.5;3009;;;110;;;;;;;;;;;;;;;;35;35;70;70;55;55;120;120;;;;;;;;;;;;;;;100;;;;;;;;;;
W_MultiAge_Expedition16ePlatinum;Fattoria Terrazzata Platino;Platinum Terrace Farm;f84bb6b61;1;;19;3x4;1.5;3720;;;130;;;;;;;;;;;;;;;;40;40;80;80;80;80;150;150;;;;;;;;;;;;;;;100;;;;;;;;;;
W_MultiAge_Expedition22;Tempio dimenticato - Attivo;Forgotten Temple - Active;09faf6bd3;1;28;23;3x4;;;;;;0.2;;;;;;;;;;;;;;;40;40;50;50;155;155;155;155;;;;;50;50;50;50;;;;;;;;;;;;;;;;;
W_MultiAge_Expedition22Decoration;Tempio dimenticato - Non attivo;Forgotten Temple - Inactive;6315eeba0;;;23;3x4;;;250;;;;;;;;;;;;;;;;;;;;;;;;;;;;;;;;;;;;;;;;;;;;;;;;;;
W_MultiAge_FALL16A1;Fabbrica di succo;Cider Mill;P_MultiAge_FallBonus16-9e7dd1eea;;;19;2x3;1;-93;;;;;;;;;;;;;;;;33176;;;;;;;;;;;;;;;;;;;;;;;;;;;;;;;;;;;
W_MultiAge_FALL16A10;Fabbrica di Succo Regale;Regal Cider Mill;5e108b46a;1;;19;3x3;1.5;-2280;;;30;;;;;;;;;;;;;;;;;;;;;;;;77;77;77;77;;;;;;;;;;;;;;;;;;;;;
W_MultiAge_FALL16A11;Fabbrica di Succo Suprema;Supreme Cider Mill;4bce3f726;1;;19;3x2;1;-2670;;;;;;;;;;;;;;;;49392;;;35;;;;;;;;77;77;77;77;;;;;;;;;;;;4000;;;;;;;;;
W_MultiAge_FALL16A2;Fabbrica di succo in fiore;Blooming Cider Mill;P_MultiAge_FallBonus17a-78d4149d2;;;19;3x3;1.5;-243;;;1;;;;;;;;;;;;;;;;;;;;;;;;;;;;;;;;;;;;;;;;;;;;;;;;
W_MultiAge_FALL16A3;Fabbrica di succo fruttuosa;Fruitful Cider Mill;P_MultiAge_FallBonus17b-b2c0d868e;;;19;3x4;1.5;-463;;;2;;;;;;;;;;;;;;;;;;;;;;;;;;;;;;;;;;;;;;;;;;;;;;;;
W_MultiAge_FALL16A4;Fabbrica di succo produttiva;Bountiful Cider Mill;P_MultiAge_FallBonus17c-554707819;;;19;3x5;1.5;-752;;;3;;;;;;;;;;;;;;;;;;;;;;;;;;;;;;;;;;;;;;;;;;;;;;;;
W_MultiAge_FALL16A5;Fabbrica di succo prospera;Prosperous Cider Mill;P_MultiAge_FallBonus17d-6cd1f13f8;;;19;3x6;1.5;-1112;;;4;;;;;;;;;;;;;;;;;;;;;;;;;;;;;;;;;;;;;;;;;;;;;;;;
W_MultiAge_FALL16A6;Fabbrica di succo fiorente;Flourishing Cider Mill;P_MultiAge_FallBonus17e-133e0cc64;1;;19;3x7;1.5;-1297;;;7;;;;;;;;;;;;;;;;;;;;;;;;;;;;;;;;;;;;;;;;;;;;;;;;
W_MultiAge_FALL16A7;Fabbrica di Succo Vintage;Vintage Cider Mill;055e2386c;;;19;3x6;1.5;-1400;;;12;;;;;;;;;;;;;;;;;;;;;;;;;;;;;;;;;;;;;;;;;;;;;;;;
W_MultiAge_FALL16A8;Fabbrica di Succo Patrimonio;Heritage Cider Mill;daa0098c3;1;;19;3x5;1.5;-1480;;;15;;;;;;;;;;;;;;;;;;;;;;;;;;;;;;;;;;;;;;;;;;;;;;;;
W_MultiAge_FALL16A9;Fabbrica di succo Nobile;Noble Cider Mill;784df1cdb;1;;19;3x4;1.5;-1560;;;20;;;;;;;;;;;;;;;;;;;;;;;;;;77;77;;;;;;;;;;;;;;;;;;;;;
W_MultiAge_FALL21A10;Raccolto delle Colture dorate;Golden Crops Harvest;9eebf5493;1;;19;6x4;2;80470;63930;;150;;;;;90;;;;;;100;431450;52800;;;102;102;102;102;;;;;;;;;;;;;;;;;;;;;M;;;;;1;;;
W_MultiAge_FALL21A11;Festa delle Colture dorate;Golden Crops Feast;6325fb544;1;;19;6x4;;90900;74570;;200;;;;;120;;;;;;200;539310;63360;;;122;122;122;122;;;;;;;;;;;;;;;;;;;;;M;;;;;2;;;
W_MultiAge_FALL21A12;Banchetto delle Colture dorate Asceso;Ascended Golden Crops Feast;7db9338f0;1;90;51;6x4;;90900;106330;;460;;;;;380;;;;;;300;647170;73920;;;322;322;322;322;;;;;;;;;25;25;25;25;;;;;;;200;8000;M;;;;;6;;;
W_MultiAge_FALL22A1;Frantoio per olio di semi di girasole - Liv. 1;Sunflower Oil Press - Lv. 1;R_MultiAge_FallBonus22a-1e65b4d17;;;19;6x4;2;13760;15300;;;;;;;;;;;;;;125000;;;;;;;;;;;;;;;;;;;;;;;;;;;;;;;;;;;;
W_MultiAge_FALL22A10;Frantoio per olio di semi di girasole vivace;Vibrant Sunflower Oil Press;R_MultiAge_FallBonus22j-9d149b5de;1;;19;6x4;2;24080;41740;;29;;;8;;82;;;;;;;284200;55630;;;38;;;;;;;;;;;;;;;;;;;;;;;;;;;;;;;;
W_MultiAge_FALL22A11;Frantoio per Olio di semi di Girasole Incontaminato;Pristine Sunflower Oil Press;R_MultiAge_FallBonus22k-6070c9eeb;1;;19;6x4;2;28665;48680;;35;;;10;;100;;;;;;;340900;69540;;;110;112;;;;;;;;;;;;;;;;;;;;;;;;;;;;;;;
W_MultiAge_FALL22A2;Frantoio per olio di semi di girasole - Liv. 2;Sunflower Oil Press - Lv. 2;R_MultiAge_FallBonus22b-bf51c8a1f;;;19;6x4;2;14333;15990;;;;;;;;;;;;;;130900;15300;;;;;;;;;;;;;;;;;;;;;;;;;;;;;;;;;;;
W_MultiAge_FALL22A3;Frantoio per olio di semi di girasole - Liv. 3;Sunflower Oil Press - Lv. 3;R_MultiAge_FallBonus22c-85f671725;;;19;6x4;2;14905;16680;;;;;;;1;;;;;;;136300;16680;;;;;;;;;;;;;;;;;;;;;;;;;;;;;;;;;;;
W_MultiAge_FALL22A4;Frantoio per olio di semi di girasole - Liv. 4;Sunflower Oil Press - Lv. 4;R_MultiAge_FallBonus22d-1b80ce0b1;;;19;6x4;2;15478;17370;;1;;;;;2;;;;;;;142200;18090;;;;;;;;;;;;;;;;;;;;;;;;;;;;;;;;;;;
W_MultiAge_FALL22A5;Frantoio per olio di semi di girasole - Liv. 5;Sunflower Oil Press - Lv. 5;R_MultiAge_FallBonus22e-3cc757294;;;19;6x4;2;16051;18090;;2;;;;;3;;;;;;;147600;19470;;;;;;;;;;;;;;;;;;;;;;;;;;;;;;;;;;;
W_MultiAge_FALL22A6;Frantoio per olio di semi di girasole - Liv. 6;Sunflower Oil Press - Lv. 6;R_MultiAge_FallBonus22f-fe4a3938a;;;19;6x4;2;16626;18780;;3;;;;;6;;;;;;;153500;20860;;;;;;;;;;;;;;;;;;;;;;;;;;;;;;;;;;;
W_MultiAge_FALL22A7;Frantoio per olio di semi di girasole - Liv. 7;Sunflower Oil Press - Lv. 7;R_MultiAge_FallBonus22g-18511195a;;;19;6x4;2;17199;19470;;4;;;;;12;;;;;;;159200;22240;;;;;;;;;;;;;;;;;;;;;;;;;;;;;;;;;;;
W_MultiAge_FALL22A8;Frantoio per olio di semi di girasole - Liv. 8;Sunflower Oil Press - Lv. 8;R_MultiAge_FallBonus22h-0af4d390c;;;19;6x4;2;18347;20860;;8;;;;;12;;;;;;;170700;25030;;;;;;;;;;;;;;;;;;;;;;;;;;;;;;;;;;;
W_MultiAge_FALL22A9;Frantoio per olio di semi di girasole - Liv. 9;Sunflower Oil Press - Lv. 9;R_MultiAge_FallBonus22i-e7cc14dd2;1;;19;6x4;2;22932;27800;;12;;;3;;27;;;;;;;227400;41740;;;;;;;;;;;;;;;;;;;;;;;;;;;;;;;;;;;
W_MultiAge_FALL23A1;Vigneto autunnale - Liv. 1;Autumn Vineyard - Lv. 1;47ab41771;;;23;3x7;1.5;4414;10950;;;;;;;;;;;;;;149300;;;;;;;;;;;;;;;;;;;;;;;;;;;;;;;;;;;;
W_MultiAge_FALL23A10;Vigneto autunnale rustico;Rustic Autumn Vineyard;22e00eaec;1;;23;3x7;1.5;18862;43820;6;23;;;;;80;;;;;;;328200;162300;;;36;;37;;;;;;;;;;;;;;;;;;;;;;;;;;;;;;building_W_MultiAge_FALL23E1:2|building_W_MultiAge_FALL23F1:2|golden_upgrade_kit_FALL23A:5
W_MultiAge_FALL23A11;Vigneto autunnale vivace;Vibrant Autumn Vineyard;1d4a4c059;1;;23;3x7;1.5;20467;47450;10;25;;;;;90;;;;;;;348200;178000;;;42;;44;;;;;;;;;;;;;;;;;;;;;;;;;;;;;;building_W_MultiAge_FALL23E1:3|building_W_MultiAge_FALL23F1:3
W_MultiAge_FALL23A12;Vigneto Autunnale Maestoso;Majestic Autumn Vineyard;b8ad98287;1;;23;3x7;1.5;24560;56940;10;41;;;;;120;;;;;;;417840;213600;;;61;;61;;;;;;;;;;;;;;;;;;;;;;;;;;;;;;building_W_MultiAge_FALL23E1:5|building_W_MultiAge_FALL23E2:3|building_W_MultiAge_FALL23F1:5|building_W_MultiAge_FALL23F2:3
W_MultiAge_FALL23A2;Vigneto autunnale - Liv. 2;Autumn Vineyard - Lv. 2;f8a7be4d5;;;23;3x7;1.5;6020;14610;;;;;;;;;;;;;;169000;35700;;;;;;;;;;;;;;;;;;;;;;;;;;;;;;;;;;;
W_MultiAge_FALL23A3;Vigneto autunnale - Liv. 3;Autumn Vineyard - Lv. 3;cfe4bdbc1;;;23;3x7;1.5;7626;18270;;;;;;;10;;;;;;;188800;51400;;;;;;;;;;;;;;;;;;;;;;;;;;;;;;;;;;;
W_MultiAge_FALL23A4;Vigneto autunnale - Liv. 4;Autumn Vineyard - Lv. 4;4d3fbd839;;;23;3x7;1.5;9229;21900;;;;;;;20;;;;;;;208800;67400;;;;;;;;;;;;;;;;;;;;;;;;;;;;;;;;;;;
W_MultiAge_FALL23A5;Vigneto autunnale - Liv. 5;Autumn Vineyard - Lv. 5;5f206fd5c;;;23;3x7;1.5;10835;25560;;2;;;;;30;;;;;;;228600;83100;;;;;;;;;;;;;;;;;;;;;;;;;;;;;;;;;;;
W_MultiAge_FALL23A6;Vigneto autunnale - Liv. 6;Autumn Vineyard - Lv. 6;6a10c18b9;;;23;3x7;1.5;12441;29190;;6;;;;;40;;;;;;;248600;99100;;;;;;;;;;;;;;;;;;;;;;;;;;;;;;;;;;;
W_MultiAge_FALL23A7;Vigneto autunnale - Liv. 7;Autumn Vineyard - Lv. 7;77ae9e1e1;;;23;3x7;1.5;14047;32870;;11;;;;;50;;;;;;;268600;114800;;;;;10;;;;;;;;;;;;;;;;;;;;;;;;;;;;;;
W_MultiAge_FALL23A8;Vigneto autunnale - Liv. 8;Autumn Vineyard - Lv. 8;64152d315;;;23;3x7;1.5;15650;36530;;16;;;;;60;;;;;;;288400;130800;;;15;;20;;;;;;;;;;;;;;;;;;;;;;;;;;;;;;
W_MultiAge_FALL23A9;Vigneto autunnale - Liv. 9;Autumn Vineyard - Lv. 9;f99bd7441;1;;23;3x7;1.5;17256;40160;3;21;;;;;70;;;;;;;308400;146300;;;30;;30;;;;;;;;;;;;;;;;;;;;;;;;;;;;;;building_W_MultiAge_FALL23E1:1|building_W_MultiAge_FALL23F1:1|silver_upgrade_kit_FALL23A:5
W_MultiAge_FALL23B1;Festival della Pigiatura dell'uva - Liv. 1;Grape Stompin' Festival - Lv. 1;3fb3c3a23;1;;19;3x2;;;;;15;;;;;27;;;;;;;;;;;18;;24;;;;;;;;;;;;;;;;;;;;;;;;;;;;;;selection_kit_FALL23A:10|silver_upgrade_kit_FALL23A:10
W_MultiAge_FALL23B2;Festival della Pigiatura dell'uva - Liv. 2;Grape Stompin' Festival - Lv. 2;634c54b58;1;;19;3x2;;;;;21;;;;;33;;;;;;;;;;;30;;36;;;;;;;;;;;;;;;;;;;;;;;;;;;;;;golden_upgrade_kit_FALL23A:20|selection_kit_FALL23A:20|silver_upgrade_kit_FALL23A:20
W_MultiAge_FALL23C1;Zucca balzante;Jumpin' Pumpkin;e3ac9d323;1;;19;2x2;1;-22932;-27830;;;;;;;;;;;;;;;30160;;;13;;10;16;;;;;;;;;;;;;;;;;;;;;;;;;;;;;
W_MultiAge_FALL23C2;Zucca Balzante d'élite;Elite Jumpin' Pumpkin;429ee8fb1;1;;19;2x2;1;-26372;-32005;;;;;;;;;;;;;;;34684;;;15;;12;19;;;;;;;;;;;;;;;;;;;;;;;;;;;;;
W_MultiAge_FALL23D1;Giardino del sidro;Cider Garden;692a0cdc8;1;;19;2x2;;;;;5;;1.5;;1.5;;;;;;;;;;;;9;13;12;;;;;;;;;;;;;;;;;;;;;;;;;;;;;;
W_MultiAge_FALL23D2;Giardino del Sidro Squisito;Exquisite Cider Garden;bfa7fa759;1;;19;2x2;;;;;6;;2;;2;;;;;;;;;;;;11;15;14;;;;;;;;;;;;;;;;;;;;;;;;;;;;;;
W_MultiAge_FALL23E1;Trono di funghi;Shroom Throne;69008aed6;1;;19;1x1;0.5;;;;;;;;;7;;;;;;;;;;;3;4;;;;;;;;;;;;;;;;;;;;;;;;;;;;;;;building_W_MultiAge_FALL23C1:3
W_MultiAge_FALL23E2;Trono Reale di Funghi;Royal Shroom Throne;4f7de7950;1;;19;1x1;0.5;;;;;;;;;9;;;;;;;;;;;4;5;;;;;;;;;;;;;;;;;;;;;;;;;;;;;;;building_W_MultiAge_FALL23C2:3
W_MultiAge_FALL23F1;Albero di mele di Nonna Aurora;Granny Aurora's Apple Tree;4a109ea96;1;;19;1x1;0.5;;;;3;;;;;;;;;;;;;;;;;;4;4;;;;;;;;;;;;;;;;;;;;;;;;;;;;;building_W_MultiAge_FALL23D1:3
W_MultiAge_FALL23F2;Bocciolo di Mela di Nonna Aurora;Granny Aurora's Apple Blossom;c6dc6a16e;1;;19;1x1;0.5;;;;4;;;;;;;;;;;;;;;;;;5;5;;;;;;;;;;;;;;;;;;;;;;;;;;;;;building_W_MultiAge_FALL23D2:3
W_MultiAge_FALL24A1;Sala dello Scoiattolo del Raccolto - Lv. 1;Harvest Squirrel Hall - Lv. 1;bb9a68872;;;19;6x5;2.5;6820;13620;;;;;;;;;;;;;;175600;;;;;;;;;;;;;;;;;;;;;;;;;;;;;;;;;;;;
W_MultiAge_FALL24A10;Sala dello Scoiattolo Generoso;Bountiful Squirrel Hall;d857f311b;1;;19;6x5;2.5;39740;90800;2.4;76;;;;;110;;;;;;;702400;;;;;;111;101;;;;;;;;;;;;;;;;;;;;;;;;;8;3;;;golden_upgrade_kit_FALL24A:5
W_MultiAge_FALL24A11;Sala dello Scoiattolo Regale;Regal Squirrel Hall;b6c183255;1;;19;6x5;2.5;45420;102160;3.2;101;0.01;;;;140;;;;;;;819460;;;;;;131;121;;;;;;;;;;;;;;;;;;;;;;0.6;;4.5;10;7.5;3;;
W_MultiAge_FALL24A2;Sala dello Scoiattolo del Raccolto - Lv. 2;Harvest Squirrel Hall - Lv. 2;b1f89a7c2;;;19;6x5;2.5;7940;17020;;;;;;;5;;;;;;;169000;;;;;;;;;;;;;;;;;;;;;;;;;;;;;;;;;;;;
W_MultiAge_FALL24A3;Sala dello Scoiattolo del Raccolto - Lv. 3;Harvest Squirrel Hall - Lv. 3;54780d174;;;19;6x5;2.5;9660;22700;;;;;;;10;;;;;;;188800;;;;;;;;;;;;;;;;;;;;;;;;;;;;;;;;;;;;
W_MultiAge_FALL24A4;Sala dello Scoiattolo del Raccolto - Lv. 4;Harvest Squirrel Hall - Lv. 4;cc74ab89b;;;19;6x5;2.5;11360;28380;;;;;;;15;;;;;;;234140;;;;;;;;;;;;;;;;;;;;;;;;;;;;;;;;;;;;
W_MultiAge_FALL24A5;Sala dello Scoiattolo del Raccolto - Lv. 5;Harvest Squirrel Hall - Lv. 5;8904e9e94;;;19;6x5;2.5;14200;34060;;;;;;;20;;;;;;;292660;;;;;;;;;;;;;;;;;;;;;;;;;;;;;;;;;;;;
W_MultiAge_FALL24A6;Sala dello Scoiattolo del Raccolto - Lv. 6;Harvest Squirrel Hall - Lv. 6;6a6898a1c;;;19;6x5;2.5;17040;39720;;11;;;;;25;;;;;;;351200;;;;;;;;;;;;;;;;;;;;;;;;;;;;;;;;;;;;
W_MultiAge_FALL24A7;Sala dello Scoiattolo del Raccolto - Lv. 7;Harvest Squirrel Hall - Lv. 7;625390ed4;;;19;6x5;2.5;22700;45400;;22;;;;;30;;;;;;;409740;;;;;;;12;;;;;;;;;;;;;;;;;;;;;;;;;;;;;
W_MultiAge_FALL24A8;Sala dello Scoiattolo del Raccolto - Lv. 8;Harvest Squirrel Hall - Lv. 8;8cb3a5e99;;;19;6x5;2.5;26120;56760;;36;;;;;35;;;;;;;468260;;;;;;14;15;;;;;;;;;;;;;;;;;;;;;;;;;;;;;
W_MultiAge_FALL24A9;Sala dello Scoiattolo del Raccolto - Lv. 9;Harvest Squirrel Hall - Lv. 9;e0bda6455;1;;19;6x5;2.5;34060;79460;2;51;;;;;80;;;;;;;585340;;;;;;91;81;;;;;;;;;;;;;;;;;;;;;;;;;6;2.4;;;silver_upgrade_kit_FALL24A:5
W_MultiAge_FALL24B1;Biblioteca Itinerante;Vagabond Library;5c91b946d;1;;19;3x2;;-11920;29790;1.5;;;;;;;;;;;;20;87800;;;;10;18;;;;;;;;;;;;;;;;;5000;;;;;;;;1.5;;;0.6;;;
W_MultiAge_FALL24B2;Biblioteca Itinerante Ascesa;Ascended Vagabond Library;4a83dc51a;1;10;51;3x2;;-11920;29790;2.4;;;;;;40;;;;;;;175600;;;;16;30;;;;;;;;;;;8;;;;0.02;;10000;;;;;;;;3;;;;10;;
W_MultiAge_FALL24C1;Hub del Raccolto;Harvest Hub;90c4dd6e7;1;;19;2x2;;-17040;39720;;;;;;;10;;;;;;;87800;;;;;;15;20;;;;;;;;;;;;;;;;3500;;;;;;;3;;;;;;
W_MultiAge_FALL24C2;Hub del Raccolto Asceso;Ascended Harvest Hub;048891cca;1;10;51;2x2;;-17040;39720;1.6;;;;;;20;;;;;;;175600;;;;;;31;31;;;;;;;;20;;;;;;0.02;;7000;;;;;;;3;;;;7.5;;
W_MultiAge_FALL24D1;Gala Fienile Bovino;Bovine Gala Barnhouse;7fedec1bc;1;;19;4x4;;45420;94700;;;;;5;;100;;;;;;;;184580;;;136;146;;;;;;;;;;;25;;;;;;;;;;;;;6;;;;13.5;10.5;;golden_upgrade_kit_FALL24A:5|selection_kit_FALL24A:30|silver_upgrade_kit_FALL24A:5
W_MultiAge_FALL25A1;Fattoria BrezzaMolino - Livello 1;Breezemill Homestead - Lv. 1;cacdf6b42;;;19;6x5;2.5;;5320;;6;;;;;;;;;;;;;;550;;;;;;;;;;;;;;;;;;;;;;;;;;;;;;;;;;
W_MultiAge_FALL25A10;Tenuta BrezzaMolino;Breezemill Acres;0bd00268b;1;;19;6x5;2.5;;95700;10;235;;;;;225;180;140;;;;;;;54690;;;;;;;;;562;507;;;;;;;;;;;;;;;;;;;;;;;;golden_upgrade_kit_FALL25A:5|selection_kit_FALL25EF:2
W_MultiAge_FALL25A11;Residenza BrezzaMolino;Breezemill Estate;ff935cdc8;1;;19;6x5;2.5;;106330;15;270;;;;;250;195;150;;;;;;;82030;;;;;;;;;652;557;;;;;;;;;;;;;;;;M;;;;;;;;selection_kit_FALL25EF:3
W_MultiAge_FALL25A2;Fattoria BrezzaMolino - Livello 2;Breezemill Homestead - Lv. 2;68ad3bee2;;;19;6x5;2.5;;10630;;11;;;;;;;;;;;;;;1090;;;;;;;;;;;;;;;;;;;;;;;;;;;;;;;;;;
W_MultiAge_FALL25A3;Fattoria BrezzaMolino - Livello 3;Breezemill Homestead - Lv. 3;9cb78b187;;;19;6x5;2.5;;21270;;16;;;;;;;;;;;;;;1640;;;;;;;;;15;;;;;;;;;;;;;;;;;;;;;;;;;
W_MultiAge_FALL25A4;Fattoria BrezzaMolino - Livello 4;Breezemill Homestead - Lv. 4;7e9254b7f;;;19;6x5;2.5;;31900;;21;;;;;;;;;;;;;;2190;;;;;;;;;55;;;;;;;;;;;;;;;;;;;;;;;;;
W_MultiAge_FALL25A5;Fattoria BrezzaMolino - Livello 5;Breezemill Homestead - Lv. 5;4b7ad9a7d;;;19;6x5;2.5;;42530;;26;;;;;;;;;;;;;;4370;;;;;;;;;116;25;;;;;;;;;;;;;;;;;;;;;;;;
W_MultiAge_FALL25A6;Fattoria BrezzaMolino - Livello 6;Breezemill Homestead - Lv. 6;df4e65c21;;;19;6x5;2.5;;53160;;52;;;;;;;;;;;;;;6560;;;;;;;;;246;51;;;;;;;;;;;;;;;;;;;;;;;;
W_MultiAge_FALL25A7;Fattoria BrezzaMolino - Livello 7;Breezemill Homestead - Lv. 7;308d6f449;;;19;6x5;2.5;;63800;1;78;;;;;;;;;;;;;;8750;;;;;;;;;316;151;;;;;;;;;;;;;;;;;;;;;;;;
W_MultiAge_FALL25A8;Fattoria BrezzaMolino - Livello 8;Breezemill Homestead - Lv. 8;2cb59c47a;;;19;6x5;2.5;;74430;3;104;;;;;;;;;;;;;;10940;;;;;;;;;460;305;;;;;;;;;;;;;;;;;;;;;;;;
W_MultiAge_FALL25A9;Fattoria BrezzaMolino - Livello 9;Breezemill Homestead - Lv. 9;e0e8d65d2;1;;19;6x5;2.5;;85060;5;185;;;;;175;150;120;;;;;;;27340;;;;;;;;;521;456;;;;;;;;;;;;;;;;;;;;;;;;selection_kit_FALL25EF:1|silver_upgrade_kit_FALL25A:5
W_MultiAge_FALL25B1;Campo di Sternbergia;Sternbergia Patch;b2fdcc702;1;;19;6x2;;;106330;;35;;;;;;;;;;;;;;;;;;;;;;;70;;;;;;;;;;;;;;;;;;;;;;;;;
W_MultiAge_FALL25C1;Campo di grano;Wheat Patch;ce0fd1147;1;;19;6x2;;;106330;;;;;;;50;;;;;;;;;;;;;;;;;;;80;;;;;;;;;;;;;;;;;;;;;;;;
W_MultiAge_FALL25D1;Campo di Lavanda;Lavender Patch;5ce529ecc;1;;19;6x2;;;106330;;28;;;;;;;50;;;;;;;;;;;;;;;;;;;;;;;;;;;;;;;;;;;;;;;;;
W_MultiAge_FALL25E1;Pergolato di Azalee;Azalea Arbor;b9bbca5cc;1;;19;2x2;;-12760;12760;;40;;;;;;;;;;;;;;2730;;;;;;;40;;;;;35;;;;;;;;;;;;;;;;;;;;;;
W_MultiAge_FALL25E2;Pergolato di Azalee Asceso;Ascended Azalea Arbor;0d899065a;1;30;51;2x2;;-12760;12760;;90;;;;;;;;;;;;;;5470;;;;;;;100;;;;;70;;20;;;;0.04;;20000;;;5;;;;;;;;;;;
W_MultiAge_FALL25F1;Stagno Amberbill;Amberbill Pond;1e09d3523;1;;19;3x2;;-12760;12760;;;;;;;60;;;;;;;;158400;;;;;;;;;;60;;50;;;;;;;;;;;;;;;;;;;;;;;
W_MultiAge_FALL25F2;Stagno Amberbill Asceso;Ascended Amberbill Pond;4e3203212;1;30;51;3x2;;-12760;12760;;;;;;;130;;;;;;;;184800;;;;;;;;;;120;;120;;;;;20;;;0.04;;20000;20;;;;;;;;;;;;
W_MultiAge_FALL25G1;Labirinto di Maizespire;Maizespire Labyrinth;d6000b2f1;1;;19;5x5;;;;;250;;;;;150;150;150;;;;;;;;;;;;;175;175;175;175;175;175;175;175;20;20;20;20;;;;;;;;;;;;;;;;;golden_selection_kit_FALL25A:20
W_MultiAge_FALL26A1;Fermata Momiji - Liv. 1;Momiji Stop - Lv. 1;4c1b2281a;;;19;4x6;2;;;;19;;;;;25;12;;;;;;;;;;;;52;52;75;75;75;75;;;;;;;;;;;;;;;;;;;;;;;;;
W_MultiAge_FALL26A10;Terminal Momiji;Momiji Terminal;6984d377c;1;;19;4x6;2;;;20;360;;10;10;10.15;390;250;;;;;;;;;;;;242;242;293;293;293;293;;;;;;;;;;;;;;;;;M;;;;;;;;selection_kit_FALL26BC:3
W_MultiAge_FALL26A2;Fermata Momiji - Liv. 2;Momiji Stop - Lv. 2;W_MultiAge_FALL26A1-4c1b2281a;;;19;4x6;2;;;;42;;;;;60;36;;;;;;;;;;;;62;62;89;89;89;89;;;;;;;;;;;;;;;;;;;;;;;;;
W_MultiAge_FALL26A3;Fermata Momiji - Liv. 3;Momiji Stop - Lv. 3;W_MultiAge_FALL26A1-4c1b2281a;;;19;4x6;2;;;;65;;;;;95;60;;;;;;;;;;;;72;72;103;103;103;103;;;;;;;;;;;;;;;;;;;;;;;;;
W_MultiAge_FALL26A4;Fermata Momiji - Liv. 4;Momiji Stop - Lv. 4;W_MultiAge_FALL26A1-4c1b2281a;;;19;4x6;2;;;;88;;;;;130;84;;;;;;;;;;;;82;82;117;117;117;117;;;;;;;;;;;;;;;;;;;;;;;;;
W_MultiAge_FALL26A5;Fermata Momiji - Liv. 5;Momiji Stop - Lv. 5;0f3c962a4;;;19;4x6;2;;;;111;;0.75;0.8;1.05;165;108;;;;;;;;;;;;92;92;131;131;131;131;;;;;;;;;;;;;;;;;;;;;;;;;
W_MultiAge_FALL26A6;Fermata Momiji - Liv. 6;Momiji Stop - Lv. 6;W_MultiAge_FALL26A5-0f3c962a4;;;19;4x6;2;;;;134;;1.5;1.6;1.75;200;132;;;;;;;;;;;;102;102;145;145;145;145;;;;;;;;;;;;;;;;;;;;;;;;;
W_MultiAge_FALL26A7;Fermata Momiji - Liv. 7;Momiji Stop - Lv. 7;W_MultiAge_FALL26A5-0f3c962a4;;;19;4x6;2;;;;157;;2.25;2.4;2.45;235;156;;;;;;;;;;;;112;112;159;159;159;159;;;;;;;;;;;;;;;;;;;;;;;;;
W_MultiAge_FALL26A8;Fermata Momiji - Liv. 8;Momiji Stop - Lv. 8;7dc73bdd8;1;;19;4x6;2;;;10;180;;3;3.2;3.15;270;180;;;;;;;;;;;;122;122;173;173;173;173;;;;;;;;;;;;;;;;;;;;;;;;;selection_kit_FALL26BC:1|silver_upgrade_kit_FALL26A:5
W_MultiAge_FALL26A9;Stazione Momiji;Momiji Station;ed0a60d38;1;;19;4x6;2;;;15;260;;6;6;6.3;330;210;;;;;;;;;;;;172;172;223;223;223;223;;;;;;;;;;;;;;;;;;;;;;;;;golden_upgrade_kit_FALL26A:5|selection_kit_FALL26BC:2
W_MultiAge_FALL26B1;Dolcetto Koyo;Koyo Treat;d191d8895;1;;19;4x2;;-31900;;;90;;;;;;;;;;;;;158400;;;;;;;103;103;;;82;82;;;;;;;;;;;;;;;;;;;;;;;
W_MultiAge_FALL26B2;Delizia Koyo Ascesa;Ascended Koyo Treat;68a222745;1;30;51;4x2;;-31900;;;240;;;;;;;;;;;;;327370;;;;;;;223;223;;;192;192;;;25;25;25;25;0.04;;;;;5;;;;;;;;;;;
W_MultiAge_FALL26C1;Palco di Kinoko;Kinoko Stage;fac49523b;1;;19;2x3;;-37220;;;;;;;;55;;45;;;;;;;;;62;62;62;62;;;;;;;;;;;;;;;;;;;;;;;;;;;;;
W_MultiAge_FALL26C2;Palco Kinoko Asceso;Ascended Kinoko Stage;606f0bc93;1;30;51;2x3;;-37220;;;;;;;;170;;155;;;;;;;;;122;122;122;122;;;;;;;;;;;25;;;0.04;;;10;;;;;;;;;;;;
W_MultiAge_FALL26D1;Mizube Lodge;Mizube Lodge;60a077718;1;;19;6x4;;;;;450;;;;;400;270;;;;;;;;;;;;350;350;550;550;550;550;;;;;25;25;25;25;;;;;;;;;M;;;;3;;3;;golden_selection_kit_FALL26A:20
W_MultiAge_FALL26E1;Angolo del Ramen - Liv. 1;Ramen Nook - Lv. 1;c89dc128a;1;;19;4x4;;-79760;;;90;;;;;;;;;;;;;;;;180;180;;;190;190;;;;;;;;;;;;;;;;;;;M;2;;;;;;;
W_MultiAge_FALL26E2;Angolo del Ramen - Liv. 2;Ramen Nook - Lv. 2;3ed493352;1;;19;4x4;;-79760;;;150;;;;;;;;;;;;;;;;260;260;;;240;240;;;210;210;210;210;;;;;;;;;;;;;M;6;;;;;;;upgrade_kit_ascended_FALL21A:12
W_MultiAge_FELL22A1;Taverna degli eroi - Liv. 1;Heroes Tavern - Lv. 1;R_MultiAge_HeroBonus22a-7e6ce64d5;;;19;5x4;2;10639;16170;;;;;;;;;;;;;;167000;;;;;;;;;;;;;;;;;;;;;;;;;;;;;;;;;;;;
W_MultiAge_FELL22A10;Taverna degli eroi - Liv. 10;Heroes Tavern - Lv. 10;R_MultiAge_HeroBonus22j-b8050c1c0;1;;19;5x4;2;17253;25600;;11;;;;;;;;;;;;324300;;;;23;28;;;;;;;;;;;;;;;;;;;;;;;;;;;;;;;
W_MultiAge_FELL22A11;Loggia leggendaria;Legendary Lodge;R_MultiAge_HeroBonus22k-cc7752668;1;;19;5x4;2;18211;26760;;15;;;;;55;;;;;;;333800;;;;26;32;26;;;;;;;;;;;;;;;;;;;;;;;;;;;;;;
W_MultiAge_FELL22A12;Maniero Mitico;Mythical Manor;ab75376b5;1;;19;5x4;2;19980;27460;;35;;;;;120;;;;;;;334800;;;;36;36;36;36;47;;;;;;;;;;30;;;;;;;;;;;;;;;;;;selection_kit_FELL22B:3
W_MultiAge_FELL22A2;Taverna degli eroi - Liv. 2;Heroes Tavern - Lv. 2;R_MultiAge_HeroBonus22b-0ab275daf;;;19;5x4;2;11023;16880;;1;;;;;;;;;;;;171700;;;;;;;;;;;;;;;;;;;;;;;;;;;;;;;;;;;;
W_MultiAge_FELL22A3;Taverna degli eroi - Liv. 3;Heroes Tavern - Lv. 3;R_MultiAge_HeroBonus22c-eb86ab063;;;19;5x4;2;11502;16880;;2;;;;;;;;;;;;186000;;;;;;;;;;;;;;;;;;;;;;;;;;;;;;;;;;;;
W_MultiAge_FELL22A4;Taverna degli eroi - Liv. 4;Heroes Tavern - Lv. 4;R_MultiAge_HeroBonus22d-94734ef43;;;19;5x4;2;11981;17920;;3;;;;;;;;;;;;200300;;;;;;;;;;;;;;;;;;;;;;;;;;;;;;;;;;;;
W_MultiAge_FELL22A5;Taverna degli eroi - Liv. 5;Heroes Tavern - Lv. 5;R_MultiAge_HeroBonus22e-24e62f871;;;19;5x4;2;12460;19430;;4;;;;;;;;;;;;224000;;;;;;;;;;;;;;;;;;;;;;;;;;;;;;;;;;;;
W_MultiAge_FELL22A6;Taverna degli eroi - Liv. 6;Heroes Tavern - Lv. 6;R_MultiAge_HeroBonus22f-df45086b3;;;19;5x4;2;12940;20020;;5;;;;;;;;;;;;243200;;;;;6;;;;;;;;;;;;;;;;;;;;;;;;;;;;;;;
W_MultiAge_FELL22A7;Taverna degli eroi - Liv. 7;Heroes Tavern - Lv. 7;R_MultiAge_HeroBonus22g-943fae6a5;;;19;5x4;2;13898;21630;;6;;;;;;;;;;;;257500;;;;;9;;;;;;;;;;;;;;;;;;;;;;;;;;;;;;;
W_MultiAge_FELL22A8;Taverna degli eroi - Liv. 8;Heroes Tavern - Lv. 8;R_MultiAge_HeroBonus22h-1fb215816;;;19;5x4;2;15144;23260;;7;;;;;;;;;;;;276500;;;;6;12;;;;;;;;;;;;;;;;;;;;;;;;;;;;;;;
W_MultiAge_FELL22A9;Taverna degli eroi - Liv. 9;Heroes Tavern - Lv. 9;R_MultiAge_HeroBonus22i-f8b4ef595;;;19;5x4;2;15911;24660;;8;;;;;;;;;;;;295700;;;;8;15;;;;;;;;;;;;;;;;;;;;;;;;;;;;;;;
W_MultiAge_FELL22B1;Loggia dei cavalieri;Knights Pavilion;R_MultiAge_HeroBonus22-774088a26;1;;19;2x2;1;1917;2320;;;;;2;;5;;;;;;;47700;;;;;;;;;;;;;;;;;;;;;;;;;;;;;;;;;;;;
W_MultiAge_FELL22B2;Loggia dei Cavalieri Valorosa;Valiant Knights Pavilion;8f10992a1;1;;19;2x2;1;5680;8520;;;;;8;;30;45;15;;;;;58540;;;;;;;;;;;;;;;;;;;;;;;;;;;;;;;;;;;;
W_MultiAge_FELL23A1;Tenuta Summerhold - Liv. 1;Summerhold Manor - Lv.1;2dd97bb6e;;;19;4x4;2;;13593;;1;;;;;;;;;;;;;;;;;;;;;;;;;;;;;;;;;;;;;;;;;;;;;;;;
W_MultiAge_FELL23A10;Palazzo Sunhaven;Sunhaven Palace;6201b7668;1;;19;4x4;2;;17833;;13;;;;;40;10;;;;;;;;;;36;;33;32;;;;;;;;;;;;;;;;;;;;;;;;;;;;;selection_kit_FELL23BC:3
W_MultiAge_FELL23A2;Tenuta Summerhold - Liv. 2;Summerhold Manor - Lv.2;8cd3701e4;;;19;4x4;2;;14036;;2;;;;;;;;;;;;;;;;;;;;;;;;;;;;;;;;;;;;;;;;;;;;;;;;
W_MultiAge_FELL23A3;Tenuta Summerhold - Liv. 3;Summerhold Manor - Lv.3;b51e77a2f;;;19;4x4;2;;14515;;3;;;;;;;;;;;;;;;;;;;;;;;;;;;;;;;;;;;;;;;;;;;;;;;;
W_MultiAge_FELL23A4;Tenuta Summerhold - Liv. 4;Summerhold Manor - Lv.4;9e08cd5be;;;19;4x4;2;;15037;;3;;;;;5;;;;;;;;;;;;;;;;;;;;;;;;;;;;;;;;;;;;;;;;;;;
W_MultiAge_FELL23A5;Tenuta Summerhold - Liv. 5;Summerhold Manor - Lv.5;2be5af6db;;;19;4x4;2;;15480;;3;;;;;10;;;;;;;;;;;;;;;;;;;;;;;;;;;;;;;;;;;;;;;;;;;
W_MultiAge_FELL23A6;Tenuta Summerhold - Liv. 6;Summerhold Manor - Lv.6;94c327ebe;;;19;4x4;2;;15480;;3;;;;;15;;;;;;;;;;;;;;;;;;;;;;;;;;;;;;;;;;;;;;;;;;;
W_MultiAge_FELL23A7;Tenuta Summerhold - Liv. 7;Summerhold Manor - Lv.7;089d859ab;;;19;4x4;2;;16435;;4;;;;;20;;;;;;;;;;;;;;4;;;;;;;;;;;;;;;;;;;;;;;;;;;;;
W_MultiAge_FELL23A8;Tenuta Summerhold - Liv. 8;Summerhold Manor - Lv.8;fb4586f44;;;19;4x4;2;;16878;;5;;;;;25;;;;;;;;;;;;;;9;;;;;;;;;;;;;;;;;;;;;;;;;;;;;
W_MultiAge_FELL23A9;Tenuta Summerhold - Liv. 9;Summerhold Manor - Lv.9;c990d12c2;1;;19;4x4;2;;17354;;9;;;;;30;5;;;;;;;;;;26;;;21;;;;;;;;;;;;;;;;;;;;;;;;;;;;;selection_kit_FELL23BC:1
W_MultiAge_FELL23B1;Palco del giullare;Jester's Stage;69ca96007;1;;19;2x3;1;;13593;3.4;;;;;;35;;;;;;;;;;;;;16;23;;;;;;;;;;;;;;;;;;;;;;3;;;;;;;
W_MultiAge_FELL23C1;Boschetto della grigliata;Grilling Grove;58e7c2300;1;;19;2x2;;;13593;;1;;;;;;;;;;;;;;;;12;;14;;;;;;;;;;;;;;;;;;;;;;;;;;;2;;;
W_MultiAge_FELL23D1;Fabbro Trailside;Trailside Smithy;ab58bf384;1;;19;1x1;;;13593;;4;;;;;5;;;;;;;;;;;5;5;;;;;;;;;;;;;;;;;;;;;;;;;;;;;;;golden_upgrade_kit_FELL23A:20|selection_kit_FELL23A:20
W_MultiAge_FELL24A1;Mulino Whisperwood - Lv. 1;Whisperwood Watermill - Lv. 1;789eaa205;;;19;5x6;2.5;;44260;;42;;;;;30;;;;;;;;63620;6870;;;;;;;;;;;;;;;;;;;;;;;;;;;;;;;;;;
W_MultiAge_FELL24A10;Mulino Whisperwood Arcadico;Arcadian Whisperwood Watermill;552f4b50d;1;;19;5x6;2.5;;110680;;69;;;;;165;;;;;;150;;309030;33330;;;66;;;99;99;;;;;;;;;;;;;;;;;;;M;;;;;;;;
W_MultiAge_FELL24A11;Dummy Whisperwood Watermill;Elysian Whisperwood Watermill;954c30f7f;1;;19;5x6;;;128010;;100;;;;;285;400;;;;0.02;250;;338820;38280;;351;351;;;476;476;;;;;;;;;;;;;;;;;;;M;;;;;;;;golden_selection_kit_FELL24A:3
W_MultiAge_FELL24A12;Dummy Whisperwood Watermill;Ascended Elysian Whisperwood Watermill;6c778284b;1;90;51;5x6;;;138670;;150;;;;;435;600;600;;;0.06;400;;360000;40470;;476;476;;;551;551;;;;;;;25;25;;;;;;;;;200;8000;M;;;;;;;;golden_selection_kit_FELL24A:5
W_MultiAge_FELL24A2;Mulino Whisperwood - Lv. 2;Whisperwood Watermill - Lv. 2;2ce28a701;;;19;5x6;2.5;;51640;;45;;;;;45;;;;;;;;90890;9810;;;;;;;;;;;;;;;;;;;;;;;;;;;;;;;;;;
W_MultiAge_FELL24A3;Mulino Whisperwood - Lv. 3;Whisperwood Watermill - Lv. 3;9b321e05b;;;19;5x6;2.5;;59020;;48;;;;;60;;;;;;;;118150;12740;;;;;;;;;;;;;;;;;;;;;;;;;;;;;;;;;;
W_MultiAge_FELL24A4;Mulino Whisperwood - Lv. 4;Whisperwood Watermill - Lv. 4;3464a0a46;;;19;5x6;2.5;;66400;;51;;;;;75;;;;;;;;145440;15680;;;5;;;7;7;;;;;;;;;;;;;;;;;;;;;;;;;;;
W_MultiAge_FELL24A5;Mulino Whisperwood - Lv. 5;Whisperwood Watermill - Lv. 5;709d46def;;;19;5x6;2.5;;73780;;54;;;;;90;;;;;;;;172700;18620;;;15;;;23;23;;;;;;;;;;;;;;;;;;;;;;;;;;;
W_MultiAge_FELL24A6;Mulino Whisperwood - Lv. 6;Whisperwood Watermill - Lv. 6;057b984ad;;;19;5x6;2.5;;81160;;57;;;;;105;;;;;;;;199970;21560;;;26;;;39;39;;;;;;;;;;;;;;;;;;;;;;;;;;;
W_MultiAge_FELL24A7;Mulino Whisperwood - Lv. 7;Whisperwood Watermill - Lv. 7;e1f5da46c;;;19;5x6;2.5;;88540;;60;;;;;120;;;;;;;;227230;24510;;;36;;;54;54;;;;;;;;;;;;;;;;;;;;;;;;;;;
W_MultiAge_FELL24A8;Mulino Whisperwood - Lv. 8;Whisperwood Watermill - Lv. 8;fd8034b80;1;;19;5x6;2.5;;95920;;63;;;;;135;;;;;;100;;254500;27450;;;46;;;69;69;;;;;;;;;;;;;;;;;;;;;;;;;;;silver_upgrade_kit_FELL24A:5
W_MultiAge_FELL24A9;Mulino Whisperwood Silvano;Sylvan Whisperwood Watermill;797aab7ba;1;;19;5x6;2.5;;103300;;66;;;;;150;;;;;;125;;281760;30390;;;56;;;84;84;;;;;;;;;;;;;;;;;;;;;;;;;;;golden_upgrade_kit_FELL24A:5
W_MultiAge_FELL24B1;Jolly Oink Pigsty;Jolly Oink Pigsty;951f0f78c;1;;19;3x4;;-13620;;;25;;;;;60;75;;;;;;;134240;;;20;;;;31;;41;;;;;;;;;;;;;;;;;;;;;;;;;;
W_MultiAge_FELL24B2;Jolly Oink Pigsty Asceso;Ascended Jolly Oink Pigsty;89214702e;1;30;51;3x4;;-13620;;;40;;;;;100;120;;;;;;;268480;;;41;;;;62;;82;;;;;;;;;;;0.04;;20000;10;;;;;;;;;;;;
W_MultiAge_FELL24C1;Carrozza Reale;Royal Carriage;5554bf684;1;;19;4x3;;-13620;;;36;;;;;18;;;;;;;280960;;;;;;50;50;;;;;51;;76;76;;;;;;;;;;;;;;;;;;;;;
W_MultiAge_FELL24C2;Carrozza Reale Ascesa;Ascended Royal Carriage;9fcbdd43b;1;30;51;4x3;;-13620;;;90;;;;;45;;;;;;;561920;;;;;;101;101;;;;;102;;152;152;;;;;0.04;;20000;;;5;;;;;;;;;;;
W_MultiAge_FELL24D1;Guglia Skyletter Imperiale ;Imperial Skyletter Spire;a53607db1;1;;23;4x5;;;;;170;;;;;;375;;;;;;;559340;;;80;80;;;120;120;;;;;;;;;25;;;;;;;;;;;;;;;;;;golden_selection_kit_FELL24A:20
W_MultiAge_FELL24E1;Tenuta Stemma;Escutcheon Estate;c8afad6ea;1;;19;4x4;;31800;47680;;25;;;;;;;50;;;;;;;;;50;50;;;34;68;;;;;;;;;;;;;;;;;50;;;10;;;;;;;
W_MultiAge_FELL25A1;Attraversamento mercantile - Livello 1;Mercantile Crossing - Lv. 1;e6899eb70;;;19;6x4;2;15950;;;;;;;;;;;;;;;161790;114050;;;;;;;;10;5;;;;;;;;;;;;;;;;;;;;;;;;;;
W_MultiAge_FELL25A10;Stazione Mercantile;Mercantile Waystation;2f2955687;1;;19;6x4;2;74440;;;195;;;;;;;;;;;;755040;288290;;;;;;;;260;255;;;;;;;;;;;;;;;;;;M;;;;;;;;selection_kit_FELL25BC:3
W_MultiAge_FELL25A2;Attraversamento mercantile - Livello 2;Mercantile Crossing - Lv. 2;781b07829;;;19;6x4;2;21270;;;;;;;;;;;;;;;215720;119330;;;;;;;;40;35;;;;;;;;;;;;;;;;;;;;;;;;;;
W_MultiAge_FELL25A3;Attraversamento mercantile - Livello 3;Mercantile Crossing - Lv. 3;8860a8463;;;19;6x4;2;26590;;;;;;;;;;;;;;;269660;124610;;;;;;;;70;65;;;;;;;;;;;;;;;;;;;;;;;;;;
W_MultiAge_FELL25A4;Attraversamento mercantile - Livello 4;Mercantile Crossing - Lv. 4;13b423773;;;19;6x4;2;31900;;;45;;;;;;;;;;;;323590;129890;;;;;;;;100;95;;;;;;;;;;;;;;;;;;;;;;;;;;
W_MultiAge_FELL25A5;Attraversamento mercantile - Livello 5;Mercantile Crossing - Lv. 5;d645ef429;;;19;6x4;2;37220;;;70;;;;;;;;;;;;377520;135170;;;;;;;;130;125;;;;;;;;;;;;;;;;;;;;;;;;;;
W_MultiAge_FELL25A6;Attraversamento mercantile - Livello 6;Mercantile Crossing - Lv. 6;67ce2eacf;;;19;6x4;2;42540;;;95;;;;;;;;;;;;431450;140450;;;;;;;;160;155;;;;;;;;;;;;;;;;;;;;;;;;;;
W_MultiAge_FELL25A7;Attraversamento mercantile - Livello 7;Mercantile Crossing - Lv. 7;44dec5236;;;19;6x4;2;47850;;;120;;;;;;;;;;;;485380;145730;;;;;;;;190;185;;;;;;;;;;;;;;;;;;;;;;;;;;
W_MultiAge_FELL25A8;Attraversamento mercantile - Livello 8;Mercantile Crossing - Lv. 8;0f468a91f;1;;19;6x4;2;53170;;;145;;;;;;;;;;;;539310;151010;;;;;;;;220;215;;;;;;;;;;;;;;;;;;;;;;;;;;selection_kit_FELL25BC:1|silver_upgrade_kit_FELL25A:5
W_MultiAge_FELL25A9;Passaggio mercantile;Mercantile Passage;196856a15;1;;19;6x4;2;63810;;;170;;;;;;;;;;;;647170;205920;;;;;;;;250;245;;;;;;;;;;;;;;;;;;;;;;;;;;golden_upgrade_kit_FELL25A:5|selection_kit_FELL25BC:2
W_MultiAge_FELL25B1;Ritirata dei Ribbit;Ribbit Retreat;7b99c419b;1;;19;4x2;;-17020;21270;;90;;;;;;;;;;;;;;17500;;;;;;;;;;;80;;80;;;;;;;;;;;;;;;;;;;;;
W_MultiAge_FELL25B2;Ritirata dei Ribbit Ascesa;Ascended Ribbit Retreat;d6d26989b;1;30;51;4x2;;-17020;46780;;200;;;;;;;;;;;;;;35000;;;;;;;;;;;190;;190;;;32;;;;20000;20000;;5;;;;;;;;;;;
W_MultiAge_FELL25C1;Angolo del Nomade;Nomad's Nook;a908a8eb2;1;;19;3x3;;-19140;;;80;;;;6;;;;;;;;;;19690;;;;;;40;40;;;;;;;;;;;;;;;;;;;;;;;;;;;
W_MultiAge_FELL25C2;Angolo del Nomade Asceso;Ascended Nomad's Nook;3d04ef1ab;1;30;51;3x3;;-19140;;;200;;;;13;;;;;;;;;;39370;;;;;;85;85;;;;;;;;;;45;0.05;0.05;;;10;;;;;;;;;;;;
W_MultiAge_FELL25D1;Soakhaven Lodge;Soakhaven Lodge;39802c075;1;;19;5x4;;;;;260;;;;;;;120;;;;;;;;;200;200;200;200;;;;;;;;;25;25;25;25;;;;;;;;;;;;;;;;;golden_selection_kit_FELL25A:20
W_MultiAge_FELL25E1;Porto con Passerella - Livello 1;Raftway Harbour - Lv. 1;52d792817;1;;19;3x4;1.5;-107670;;;65;;;;;49;65;;;;;;;;;;;;;;78;78;78;78;78;78;78;78;;;;;;;;;;;;;;4;;;;;;;
W_MultiAge_FELL25E2;Porto con Passerella - Livello 2;Raftway Harbour - Lv. 2;cdcaf64ab;1;;19;3x4;1.5;-107670;;;108;;;;;81;108;;;;;;;;;;;;;;130;130;130;130;130;130;130;130;;;;;;;;;;;;;M;8;;;;;;;upgrade_kit_ascended_BOWL22A:12
W_MultiAge_FELL26A1;FELL26A;Hearthglen Wayhouse - Lv. 1;fde1e9081;;;19;5x5;2.5;530;;;6;;;;;;;;;;;;;;26250;;;;;;;;;;;;;;;;;;;;;;;;;;;;;;;;;;
W_MultiAge_FELL26A10;FELL26A Gold;Aurelian Hearthglen Wayhouse;7e654d8f5;1;;19;5x5;2.5;42670;;;460;;;50;;;;;;;;;;;45940;;476;476;;;;;;;601;601;;;;;;;;;;;;;;;M;;;;;;;;selection_kit_FELL26BC:3
W_MultiAge_FELL26A2;FELL26A;Hearthglen Wayhouse - Lv. 2;W_MultiAge_FELL26A1-fde1e9081;;;19;5x5;2.5;1070;;;12;;;;;;;;;;;;;;28440;;11;11;;;;;;;16;16;;;;;;;;;;;;;;;;;;;;;;;
W_MultiAge_FELL26A3;FELL26A;Hearthglen Wayhouse - Lv. 3;W_MultiAge_FELL26A1-fde1e9081;;;19;5x5;2.5;2130;;;23;;;;;;;;;;;;;;30630;;21;21;;;;;;;26;26;;;;;;;;;;;;;;;;;;;;;;;
W_MultiAge_FELL26A4;FELL26A;Hearthglen Wayhouse - Lv. 4;W_MultiAge_FELL26A1-fde1e9081;;;19;5x5;2.5;3200;;;35;;;;;;;;;;;;;;32810;;31;31;;;;;;;51;51;;;;;;;;;;;;;;;;;;;;;;;
W_MultiAge_FELL26A5;FELL26A;Hearthglen Wayhouse - Lv. 5;e8fcc6319;;;19;5x5;2.5;4270;;;58;;;;;;;;;;;;;;35000;;51;51;;;;;;;101;101;;;;;;;;;;;;;;;;;;;;;;;
W_MultiAge_FELL26A6;FELL26A;Hearthglen Wayhouse - Lv. 6;W_MultiAge_FELL26A5-e8fcc6319;;;19;5x5;2.5;5330;;;86;;;;;;;;;;;;;;37190;;101;101;;;;;;;151;151;;;;;;;;;;;;;;;;;;;;;;;
W_MultiAge_FELL26A7;FELL26A;Hearthglen Wayhouse - Lv. 7;W_MultiAge_FELL26A5-e8fcc6319;;;19;5x5;2.5;10670;;;173;;;;;;;;;;;;;;39380;;151;151;;;;;;;251;251;;;;;;;;;;;;;;;;;;;;;;;
W_MultiAge_FELL26A8;FELL26A;Hearthglen Wayhouse - Lv. 8;ddd9467c2;1;;19;5x5;2.5;21330;;;288;;;20;;;;;;;;;;;41560;;251;251;;;;;;;351;351;;;;;;;;;;;;;;;;;;;;;;;selection_kit_FELL26BC:1|silver_upgrade_kit_FELL26A:5
W_MultiAge_FELL26A9;FELL26A Silver;Halcyon Hearthglen Wayhouse;8b7b5b63d;1;;19;5x5;2.5;32000;;;345;;;30;;;;;;;;;;;43750;;376;376;;;;;;;401;401;;;;;;;;;;;;;;;M;;;;;;;;golden_upgrade_kit_FELL26A:5|selection_kit_FELL26BC:2
W_MultiAge_FELL26B1;FELL26B;Banneret Muster;167a9d901;1;;19;4x2;;-32000;;;87;;;;;50;;;;;;;271430;;;;;;65;65;;;;;;;;50;;;;;;;;;;;;;;;;;;;;;
W_MultiAge_FELL26B2;FELL26B;Ascended Banneret Muster;52a575d19;1;30;51;4x2;;-32000;;;288;;;;;100;;;;;;;271430;;;;;;140;140;;;;;;;;100;;;;20;0.05;;25000;;;;;;;;;;;;;;
W_MultiAge_FELL26C1;FELL26C;Duskmantle Covenant;5ce328c8e;1;;19;3x3;;-32000;;;;;;10;;150;;;;;;;;;10940;;106;106;;;;;;;;100;;;;;;;;;;;;;;;;;;;;;;;
W_MultiAge_FELL26C2;FELL26C;Ascended Duskmantle Covenant;616a94ab4;1;30;51;3x3;;-32000;;;;;;30;;300;;;;;;;;;10940;;336;336;;;;;;;;300;;;25;;;;;0.05;;;10;;;;;;;;;;;;
W_MultiAge_FELL26D1;FELL26D;Thistlemarket Moot Hall;a38191d33;1;;19;5x5;;-21330;;;460;;;25;;150;;;;;0.08;;;;32810;;460;460;460;460;;;;;;;;;25;25;25;25;;;;;;;;;;;;;;;;;golden_upgrade_kit_FELL26A:5
W_MultiAge_FELL26E1;FELL26E;Waitswood Songhouse - Lv. 1;12855cfb0;1;;19;4x4;;-74670;;;86;;;;;;;;;;;;488570;;;;120;120;;;85;;;;;;;;;;;;;;;;;;;;;2.5;;;;2.25;;;upgrade_kit_ascended_FELL24A:1
W_MultiAge_FELL26E2;FELL26E;Waitswood Songhouse - Lv. 2;8d473fe04;1;;19;4x4;;-74670;;;115;0.01;;;;;;;;;;;597140;;;;215;215;;;200;;;;;;;;;;;;;;;;;;;;;5;;;;3.75;;;upgrade_kit_ascended_FELL24A:5
W_MultiAge_FallBonus21a;Colture dorate - Liv. 1;Golden Crops - Lv. 1;6abb31616;;;19;6x4;2;12862;33235;;;;;;;;;;;;;;206652;;;;;;;;;;;;;;;;;;;;;;;;;;;;;;;;;;;;
W_MultiAge_FallBonus21b;Colture dorate - Liv. 2;Golden Crops - Lv. 2;e8c9d5793;;;19;6x4;2;13095;34213;;;;;;;;;;;;;;229629;30947;;;;;;;;;;;;;;;;;;;;;;;;;;;;;;;;;;;
W_MultiAge_FallBonus21c;Colture dorate - Liv. 3;Golden Crops - Lv. 3;b6373c2eb;;;19;6x4;2;13437;35953;;;;;;;3;;;;;;;252703;33789;;;;;;;;;;;;;;;;;;;;;;;;;;;;;;;;;;;
W_MultiAge_FallBonus21d;Colture dorate - Liv. 4;Golden Crops - Lv. 4;dc1fb9ff2;;;19;6x4;2;13907;37821;;1;;;;;5;;;;;;;275777;36585;;;;;;;;;;;;;;;;;;;;;;;;;;;;;;;;;;;
W_MultiAge_FallBonus21e;Colture dorate - Liv. 5;Golden Crops - Lv. 5;56cf6c9fb;;;19;6x4;2;14601;39913;;2;;;;;10;;;;;;;298394;39427;;;;;;;;;;;;;;;;;;;;;;;;;;;;;;;;;;;
W_MultiAge_FallBonus21f;Colture dorate - Liv. 6;Golden Crops - Lv. 6;496cd9d9c;;;19;6x4;2;15528;42281;;3;;;;;15;;;;;;;321468;42187;;;;;;;;;;;;;;;;;;;;;;;;;;;;;;;;;;;
W_MultiAge_FallBonus21g;Colture dorate - Liv. 7;Golden Crops - Lv. 7;d5f9ce316;;;19;6x4;2;16685;44836;;4;;;;;20;;;;;;5;344542;45029;;;;;;;;;;;;;;;;;;;;;;;;;;;;;;;;;;;
W_MultiAge_FallBonus21h;Colture dorate - Liv. 8;Golden Crops - Lv. 8;4a51b809c;;;19;6x4;2;18073;49020;;6;;;;;25;;;;;;10;367156;47825;;;;;;;;;;;;;;;;;;;;;;;;;;;;;;;;;;;
W_MultiAge_FallBonus21i;Colture dorate - Liv. 9;Golden Crops - Lv. 9;3f6e88ea2;1;;19;6x4;2;19697;53486;;9;;;;;30;;;;;;15;390593;50108;;;;;;;;;;;;;;;;;;;;;;;;;;;;;;;;1;;;
W_MultiAge_FallBonus22donkey;Recinto per asini;Donkey Enclosure;1f9d0f5fa;1;;19;2x2;1;;;;;;;1;;32;;;;;;;;;;;;13;;13;;;;;;;;;;;;;;;;;;;;;;;;;;;;;
W_MultiAge_GBG2023A;Area del torneo - Attiva;Tourney Grounds - Active;491e3ac19;1;14;23;3x4;;;;;;;;;;;;;;;;;;;;;;;;;135;135;135;135;227;227;227;227;25;25;25;25;;;;;;;;;;;;;;;;;
W_MultiAge_GBG2023ADecoration;Area del torneo - Inattiva;Tourney Grounds - Inactive;5789d537b;;;23;3x4;;;250;;;;;;;;;;;;;;;;;;;;;;;;;;;;;;;;;;;;;;;;;;;;;;;;;;
W_MultiAge_GBG24A1;Guglia della Vittoria di Wyverntide - Lv. 1;Wyverntide Spire of Victory - Lv. 1;60fa74647;1;;51;4x4;2;;;;22;;;;;;;;;;;200;;;;;56;56;56;56;34;34;34;34;21;21;21;21;;;;;;;;;;;;;;;;;;;;;selection_kit_GBG24B:3
W_MultiAge_GBG24A2;Guglia della Vittoria di Wyverntide - Lv. 2;Wyverntide Spire of Victory - Lv. 2;108d037cb;1;;51;4x4;;;;;50;;;;;;;;;;;450;;;;;85;85;85;85;52;52;52;52;42;42;42;42;;;;;;;;;;;;;;;;;;;;;selection_kit_GBG24B:10
W_MultiAge_GBG24B1;Fucina di Wyverntide - Lv. 1;Wyverntide Smithy - Lv. 1;c49b9dd14;1;;19;3x3;1.5;;;;;;;;;;;;;;;;;45240;;;24;24;24;24;13;13;;;;;16;16;;;;;;;;;;;;;;;;;;;;;
W_MultiAge_GBG24B2;Fucina di Wyverntide - Lv. 2;Wyverntide Smithy - Lv. 2;a19dd396a;1;;19;3x3;;;;;;;;;;;;;;;;;;60320;;;30;30;30;30;19;19;;;;;24;24;;;;;;;;;;;;;;;;;;;;;
W_MultiAge_GBG24C1;Cittadella di Thunderdrake - Lv. 1;Thunderdrake Citadel - Lv. 1;a9e8802dc;1;;51;4x4;2;;;;40;;;;;92;;;;;;200;;;;;49;49;49;49;25;25;25;25;17;17;17;17;;;;;;;;;;;;;;;;;;;;;selection_kit_GBG24D:3|upgrade_kit_GBG24C:1
W_MultiAge_GBG24C2;Cittadella di Thunderdrake - Lv. 2;Thunderdrake Citadel - Lv. 2;27c07e85a;1;;51;4x4;;;;;80;;;;;185;;;;;;450;;;;;71;71;71;71;42;42;42;42;34;34;34;34;;;;;;;;;;;;;;;;;;;;;selection_kit_GBG24D:10
W_MultiAge_GBG24D1;Centro d'Assedio Thunderdrake - Lv. 1;Thunderdrake Siegeshop - Lv. 1;a05bef6db;1;;19;3x3;1.5;;;;20;;;10;;42;;;;;;50;;;;;24;24;24;24;;;;;;;;;;;;;;;;;;;;;;;;;;;;;
W_MultiAge_GBG24D2;Centro d'Assedio Thunderdrake - Lv. 2;Thunderdrake Siegeshop - Lv. 2;4e64df490;1;;19;3x3;;;;;30;;;20;;70;;;;;;100;;;;;30;30;30;30;;;;;;;;;;;;;;;;;;;;;;;;;;;;;
W_MultiAge_GBG24E1;Torre di Glimmdrake - Lv. 1;Glimmdrake Tower - Lv. 1;f8e4b8fbe;1;;51;4x4;2;;;;35;;;;;149;;;;;;200;;;;;63;63;63;63;27;27;27;27;43;43;43;43;;;;;;;;;;;;;;;;;;;;;upgrade_kit_GBG24E:1
W_MultiAge_GBG24E2;Torre di Glimmdrake - Lv. 2;Glimmdrake Tower - Lv. 2;1105ba797;1;;51;4x4;;;;;70;;;;;298;;;;;;360;;;;;72;72;72;72;45;45;45;45;63;63;63;63;;;;;;;;;;;;;;;;;;;;;
W_MultiAge_GBG24F1;Cavalieri di Glimmdrake - Lv. 1;Glimmdrake Riders - Lv. 1;057214538;1;;19;3x4;1.5;;;;15;;;10;;112;;;;;;40;;;;;29;29;29;29;;;;;;;;;;;;;;;;;;;;;;;;;;;;;
W_MultiAge_GBG24F2;Cavalieri Glimmdrake - Lv. 2;Glimmdrake Riders - Lv. 2;8a210f4f7;1;;19;3x4;;;;;25;;;20;;148;;;;;;80;;;;;36;36;36;36;;;;;;;;;;;;;;;;;;;;;;;;;;;;;
W_MultiAge_GBG24G1;Fortezza di Lindworm - Lv. 1;Lindworm Keep - Lv. 1;c3b540b24;1;;51;4x4;2;;;;42;;;;;260;;;;;;200;;;;;64;64;64;64;30;30;30;30;50;50;50;50;;;;;;;;;;;;;;;;;;;;;upgrade_kit_GBG24G:1
W_MultiAge_GBG24G2;Fortezza di Lindworm - Lv. 2;Lindworm Keep - Lv. 2;36c4665cd;1;;51;4x4;;;;;63;;;;;370;;;;;;300;;;;;77;77;77;77;51;51;51;51;72;72;72;72;;;;;;;;;;;;;;;;;;;;;
W_MultiAge_GBG24H1;Area di Tiro Lindworm - Lv. 1;Lindworm Archery Range - Lv. 1;989e1d611;1;;19;4x2;1;;;;13;;;10;;37;;;;;;25;;;;;18;18;18;18;;;;;;;;;;;;;;;;;;;;;;;;;;;;;
W_MultiAge_GBG24H2;Area di Tiro Lindworm - Lv. 2;Lindworm Archery Range - Lv. 2;7c6c20241;1;;19;4x2;;;;;16;;;20;;55;;;;;;50;;;;;21;21;21;21;;;;;;;;;;;;;;;;;;;;;;;;;;;;;
W_MultiAge_GBG25A1;Cittadella di Frontiera - Lv. 1;Frontier Citadel - Lv. 1;f6ef4a9da;1;;51;4x4;;;;;84;;;;;;;;;;;480;;;;;99;99;99;99;;;;;148;148;148;148;;;;;;;;;;;;;;;;;;;;;upgrade_kit_GBG25A:1
W_MultiAge_GBG25A2;Cittadella di Frontiera - Lv. 2;Frontier Citadel - Lv. 2;2840a902f;1;;51;4x4;;;;;127;;;;;;;;;;;800;;;;;142;142;142;142;;;;;210;210;210;210;;;;;;;;;;;;;;;;;;;;;
W_MultiAge_GBG25B1;Guardia di Frontiera - Lv. 1;Frontier Watch - Lv. 1;ded143c25;1;;19;2x2;1;;;;;;;;;28;52;;;;;;;;;;18;18;18;18;;;;;26;26;26;26;;;;;;;;;;;;;;;;;;;;;
W_MultiAge_GBG25B2;Guardia di Frontiera - Lv. 2;Frontier Watch - Lv. 2;fbef82cf5;1;;19;2x2;;;;;;;;;;37;69;;;;;;;;;;25;25;25;25;;;;;37;37;37;37;;;;;;;;;;;;;;;;;;;;;
W_MultiAge_GBG25C1;Forte Imperiale - Lv. 1;Fort Imperial - Lv. 1;c6dca934b;1;;51;5x5;;;;;131;;;;;;;;;;;750;;;;;133;133;133;133;;;;;197;197;197;197;;;;;;;;;;;;;;;;;;;;;upgrade_kit_GBG25C:1
W_MultiAge_GBG25C2;Forte Imperiale - Lv. 2;Fort Imperial - Lv. 2;00a0f297a;1;;51;5x5;;;;;197;;;;;;;;;;;1250;;;;;177;177;177;177;;;;;263;263;263;263;;;;;;;;;;;;;;;;;;;;;
W_MultiAge_GBG25D1;Fonderia Imperiale - Lv. 1;Imperial Foundry - Lv. 1;6cd0518ed;1;;19;3x2;1;;;;;;;;;;69;;;;;;;;;;36;36;36;36;;;;;52;52;52;52;;;;;;;;;;;;;;;;;;;;;
W_MultiAge_GBG25D2;Fonderia Imperiale - Lv. 2;Imperial Foundry - Lv. 2;7b1f24ea7;1;;19;3x2;;;;;;;;;;;103;;;;;;;;;;49;49;49;49;;;;;74;74;74;74;;;;;;;;;;;;;;;;;;;;;
W_MultiAge_GBG25E1;Ospedale di Somerset - Lv. 1;Somerset Hospital - Lv. 1;7d4b7a35f;1;;51;4x5;;;;;52;;;40;;;;;;;;1000;;;;;125;125;125;125;;;;;210;210;210;210;;;;;;;;;;;;;;;;;;;;;upgrade_kit_GBG25E:1
W_MultiAge_GBG25E2;Ospedale di Somerset - Lv. 2;Somerset Hospital - Lv. 2;994bfca4e;1;;51;4x5;;;;;79;;;;40;;;;;;;1300;;;;;161;161;161;161;;;;;263;263;263;263;;;;;;;;;;;;;;;;;;;;;
W_MultiAge_GBG25F1;Infermeria di Somerset - Lv. 1;Somerset Infirmary - Lv. 1;fc37a8776;1;;19;2x3;1;;;;;;;;;;52;;;;;;;;;;21;21;21;21;;;74;;47;47;47;47;;;;;;;;;;;;;;;;;;;;;
W_MultiAge_GBG25F2;Infermeria di Somerset - Lv. 2;Somerset Infirmary - Lv. 2;cbc2b6606;1;;19;2x3;;;;;;;;;;;78;;;;;;;;;;32;32;32;32;;;99;;63;63;63;63;;;;;;;;;;;;;;;;;;;;;
W_MultiAge_GBG25G1;Deposito corazzato - Lv. 1;Ironclad Depot - Lv. 1;5d7425f9e;1;;51;4x4;2;;;;84;;;;;;;;;;;800;;;;;512;142;512;142;;;;;;;;;;;;;;;;;;;;8000;;;;;;;;;
W_MultiAge_GBG25G2;Deposito corazzato - Lv. 2;Ironclad Depot - Lv. 2;a9e5ea3aa;1;;51;4x4;;;;;127;;;;;;;;;;;1120;;;;;717;199;717;199;;;;;;;;;;;;;;;;;;;;16000;;;;;;;;;
W_MultiAge_GBG25H1;Provviste corazzate - Lv. 1;Ironclad Provisions - Lv. 1;b6ec1c3a0;1;;19;2x2;1;;;;11;;;;;19;;;;;;;;;;;25;25;25;25;66;;;;31;31;31;31;;;;;;;;;;;;;;;;;;;;;
W_MultiAge_GBG25H2;Provviste corazzate - Lv. 2;Ironclad Provisions - Lv. 2;a474b5040;1;;19;2x2;;;;;16;;;;;28;;;;;;;;;;;42;42;42;42;99;;;;42;42;42;42;;;;;;;;;;;;;;;;;;;;;
W_MultiAge_GBG26A1;Officina Bellica - Livello 1;Warforge Assembly - Lv. 1;3897261f9;1;;51;4x5;;;;;;;;;;;;;;;;1200;;;;;203;203;406;406;;;;;303;303;303;303;;;;;;;;;;;;;;;;;;;;;
W_MultiAge_GBG26A2;Officina Bellica  - Livello 2;Warforge Assembly - Lv. 2;a139916fb;1;;51;4x5;;;;;;;;;;;;;;;;1400;;;;;279;279;558;558;;;;;379;379;379;379;;;;;;;;;;;;;;;;;;;;;
W_MultiAge_GBG26B1;Trincea Bellica - Livello 1;Warforge Trench - Lv. 1;f8445d1ae;1;;19;3x1;0.5;;;;;;;;;;;;;;;;;;;;61;61;61;61;;;;;;;;;;;;;;;;;;;;;;;;;;;;;
W_MultiAge_GBG26B2;Trincea Bellica - Livello 2;Warforge Trench - Lv. 2;706e0be2a;1;;19;3x1;;;;;;;;;;;;;;;;;;;;;81;81;81;81;;;;;;;;;;;;;;;;;;;;;;;;;;;;;
W_MultiAge_GBG26C1;Ufficio spionaggio - Livello 1;Intelligence Bureau - Lv. 1;388af88f5;1;;51;5x5;;;;;;;25;75;;;;;;;;1000;;;;;411;411;;411;;;;;;825;;825;;;;;;;;;;;;;;;;;;;;;
W_MultiAge_GBG26C2;Ufficio spionaggio - Livello 2;Intelligence Bureau - Lv. 2;8ce19cf9a;1;;51;4x4;;;;;;;25;75;;;;;;;;1300;;;;;411;411;;411;;;;;;825;;825;;;;;;;;;;;;;;;;;;;;;
W_MultiAge_GBG26D1;Relè di spionaggio - Livello 1;Intelligence Relay - Lv. 1;553c32dcc;1;;19;3x3;1.5;;;;76;;;;;124;;;;;;;;;;;133;;133;;;;;;;237;237;;;;;;;;;;;;;;;;;;;;;;
W_MultiAge_GBG26D2;Relè di spionaggio - Livello 2;Intelligence Relay - Lv. 2;b0f30fb41;1;;19;3x2;;;;;76;;;;;124;;;;;;;;;;;134;;134;;;;;;;237;237;;;;;;;;;;;;;;;;;;;;;;
W_MultiAge_GBG26E1;Deposito Officina a vapore - Lv. 1;Steamworks Depot - Lv. 1;6fbbb8b79;1;;51;6x4;;;;;253;;;190;;445;;;;;;1920;;;;;383;383;383;383;;;;;;;;;;;;;;;;;;;;;;;;;;;;;
W_MultiAge_GBG26E2;Deposito Officina a vapore - Liv. 2;Steamworks Depot - Lv. 2;445653d50;1;;51;6x4;;;;;347;;;250;;584;;;;;;2520;;;;;511;511;511;511;;;;;;;;;;;;;;;;;;;;;;;;;;;;;
W_MultiAge_GBG26F1;Obice ferroviario - Liv. 1;Rail Howitzer - Lv. 1;0b81211fc;1;;19;3x2;1;;;;67;;;36;;;;;;;;480;;;;;85;85;85;85;;;;;;;;;;;;;;;;;;;;;;;;;;;;;
W_MultiAge_GBG26F2;Obice ferroviario - Liv. 2;Rail Howitzer - Lv. 2;f9a953f28;1;;19;3x2;;;;;87;;;54;;;;;;;;660;;;;;106;106;106;106;;;;;;;;;;;;;;;;;;;;;;;;;;;;;
W_MultiAge_GBG26G1;Nave da guerra di Steelport - Liv. 1;Steelport Warship - Lv. 1;391ea12bc;1;;51;5x5;;26375;;;197;;;;;;;;;;;1500;;;;;266;266;532;532;;;;;394;394;394;394;;;;;;;;;;;;;S;;;;;;;;
W_MultiAge_GBG26G2;Nave da guerra Steelport - Liv. 2;Steelport Warship - Lv. 2;7cfaf4350;1;;51;5x5;;39563;;;263;;;;;;;;;;;1875;;;;;355;355;710;710;;;;;526;526;526;526;;;;;;;;;;;;;S;;;;;;;;
W_MultiAge_GBG26H1;Silo di Steelport - Liv. 1;Steelport Silo - Lv. 1;ea6aa6b78;1;;19;3x4;1.5;;;;;;;;;153;285;;;;;660;;;6270;;117;117;117;117;;;;;174;174;174;174;;;;;;;;;;;;;;;;;;;;;
W_MultiAge_GBG26H2;Silo di Steelport - Liv. 2;Steelport Silo - Lv. 2;bfc3c5980;1;;19;3x4;;;;;;;;;;229;362;;;;;990;;;9405;;176;176;176;176;;;;;176;176;176;176;;;;;;;;;;;;;;;;;;;;;
W_MultiAge_GBGWatchtower2023A;Torre dei Campioni - Liv. 1;Tower of Champions - Lv. 1;f7f55d3b6;1;;51;4x4;;;;;18;;;;;;;;;;;100;;;;;;;;;54;54;54;54;113;113;113;113;;;;;;;;;;;;;;;;;;;;;
W_MultiAge_GBGWatchtower2023B;Torre dei Campioni - Liv. 2;Tower of Champions - Lv. 2;167a0c83c;1;;51;4x4;;;;;40;;;;;;;;;;;400;;;;;;;;;86;86;86;86;169;169;169;169;;;;;;;;;;;;;;;;;;;;;
W_MultiAge_GBGWatchtower2023C1;Torre Reale dei Campioni - Lv. 1;Royal Tower of Champions - Lv. 1;a1770f95c;1;;51;4x4;;;;;18;;;;;;;;;;;100;;;;;;;;;76;76;76;76;41;41;41;41;;;;;;;;;;;;;;;;;;;;;building_guild_arena:3
W_MultiAge_GBGWatchtower2023C2;Torre Reale dei Campioni - Lv. 2;Royal Tower of Champions - Lv. 2;36590d3c2;1;;51;4x4;;;;;40;;;;;;;;;;;300;;;;;;;;;110;110;110;110;84;84;84;84;;;;;;;;;;;;;;;;;;;;;building_guild_arena:10
W_MultiAge_GEX24A1Decoration;Tempio Antico - Non attivo;Ancient Temple - Inactive;fc50ca3a6;;;23;3x4;;;250;;;;;;;;;;;;;;;;;;;;;;;;;;;;;;;;;;;;;;;;;;;;;;;;;;
W_MultiAge_GEX24A2TEMP;Tempio Antico - Attivo;Ancient Temple - Active;61353bbb7;1;28;23;3x4;;;;;;;;;;;;;;;0.2;;;;;;100;100;100;100;150;150;150;150;;;;;50;50;50;50;;;;;;;;;;;;;;;;;
W_MultiAge_GR23A1;Neo Colosso - Lv. 1;Neo Colossus - Lv. 1;a6f64c092;;;19;4x4;2;;;;9;;;;;56;;;;;;;;;;;;;;;14;14;14;14;;;;;;;;;;;;;;;;;;;;;;;;;
W_MultiAge_GR23A10;Neo Colosso - Lv. 10;Neo Colossus - Lv. 10;264f2106d;1;;51;4x4;;;;;32;;;;;186;;;;;;320;;;;;46;46;46;46;46;46;46;46;55;55;55;55;;;;;;;;;;;;;;;;;;;;;selection_kit_neo_marble_gate_way:10
W_MultiAge_GR23A11;Neo Colosso - Lv. 11;Neo Colossus - Lv. 11;c225373ba;1;;51;4x4;;;;;37;;;;;223;;;;;;380;;;;;64;64;64;64;60;60;60;60;74;74;74;74;;;;;;;;;;;;;;;;;;;;;selection_kit_neo_marble_gate_way:30
W_MultiAge_GR23A2;Neo Colosso - Lv. 2;Neo Colossus - Lv. 2;abf49cba1;;;19;4x4;2;;;;9;;;;;56;;;;;;;;;;;;;;;14;14;14;14;17;17;17;17;;;;;;;;;;;;;;;;;;;;;
W_MultiAge_GR23A3;Neo Colosso - Lv. 3;Neo Colossus - Lv. 3;5dc5ff101;;;19;4x4;2;;;;11;;;;;56;;;;;;;;;;;;;;;21;21;21;21;17;17;17;17;;;;;;;;;;;;;;;;;;;;;
W_MultiAge_GR23A4;Neo Colosso - Lv. 4;Neo Colossus - Lv. 4;c6265c729;;;19;4x4;2;;;;11;;;;;75;;;;;;;;;;;;;;;21;21;21;21;25;25;25;25;;;;;;;;;;;;;;;;;;;;;
W_MultiAge_GR23A5;Neo Colosso - Lv. 5;Neo Colossus - Lv. 5;77503d5d8;;;19;4x4;2;;;;11;;;;;75;;;;;;;;;;;29;29;29;29;21;21;21;21;25;25;25;25;;;;;;;;;;;;;;;;;;;;;
W_MultiAge_GR23A6;Neo Colosso - Lv. 6;Neo Colossus - Lv. 6;fbdfaccd2;;;19;4x4;2;;;;11;;;;;75;;;;;;;;;;;35;35;35;35;21;21;21;21;25;25;25;25;;;;;;;;;;;;;;;;;;;;;
W_MultiAge_GR23A7;Neo Colosso - Lv. 7;Neo Colossus - Lv. 7;46fcaec58;;;19;4x4;2;;;;17;;;;;93;;;;;;;;;;;35;35;35;35;21;21;21;21;25;25;25;25;;;;;;;;;;;;;;;;;;;;;
W_MultiAge_GR23A8;Neo Colosso - Lv. 8;Neo Colossus - Lv. 8;485b75bfc;1;;51;4x4;2;;;;23;;;;;111;;;;;;;;;;;40;40;40;40;27;27;27;27;34;34;34;34;;;;;;;;;;;;;;;;;;;;;selection_kit_neo_marble_gate_way:2
W_MultiAge_GR23A9;Neo Colosso - Lv. 9;Neo Colossus - Lv. 9;656ecb7b4;1;;51;4x4;2;;;;25;;;;;149;;;;;;160;;;;;43;43;43;43;35;35;35;35;43;43;43;43;;;;;;;;;;;;;;;;;;;;;selection_kit_neo_marble_gate_way:4
W_MultiAge_GR23B1;Neo Piazza dei Vincitori - Lv. 1;Neo Winners' Plaza - Lv. 1;c2a1114e0;1;;19;3x3;1.5;;;;8;;;;;42;;;;;;;;;;;14;14;19;19;14;14;19;19;;;;;;;;;;;;;;;;;;;;;;;;;
W_MultiAge_GR23B2;Neo Piazza dei Vincitori - Lv. 2;Neo Winners' Plaza - Lv. 2;cb596fb68;1;;19;3x3;1.5;;;;17;;;;;73;;;;;;75;;;;;21;21;23;23;21;21;23;23;;;;;;;;;;;;;;;;;;;;;;;;;
W_MultiAge_GR23C1;Neo Portale di Marmo - Lv. 1;Neo Marble Gate Way - Lv. 1;5f6dae44f;1;;19;3x2;;;;;12;;;;;;;;;;;;;;;;11;11;11;11;26;26;;;;;32;32;;;;;;;;;;;;;;;;;;;;;
W_MultiAge_GR23C2;Neo Portale di Marmo - Lv. 2;Neo Marble Gate Way - Lv. 2;a3dface90;1;;19;3x2;;;;;16;;;;;;;;;;;;;;;;16;16;16;16;33;33;;;;;40;40;;;;;;;;;;;;;;;;;;;;;
W_MultiAge_GR23D1;Neo Rotonda botanica - Lv. 1;Neo Botanical Rotunda - Lv. 1;754c24728;1;;19;3x3;1.5;;;;3;;;;;;52;;;;;;;;;;18;18;24;24;;;;;18;18;24;24;;;;;;;;;;;;;;;;;;;;;
W_MultiAge_GR23D2;Neo Rotonda botanica - Lv. 2;Neo Botanical Rotunda - Lv. 2;9a212957b;1;;19;3x3;1.5;;;;14;;;;;;84;;;;;45;;;;;23;23;29;29;;;;;23;23;29;29;;;;;;;;;;;;;;;;;;;;;
W_MultiAge_GR24A1;Neo Torre dello Stratega - Lv. 1;Neo Tactician's Tower - Lv. 1;9ee518df4;1;;19;1x1;0.5;;;;6;;;;;6;;;;;;;;;;;;;6;6;;;5;5;;;6;6;;;;;;;;;;;;;;;;;;;;;
W_MultiAge_GR24A2;Neo Torre dello Stratega - Lv. 2;Neo Tactician's Tower - Lv. 2;e75b2376e;1;;19;1x1;;;;;11;;;;;12;;;;;;;;;;;;;9;9;;;9;9;;;11;11;;;;;;;;;;;;;;;;;;;;;
W_MultiAge_GR24B1;Avamposto Neo Sentinella - Lv. 1;Neo Sentinel Outpost - Lv. 1;0f9106d5b;1;;19;1x1;0.5;;;;6;;;;;6;;;;;;;;;;;6;6;;;5;5;;;6;6;;;;;;;;;;;;;;;;;;;;;;;
W_MultiAge_GR24B2;Avamposto Neo Sentinella - Lv. 2;Neo Sentinel Outpost - Lv. 2;dde6fc515;1;;19;1x1;;;;;11;;;;;12;;;;;;;;;;;9;9;;;9;9;;;11;11;;;;;;;;;;;;;;;;;;;;;;;
W_MultiAge_GR24C1;Neo Re - Lv. 1;Neo King - Lv. 1;41aa70c73;1;;19;2x2;;;;;5;;;;;25;;;;;;25;;;;;12;12;12;12;13;13;13;13;;;;;;;;;;;;;;;;;;;;;;;;;
W_MultiAge_GR24C2;Neo Re - Lv. 2;Neo King - Lv. 2;fe2c8f75e;1;;19;2x2;;;;;10;;;;;50;;;;;;50;;;;;16;16;16;16;17;17;17;17;;;;;;;;;;;;;;;;;;;;;;;;;
W_MultiAge_GR24D1;Neo Regina - Lv. 1;Neo Queen - Lv. 1;ba7df65b3;1;;19;2x2;;;;;5;;;;;;50;;;;;25;;;;;12;12;12;12;;;;;13;13;13;13;;;;;;;;;;;;;;;;;;;;;
W_MultiAge_GR24D2;Neo Regina - Lv. 2;Neo Queen - Lv. 2;59d1e51a2;1;;19;2x2;;;;;10;;;;;;100;;;;;50;;;;;16;16;16;16;;;;;17;17;17;17;;;;;;;;;;;;;;;;;;;;;
W_MultiAge_GR25A1;Neo Piazza degli Scacchi - Lv. 1;Neo Checkmate Square - Lv. 1;2284eebf1;1;;19;3x3;1.5;;;;;;;;;;;;;;;;;30160;;;48;48;48;48;67;67;67;67;;;;;;;;;;;;;;;;;;;;;;;;;
W_MultiAge_GR25A2;Neo Piazza degli Scacchi - Lv. 2;Neo Checkmate Square - Lv. 2;dd6c5cf66;1;;19;3x3;;;;;;;;;;;;;;;;;;60320;;;64;64;64;64;86;86;86;86;;;;;;;;;;;;;;;;;;;;;;;;;
W_MultiAge_GR25B1;Neo Voliera - Lv. 1;Neo Aviary - Lv. 1;e65b55152;1;;19;2x4;1;;;;18;;;;14;;;;;;;;;;;;36;36;36;36;;;;;63;63;63;63;;;;;;;;;;;;;;;;;;;;;
W_MultiAge_GR25B2;Neo Voliera - Lv. 2;Neo Aviary - Lv. 2;bbc4810ff;1;;19;2x4;;;;;23;;;;28;;;;;;;;;;;;42;42;42;42;;;;;74;74;74;74;;;;;;;;;;;;;;;;;;;;;
W_MultiAge_GR25C1;Neo Bazar - Livello 1;Neo Bazaar - Lv. 1;fee2349c0;;;19;5x4;2;;;;26;;;;;46;;;;;;;;;;;36;36;36;36;;;;;;;;;;;;;;;;;;;;;;;;;;;;;
W_MultiAge_GR25C10a;Neo Solara Emporio;Neo Solara Emporium;7f2dc72f4;1;;51;5x4;;;;;184;;;60;;324;;;;;;800;;;;;319;319;319;319;203;203;203;203;;;;;;;;;;;;;;;;;;;;;;;;;selection_kit_GR25D:30
W_MultiAge_GR25C10b;Neo Lunara Emporio;Neo Lunara Emporium;c85594d51;1;;51;5x4;;;;;184;;;;60;324;;;;;;;;;;;319;319;319;319;;;;;421;421;421;421;;;;;;;;;;;;;;;;;;;;;selection_kit_GR25D:30
W_MultiAge_GR25C2;Neo Bazar - Livello 2;Neo Bazaar - Lv. 2;7dcc3a14c;;;19;5x4;2;;;;40;;;;;70;;;;;;;;;;;53;53;53;53;;;;;;;;;;;;;;;;;;;;;;;;;;;;;
W_MultiAge_GR25C3;Neo Bazar - Livello 3;Neo Bazaar - Lv. 3;e1ab1d075;;;19;5x4;2;;;;52;;;;;92;;;;;;;;;;;71;71;71;71;;;;;;;;;;;;;;;;;;;;;;;;;;;;;
W_MultiAge_GR25C4;Neo Bazar - Livello 4;Neo Bazaar - Lv. 4;3f3e45758;;;19;5x4;2;;;;66;;;;;115;;;;;;;;;;;88;88;88;88;;;;;;;;;;;;;;;;;;;;;;;;;;;;;
W_MultiAge_GR25C5;Neo Bazar - Livello 5;Neo Bazaar - Lv. 5;ae4f5e0ab;;;19;5x4;2;;;;79;;;10;;139;;;;;;;;;;;106;106;106;106;;;;;;;;;;;;;;;;;;;;;;;;;;;;;
W_MultiAge_GR25C6;Neo Bazar - Livello 6;Neo Bazaar - Lv. 6;e17fc4af1;;;19;5x4;2;;;;92;;;15;;162;;;;;;;;;;;125;125;125;125;;;;;;;;;;;;;;;;;;;;;;;;;;;;;
W_MultiAge_GR25C7;Neo Bazar - Livello 7;Neo Bazaar - Lv. 7;f1acacd23;;;19;5x4;2;;;;105;;;20;;185;;;;;;;;;;;142;142;142;142;;;;;;;;;;;;;;;;;;;;;;;;;;;;;
W_MultiAge_GR25C8;Neo Bazar - Livello 8;Neo Bazaar - Lv. 8;796b8e164;1;;51;5x4;2;;;;131;;;40;;231;;;;;;;;;;;177;177;177;177;;;;;;;;;;;;;;;;;;;;;;;;;;;;;selection_kit_GR25D:10
W_MultiAge_GR25C9a;Neo Solara Bazar;Neo Solara Bazaar;cc35108b1;1;;51;5x4;2;;;;158;;;40;;278;;;;;;400;;;;;284;284;284;284;128;128;128;128;;;;;;;;;;;;;;;;;;;;;;;;;selection_kit_GR25D:20
W_MultiAge_GR25C9b;Neo Lunara Bazar;Neo Lunara Bazaar;cb4079dcb;1;;51;5x4;2;;;;158;;;;40;278;;;;;;;;;;;284;284;284;284;;;;;263;263;263;263;;;;;;;;;;;;;;;;;;;;;selection_kit_GR25D:20
W_MultiAge_GR25D1;Boutique Neo Fashion - Livello 1;Neo Fashion Boutique - Lv. 1;cca18ce43;1;;19;2x2;;;;;26;;;;;46;;;;;;;;;;;57;57;49;49;;;;;;;;;;;;;;;;;;;;;;;;;;;;;
W_MultiAge_GR25D2;Boutique Neo Fashion - Livello 2;Neo Fashion Boutique - Lv. 2;c280cb2f6;1;;19;2x2;;;;;31;;;;;55;;;;;;;;;;;64;64;57;57;;;;;;;;;;;;;;;;;;;;;;;;;;;;;
W_MultiAge_GR25E1;Neo Chiosco - Lv. 1;Neo Kiosk - Lv. 1;1b9f8741f;1;;19;4x2;1;12660;;;31;;;;;;;;;;;;;;;;36;36;36;36;;;;;52;52;52;52;;;;;;;;;;;;;;;;;;;;;
W_MultiAge_GR25E2;Neo Chiosco - Lv. 2;Neo Kiosk - Lv. 2;250220b00;1;;19;4x2;;16880;;;37;;;;;;;;;;;;;;;;42;42;42;42;;;;;63;63;63;63;;;;;;;;;;;;;;;;;;;;;
W_MultiAge_GR25F1;Neo Capolavoro - Lv. 1;Neo Magnum Opus - Lv. 1;d9abbeb9a;1;;19;3x2;1;;;;;;;;;28;;;;;;60;;;;;27;27;27;27;38;38;76;76;;;;;;;;;;;;;;;;;;;;;;;;;
W_MultiAge_GR25F2;Neo Capolavoro - Lv. 2;Neo Magnum Opus - Lv. 2;26382aa36;1;;19;3x2;;;;;;;;;;42;;;;;;90;;;;;32;32;32;32;44;44;88;88;;;;;;;;;;;;;;;;;;;;;;;;;
W_MultiAge_GR25G1;Neo Santuario della Conoscenza - Lv. 1;Neo Shrine of Knowledge - Lv. 1;0ca49e8f3;1;;19;3x3;1.5;;;;59;;;;;;;;;;;;;;;;;;;;77;77;77;77;;;;;;;;;;;;;;;;;;;;;;;;;
W_MultiAge_GR25G2;Neo Santuario della Conoscenza - Lv. 2;Neo Shrine of Knowledge - Lv. 2;ac48bf27b;1;;19;3x3;;;;;83;;;;;;;;;;;;;;;;;;;;134;134;134;134;;;;;;;;;;;;;;;;;;;;;;;;;
W_MultiAge_GR25H1;Neo Obelisco - Lv. 1;Neo Obelisk  - Lv. 1;7dbc9f761;1;;19;2x2;1;;;;;;;;;;;;;;;200;;;;;;;;;;;;;84;84;84;84;;;;;;;;;;;;;;;;;;;;;
W_MultiAge_GR25H2;Neo Obelisco - Lv. 2;Neo Obelisk  - Lv. 2;14ddf5d1d;1;;19;2x2;;;;;;;;;;;;;;;;400;;;;;;;;;;;;;115;115;115;115;;;;;;;;;;;;;;;;;;;;;
W_MultiAge_GR25I1;Neo Torre dell’orologio - Livello 1;Neo Clocktower - Lv. 1;31c28f37a;1;;19;2x3;1;;;;16;;;;;;52;;;;;;;;;;43;;83;;35;35;35;35;;;;;;;;;;;;;;;;;;;3;;;;;;
W_MultiAge_GR25I2;Neo Torre dell’orologio - Livello 2;Neo Clocktower  - Lv. 2;e7832844a;1;;19;2x3;;;;;20;;;;;;65;;;;;;;;;;55;;119;;41;41;41;41;;;;;;;;;;;;;;;;;;;5;;;;;;
W_MultiAge_GR25J1;Neo Serraglio - Livello 1;Neo Menagerie - Lv. 1;9b15fdf24;1;;19;3x4;1.5;;;;63;;;40;;;;;;;;;;;;;;166;;250;;;;;101;101;101;101;;;;;;;;;;;;;;;;;;;;;
W_MultiAge_GR25J2;Neo Serraglio - Livello 2;Neo Menagerie - Lv. 2;da3916260;1;;19;3x4;;;;;79;;;60;;;;;;;;;;;;;;222;;289;;;;;131;131;131;131;;;;;;;;;;;;;;;;;;;;;
W_MultiAge_GR26A1;Neo Ziggurat - Livello 1;Neo Ziggurat - Lv. 1;e2e5fa8ce;1;;19;3x3;1.5;;;15;81;;;;;;;;;;;;;;;;81;81;;;86;86;;;152;152;;;;;;;;;;;;;;;;;;;;;;;
W_MultiAge_GR26A2;Neo Ziggurat - Livello 2;Neo Ziggurat - Lv. 2;5077475c7;1;;19;3x3;;;;30;96;;;;;;;;;;;;;;;;101;101;;;112;112;;;179;179;;;;;;;;;;;;;;;;;;;;;;;
W_MultiAge_GR26B1;Neo Albero dell'Amore - Livello 1;Neo Tree of Love - Lv. 1;998ccfda1;1;;19;3x3;1.5;;;;58;;;;;;155;;;;;;;;;;;;76;76;;;92;92;;;96;96;;;;;;;;;;;;;;;;;;;;;
W_MultiAge_GR26B2;Neo Albero dell'Amore - Livello 2;Neo Tree of Love - Lv. 2;5655966a8;1;;19;3x3;;;;;69;;;;;;195;;;;;;;;;;;;93;93;;;111;111;;;119;119;;;;;;;;;;;;;;;;;;;;;
W_MultiAge_GR26C1;Neo Mostra d'Arte - Liv. 1;Neo Art Exhibition - Lv. 1;5253d746a;1;;19;2x2;1;;;5;21;;;;;;60;;;;;;;;;;18;18;18;18;;;34;34;42;42;;;;;;;;;;;;;;;;;;;;;;;
W_MultiAge_GR26C2;Neo Mostra d'Arte - Liv. 2;Neo Art Exhibition - Lv. 2;befef8171;1;;19;2x2;;;;5;26;;;;;;78;;;;;;;;;;24;24;24;24;;;42;42;52;52;;;;;;;;;;;;;;;;;;;;;;;
W_MultiAge_GR26D1;Neo Globo Con Fontana - Livello 1;Neo Globe Fountain - Lv. 1;38cebdb2d;1;;19;3x3;1.5;;;;;;;;;;;;;;;;;44746;;;74;74;74;74;86;86;;;;;106;106;;;;;;;;;;;;;;;;;;;;;
W_MultiAge_GR26D2;Neo Globo Con Fontana - Livello 2;Neo Globe Fountain - Lv. 2;482e06fc9;1;;19;3x3;;;;;;;;;;;;;;;;;;89491;;;86;86;86;86;114;114;;;;;141;141;;;;;;;;;;;;;;;;;;;;;
W_MultiAge_GR26E1;Neo Ponte Grande - Lv. 1;Neo Grand Bridge - Lv. 1;14ac031b9;1;;19;4x2;1;11816;;;42;;;;;;;;;;;;11880;;;;;;49;49;68;68;;;126;126;52;52;;;;;;;;;;;;;;;;;;;;;
W_MultiAge_GR26E2;Neo Ponte Grande - Lv. 2;Neo Grand Bridge - Lv. 2;d339fb168;1;;19;4x2;;16880;;;52;;;;;;;;;;;;41580;;;;;;60;60;72;72;;;168;168;84;84;;;;;;;;;;;;;;;;;;;;;
W_MultiAge_GR26F1;Neo Roseto - Lv. 1;Neo Rosarium - Lv. 1;d9eb24588;1;;19;2x3;1;;10431;;40;;;;;;;;;;;;;;;;76;76;39;39;;;51;51;;;56;56;;;;;;;;;;;;;;;;;;;;;
W_MultiAge_GR26F2;Neo Roseto - Lv. 2;Neo Rosarium - Lv. 2;d72d93fda;1;;19;2x3;;;13908;;47;;;;;;;;;;;;;;;;90;90;48;48;;;58;58;;;63;63;;;;;;;;;;;;;;;;;;;;;
W_MultiAge_GR26G1;Neo Bus - Lv. 1;Neo Bus - Lv. 1;2ea33d050;1;;19;4x1;0.5;;;;32;;;;22;;;;;;;;;;;;;;;;55;55;51;51;;;;;;;;;;;;;;;;;;;;;;;;;
W_MultiAge_GR26G2;Neo Bus - Lv. 2;Neo Bus - Lv. 2;fba3027f2;1;;19;4x1;;;;;42;;;;28;;;;;;;;;;;;;;;;72;72;68;68;;;;;;;;;;;;;;;;;;;;;;;;;
W_MultiAge_GR26H1;Neo Aliante - Lv. 1;Neo Glider - Lv. 1;492377a4c;1;;19;3x2;1;;;;;;;;21;51;91;;;;;;;;;;80;80;43;43;;;;;;;;;;;;;;;;;;;;;;;;;;;;;
W_MultiAge_GR26H2;Neo Aliante - Lv. 2;Neo Glider - Lv. 2;a74fe8bf1;1;;19;3x2;;;;;;;;;27;63;117;;;;;;;;;;96;96;53;53;;;;;;;;;;;;;;;;;;;;;;;;;;;;;
W_MultiAge_HAL15A1;Laboratorio dello scienziato pazzo;Mad Scientist's Lab;P_MultiAge_HalloweenBonus15-9d0c84f78;1;;19;4x4;2;-2;;;;;;;;15;;;;;;;;;;;;;;;;;;;;;;;;;;;;;;;;;;;;;;;;;;;
W_MultiAge_HAL15A2;Tana dello Scienziato Pazzo;Mad Scientist’s Den;d20cb537a;1;;19;4x4;2;-2;;;;;;;;50;;;;;;;;;;;;;;;;;;;;;;;;;;;;;;;;;;;;;;;;;;;
W_MultiAge_HAL15A3;Covo dello Scienziato Pazzo;Mad Scientist’s Lair;98b6469e4;1;;19;4x4;;-2;;;;;;;;150;;;;;;;;;;;;;;;;;;;;;;;;;;;;;;;;;;;;;;;;;;;
W_MultiAge_HAL15A4;Dominio dello Scienziato Pazzo;Mad Scientist’s Dominion;b6bf652b1;1;90;51;4x4;;-2;;;;;;;;275;;;;;;;;;;;;;;;;;;;;;;;;;;;;;;;;;200;;;;;;;;;;
W_MultiAge_HAL17A1;Torre Nera;Black Tower;R_MultiAge_HalloweenBonus17-85ca927ff;1;;19;4x5;2;1;-11630;;3;;;;;5;;;;;;;152500;;600;;;;;;;;;;;;;;;;;;;;;;;;;;;;;;;;;;
W_MultiAge_HAL17A2;Torre Gotica;Gothic Tower;f60abd10b;1;;19;4x5;2;26590;-26580;;40;;;;;50;25;25;;;;;323590;;21870;;;;;;;;;;150;;;;;;;;;;;;;;;;;;;;;;;;
W_MultiAge_HAL17A3;Torre Barocca;Baroque Tower;4351abae4;1;;19;4x5;;53170;-53160;;40;;;20;10;100;50;50;;;;;431450;;32810;;;;;;100;100;;;100;100;;;;;15;;;;;;;;;;M;;;;;;;;
W_MultiAge_HAL17A4;Torre di Ossidiana;Obsidian Tower;49090a799;1;90;51;4x5;;53170;-53160;;150;;;30;20;300;150;150;;;;;539310;;54690;;;;;;410;410;;;410;410;;;;;35;;;;;;;;;8000;M;;;;;;;;
W_MultiAge_HAL19A1;Manicomio abbandonato - Liv. 1;Abandoned Asylum - Lv. 1;R_MultiAge_HalloweenBonus19a-b77be48a1;;;19;5x5;2.5;1;-2910;;;;;;;;;;;;;;262300;;;;;;;;;;;;;;;;;;;;;;;;;;;;;;;;;;;;
W_MultiAge_HAL19A10;Manicomio Abbandonato Inquietante;Eerie Abandoned Asylum;7d0eddfae;1;;19;5x5;2.5;1;-2910;;50;;;;;80;;25;;;;;379870;;;;71;96;;;;;;;5;;;;20;;;;;;;;;;;;;;;;;;;;
W_MultiAge_HAL19A11;Manicomio Abbandonato Fantasma;Phantom Abandoned Asylum;86c78a1c0;1;;19;5x5;2.5;1;-2910;;75;;;;;120;;50;;;;;434130;;;;71;96;;;;;;;10;;;;30;;;;;;;;;;;;;;;;;;;;
W_MultiAge_HAL19A2;Manicomio abbandonato - Liv. 2;Abandoned Asylum - Lv. 2;R_MultiAge_HalloweenBonus19b-9b858921e;;;19;5x5;2.5;1;-2910;;;;;;;5;;;;;;;274100;;;;;;;;;;;;;;;;;;;;;;;;;;;;;;;;;;;;
W_MultiAge_HAL19A3;Manicomio abbandonato - Liv. 3;Abandoned Asylum - Lv. 3;R_MultiAge_HalloweenBonus19c-d069bb1a8;;;19;5x5;2.5;1;-2910;;1;;;;;5;;;;;;;286000;;;;;;;;;;;;;;;;;;;;;;;;;;;;;;;;;;;;
W_MultiAge_HAL19A4;Manicomio abbandonato - Liv. 4;Abandoned Asylum - Lv. 4;R_MultiAge_HalloweenBonus19d-83daf1234;;;19;5x5;2.5;1;-2910;;1;;;;;10;;;;;;;298100;;;;;;;;;;;;;;;;;;;;;;;;;;;;;;;;;;;;
W_MultiAge_HAL19A5;Manicomio abbandonato - Liv. 5;Abandoned Asylum - Lv. 5;R_MultiAge_HalloweenBonus19e-6c13172fa;;;19;5x5;2.5;1;-2910;;3;;;;;10;;;;;;;310000;;;;;;;;;;;;;;;;;;;;;;;;;;;;;;;;;;;;
W_MultiAge_HAL19A6;Manicomio abbandonato - Liv. 6;Abandoned Asylum - Lv. 6;R_MultiAge_HalloweenBonus19f-7652b9bef;;;19;5x5;2.5;1;-2910;;3;;;;;15;;;;;;;321900;;;;;;;;;;;;;;;;;;;;;;;;;;;;;;;;;;;;
W_MultiAge_HAL19A7;Manicomio abbandonato - Liv. 7;Abandoned Asylum - Lv. 7;R_MultiAge_HalloweenBonus19g-53f8d7dda;;;19;5x5;2.5;1;-2910;;6;;;;;15;;;;;;;333800;;;;;;;;;;;;;;;;;;;;;;;;;;;;;;;;;;;;
W_MultiAge_HAL19A8;Manicomio abbandonato - Liv. 8;Abandoned Asylum - Lv. 8;R_MultiAge_HalloweenBonus19h-9b6cdfd26;;;19;5x5;2.5;1;-2910;;6;;;;;20;;;;;;;345700;;;;;;;;;;;;;;;;;;;;;;;;;;;;;;;;;;;;
W_MultiAge_HAL19A9;Manicomio abbandonato - Liv. 9;Abandoned Asylum - Lv. 9;R_MultiAge_HalloweenBonus19i-bb687197d;1;;19;5x5;2.5;1;-2910;;11;;;;;20;;;;;;;357500;;;;25;;;;;;;;;;;;;;;;;;;;;;;;;;;;;;;;
W_MultiAge_HAL23A1;Laboratorio delle mostruosità - Liv. 1;Laboratory of Monstrosities - Lv. 1;61532a702;;;19;4x5;2;;;;;;;;;;;;;;;;;;2002;;;;;;;;;;;;;;;;;;;;;;;;;;;;;;;;;;
W_MultiAge_HAL23A10;Laboratorio delle mostruosità tonante;Thundering Laboratory of Monstrosities;98f224c15;1;;19;4x5;2;;;;27;;;;;33;77;;;;;90;;;20000;;41;21;42;22;;;;;;;;;;;;;;;;;;;;;;;;;;;;;selection_kit_HAL23EF:3
W_MultiAge_HAL23A2;Laboratorio delle mostruosità - Liv. 2;Laboratory of Monstrosities - Lv. 2;849b6e3b8;;;19;4x5;2;;;;;;;;;;7;;;;;;;;4001;;;;;;;;;;;;;;;;;;;;;;;;;;;;;;;;;;
W_MultiAge_HAL23A3;Laboratorio delle mostruosità - Liv. 3;Laboratory of Monstrosities - Lv. 3;e742e5010;;;19;4x5;2;;;;3;;;;;;14;;;;;;;;6000;;;;;;;;;;;;;;;;;;;;;;;;;;;;;;;;;;
W_MultiAge_HAL23A4;Laboratorio delle mostruosità - Liv. 4;Laboratory of Monstrosities - Lv. 4;94d063443;;;19;4x5;2;;;;6;;;;;;21;;;;;;;;8001;;;;;2;;;;;;;;;;;;;;;;;;;;;;;;;;;;;
W_MultiAge_HAL23A5;Laboratorio delle mostruosità - Liv. 5;Laboratory of Monstrosities - Lv. 5;432f8bb90;;;19;4x5;2;;;;9;;;;;;28;;;;;;;;10000;;;3;;4;;;;;;;;;;;;;;;;;;;;;;;;;;;;;
W_MultiAge_HAL23A6;Laboratorio delle mostruosità - Liv. 6;Laboratory of Monstrosities - Lv. 6;7ea6c106b;;;19;4x5;2;;;;12;;;;;;35;;;;;;;;11999;;;6;8;8;;;;;;;;;;;;;;;;;;;;;;;;;;;;;
W_MultiAge_HAL23A7;Laboratorio delle mostruosità - Liv. 7;Laboratory of Monstrosities - Lv. 7;c0f2b9314;;;19;4x5;2;;;;15;;;;;;42;;;;;;;;14000;;15;9;16;10;;;;;;;;;;;;;;;;;;;;;;;;;;;;;
W_MultiAge_HAL23A8;Laboratorio delle mostruosità - Liv. 8;Laboratory of Monstrosities - Lv. 8;deb95188a;1;;19;4x5;2;;;;23;;;;;27;63;;;;;50;;;16002;;31;17;32;18;;;;;;;;;;;;;;;;;;;;;;;;;;;;;selection_kit_HAL23EF:1|silver_upgrade_kit_HAL23A:5
W_MultiAge_HAL23A9;Laboratorio delle mostruosità sinistro;Sinister Laboratory of Monstrosities;209de3dba;1;;19;4x5;2;;;;25;;;;;30;70;;;;;70;;;18001;;36;19;37;20;;;;;;;;;;;;;;;;;;;;;;;;;;;;;golden_upgrade_kit_HAL23A:5|selection_kit_HAL23EF:2
W_MultiAge_HAL23B1;Torre magnetica della Fonte elettrica - Liv. 1;Sparkborn Stormspire - Lv. 1;13ef5edd8;;;19;1x1;;-860;-2340;;1.2;;;;;1;;;;;;;;;;;3;;;;;;;;;;;;;;;;;;;;;;;;;;;;;;;;
W_MultiAge_HAL23B2;Torre magnetica della Fonte elettrica - Liv. 2;Sparkborn Stormspire - Lv. 2;1d75bcdf3;1;;19;1x1;;-1224;-3090;;1.2;;;;;1;;;;;;;;;;;4;;;;;;;;;;;;;;;;;;;;;;;;;;;;;;;;
W_MultiAge_HAL23B3;Torre magnetica del Sovraccarico elettrico;Sparksurge Stormspire;afab83a0e;1;;19;1x1;;-1585;-3840;;1.2;;;;;1;;;;;;;;;;;5;;;;;;;;;;;;;;;;;;;;;;;;;;;;;;;;building_limited_daunting_tower_active:1
W_MultiAge_HAL23B4;Torre magnetica della Fucina elettrica;Sparkforge Stormspire;36c54217a;1;;19;1x1;;-1949;-4640;;1.2;;;;;1;;;;;;;;;;;6;;;;;;;;;;;;;;;;;;;;;;;;;;;;;;;;building_limited_daunting_tower_active:2
W_MultiAge_HAL23C1;Torre degli Orrori silenziosi;Tower of Whispering Horrors;ca51b813c;1;;19;2x3;1;;20860;;5;;;;;;25;;;;;;;;;;12;14;;;;;;;;;;;;;;;;;;;;;;;;;;;;;;;
W_MultiAge_HAL23D1;Boutique degli orrori Monster Wares;Monster Wares' Terrors Boutique;67ccdbb9a;1;;19;3x3;;11868;;;10;;;;;14;;;;;;;;;;;;;15;22;;;;;;;;;;;;;;;;;;;;;;;;;;;;;
W_MultiAge_HAL23E1;Elisir ectoplasmatici del Bar di Batsy;Batsy Bar's Ectoplasmic Elixirs;09b8bdc41;1;;19;2x2;1;-7797;-27750;;;;;;;25;;;;;;;;;;;;10;19;13;;;;;;;;;;;;;;;;;;;;;;;;;;;;;
W_MultiAge_HAL23F1;Scatola da incubo dell'Allevamento di mostri;Monster Ranch's Nightmare Box;51bcc2206;1;;19;2x1;;-5846;-9250;;3;;;;;;;;;;;;;;;;6;4;;5;;;;;;;;;;;;;;;;;;;;;;;;;;;;2;
W_MultiAge_HAL23G1;Carrozza fantasma dei Destrieri spettrali;Spectral Steeds' Phantom Carriage;e10b72067;1;;19;1x3;;;;;12;;;;;;18;;;;;;;;;;15;18;15;;;;;;;;;;;;;;;;;;;;;;;;;;;;;;golden_upgrade_kit_HAL23A:20|selection_kit_HAL23A:20|silver_upgrade_kit_HAL23A:20
W_MultiAge_HAL24A1;Giostra Brivido Inquietante - Lv. 1;Eerie Thrill Coaster - Lv. 1;e01803b0c;;;19;7x4;2;4575;-5490;;10;;;;;;;;;;;;;4020;;;;;;;;;;;;;;;;;;;;;;;;;;;;;;;;;;;
W_MultiAge_HAL24A10;Giostra Incubo Inquietante;Eerie Nightmare Coaster;f23d675f9;1;;19;7x4;2;30554;-36664;;75;;;8;;100;125;;;;;;;274100;;;102;102;;;30;30;;;;;;;;;;;;;;;;;;;M;;;;3;;;;
W_MultiAge_HAL24A2;Giostra Brivido Inquietante - Lv. 2;Eerie Thrill Coaster - Lv. 2;cdbc7b448;;;19;7x4;2;6100;-7320;;12;;;;;;;;;;;;;8042;;;;;;;;;;;;;;;;;;;;;;;;;;;;;;;;;;;
W_MultiAge_HAL24A3;Giostra Brivido Inquietante - Lv. 3;Eerie Thrill Coaster - Lv. 3;f8c4e5cf2;;;19;7x4;2;9177;-11012;;14;;;;;;;;;;;;;16081;;;;;;;;;;;;;;;;;;;;;;;;;;;;;;;;;;;
W_MultiAge_HAL24A4;Giostra Brivido Inquietante - Lv. 4;Eerie Thrill Coaster - Lv. 4;63bec6a67;;;19;7x4;2;12226;-14671;;16;;;;;;;;;;;;;32162;;;;;;;;;;;;;;;;;;;;;;;;;;;;;;;;;;;
W_MultiAge_HAL24A5;Giostra Brivido Inquietante - Lv. 5;Eerie Thrill Coaster - Lv. 5;8031c599c;;;19;7x4;2;15277;-18332;;20;;;;;;;;;;;;;64324;;;;;;;;;;;;;;;;;;;;;;;;;;;;;;;;;;;
W_MultiAge_HAL24A6;Giostra Brivido Inquietante - Lv. 6;Eerie Thrill Coaster - Lv. 6;bc475db26;;;19;7x4;2;18326;-21991;;25;;;;;;;;;;;;;128650;;;11;11;;;;;;;;;;;;;;;;;;;;;;;;;;;;;;;
W_MultiAge_HAL24A7;Giostra Brivido Inquietante - Lv. 7;Eerie Thrill Coaster - Lv. 7;510262052;;;19;7x4;2;21377;-25652;;30;;;;;;;;;;;;;257300;;;32;32;;;;;;;;;;;;;;;;;;;;;;;;;;;;;;;
W_MultiAge_HAL24A8;Giostra Brivido Inquietante - Lv. 8;Eerie Thrill Coaster - Lv. 8;fc46f347f;1;;19;7x4;2;24454;-29344;;35;;;1;;50;75;;;;;;;274080;;;52;52;;;;;;;;;;;;;;;;;;;;;;;;;;;1;;;;silver_upgrade_kit_HAL24A:5
W_MultiAge_HAL24A9;Giostra Terrore Inquietante;Eerie Terror Coaster;6b14607bf;1;;19;7x4;2;27503;-33003;;50;;;4;;75;100;;;;;;;274080;;;77;77;;;15;15;;;;;;;;;;;;;;;;;;;;;;;2;;;;golden_upgrade_kit_HAL24A:5
W_MultiAge_HAL24B1;Cimitero di Nightshade;Nightshade Cemetery;d992381bc;1;;19;5x2;1;3260;-3361;;30;;;2;;10;;;;;;;;;2720;;;;76;76;;;;;;15;;;;;;;;;;;;;;;;;;;;3;;;
W_MultiAge_HAL24C1;Il rifugio di Yaga;Yaga's Roost;a5872445c;1;;19;5x3;1.5;4350;-3361;;75;;;4;;25;;;;;;;;;;;76;76;;;20;;;;;;;;;;;;;;;;;;50;;;;;;;;3;;
W_MultiAge_HAL24D1;La corsa della Birra Stregata;Witch’s Brew Ride;003e5fca2;1;;19;4x5;;4350;-3361;;120;;;;;60;;10;;;;;;274100;;;151;151;;;;;;;;;;;25;;;;;;;;;;;;;;;;;;;;golden_upgrade_kit_HAL24A:5|selection_kit_HAL24A:30|silver_upgrade_kit_HAL24A:5
W_MultiAge_HAL24E1;Emporio degli Elisir Incantati;Enchanted Elixirs Emporium;309e5fa49;1;;19;4x4;;31800;-15900;;30;;;;;60;;10;;;;;;;3260;;;;101;81;;25;;;;;;;;;;;;;;;;;50;;;6;;;;;;;
W_MultiAge_HAL24F1;Sinistra Ruota di Joker;Joker’s Sinister Spin;97263939d;1;;19;2x5;;1070;-1600;;10;;;;;10;15;;;;;;;27000;;;10;;;;;;;;;;;;;;;;;;;;;;;;;;;;;;;;
W_MultiAge_HAL24F2;Ruota Infestata di Joker;Joker’s Haunted Spin;46c5f8d74;1;;19;2x5;;1070;-1600;;15;;;;;15;30;;;;;;;32360;;;25;;;;5;;;;;;;;;;;;;;;;;;;;;;;;;;;;
W_MultiAge_HAL24F3;Ruota Malevole di Joker;Joker’s Malevolent Spin;458c16077;1;;19;2x5;;1070;-1600;;25;;;;;25;45;;;;;;;43180;;;30;;;;8;;;;5;;;;;;;;;;;;;;;;;;;;;;;;
W_MultiAge_HAL25A1;Fiera Spettrale Boo'loon - Lv. 1;Boo’loon Spectral Fair - Lv. 1;c7f45292d;;;19;5x5;2.5;;5320;;1;;;;;;;;;;;;10790;;;;;;;;;;;;;;;;;;;;;;;;;;;;;;;;;;;;
W_MultiAge_HAL25A10;Carnevale Mascherato Boo'loon;Boo’loon Masquerade Carnival;73f07250f;1;;19;5x5;2.5;;79750;;200;;10.5;12.5;7.5;;;;;;;;431450;;;;232;232;;;377;377;;;;;;;;;;;;;;;;;;;;;;;;;;;golden_upgrade_kit_HAL25A:5|selection_kit_HAL25BC:2
W_MultiAge_HAL25A11;Grande Gala Boo'loon;Boo’loon Grand Gala;30825120f;1;;19;5x5;2.5;;95700;;250;;14;17.5;9;;;;;;;;539310;;;;282;282;;;402;402;;;;;;;;;;;;;;;;;;;M;;;;;;;;selection_kit_HAL25BC:3
W_MultiAge_HAL25A2;Fiera Spettrale Boo'loon - Lv. 2;Boo’loon Spectral Fair - Lv. 2;ebdeb1f4d;;;19;5x5;2.5;;10630;;5;;;;;;;;;;;;21570;;;;20;20;;;25;25;;;;;;;;;;;;;;;;;;;;;;;;;;;
W_MultiAge_HAL25A3;Fiera Spettrale Boo'loon - Lv. 3;Boo’loon Spectral Fair - Lv. 3;e5ee01db4;;;19;5x5;2.5;;15950;;10;;;;;;;;;;;;32360;;;;41;41;;;51;51;;;;;;;;;;;;;;;;;;;;;;;;;;;
W_MultiAge_HAL25A4;Fiera Spettrale Boo'loon - Lv. 4;Boo’loon Spectral Fair - Lv. 4;b88901808;;;19;5x5;2.5;;21270;;20;;;;;;;;;;;;48540;;;;61;61;;;101;101;;;;;;;;;;;;;;;;;;;;;;;;;;;
W_MultiAge_HAL25A5;Fiera Spettrale Boo'loon - Lv. 5;Boo’loon Spectral Fair - Lv. 5;5e188c6e8;;;19;5x5;2.5;;26580;;30;;;;;;;;;;;;64720;;;;81;81;;;151;151;;;;;;;;;;;;;;;;;;;;;;;;;;;
W_MultiAge_HAL25A6;Fiera Spettrale Boo'loon - Lv. 6;Boo’loon Spectral Fair - Lv. 6;b920451a1;;;19;5x5;2.5;;31900;;40;;;;;;;;;;;;86290;;;;101;101;;;201;201;;;;;;;;;;;;;;;;;;;;;;;;;;;
W_MultiAge_HAL25A7;Fiera Spettrale Boo'loon - Lv. 7;Boo’loon Spectral Fair - Lv. 7;9b5ae8d52;;;19;5x5;2.5;;37210;;50;;;;;;;;;;;;107860;;;;122;122;;;252;252;;;;;;;;;;;;;;;;;;;;;;;;;;;
W_MultiAge_HAL25A8;Fiera Spettrale Boo'loon - Lv. 8;Boo’loon Spectral Fair - Lv. 8;38a23fc1a;;;19;5x5;2.5;;47850;;75;;;;;;;;;;;;215720;;;;152;152;;;302;302;;;;;;;;;;;;;;;;;;;;;;;;;;;
W_MultiAge_HAL25A9;Fiera Spettrale Boo'loon - Lv. 9;Boo’loon Spectral Fair - Lv. 9;84df875a9;1;;19;5x5;2.5;;53160;;150;;7;7.5;6;;;;;;;;323590;;;;192;192;;;352;352;;;;;;;;;;;;;;;;;;;;;;;;;;;selection_kit_HAL25BC:1|silver_upgrade_kit_HAL25A:5
W_MultiAge_HAL25B1;Frullati Spettrali;Spooktastic Shakes;33ca6a362;1;;19;2x2;;-8510;;;;;;;;;10;;;;;15;;52800;;;;;;;;;25;25;;;;;;;;;;;;;;;;;;;;;;;;;
W_MultiAge_HAL25B2;Frullati Spettrali Ascesi;Ascended Spooktastic Shakes;aca5fb64a;1;30;51;2x2;;-8510;;;;;;;;;15;;;;;20;;79200;;;;;;;;;55;55;;;;;;;15;15;0.02;;;;;;;;;;;;;;;;
W_MultiAge_HAL25C1;Hamburger Bestiali;Beastly Burgers;2704a851e;1;;19;3x3;;-12760;;;30;;;5;;;;;;;;;107860;;;;;;;;;;;;;;50;50;;;;;;;;;;;;;;;;;;;;;
W_MultiAge_HAL25C2;Hamburger Bestiali Ascesi;Ascended Beastly Burgers;3852c2787;1;30;51;3x3;;-12760;;;60;;;5;;;;;;;;;134830;;;;;;;;;;;;;;150;150;25;;;;;0.03;;;;;;;;;;;;;;;
W_MultiAge_HAL25D1;Conservatorio Nightshade;Nightshade Conservatory;c93317028;1;;19;5x4;;;;;200;;;;;100;100;50;;;;;;;;;110;110;110;110;125;125;125;125;;;;;20;20;20;20;;;;;;;;;;;;;;;;;golden_selection_kit_HAL25A:20
W_MultiAge_HAL25E1;Ossario Rave Party - Lv. 1;Rattlebones Raveyard - Lv. 1;310b8e359;1;;19;3x4;;-42540;;;65;;;;;20;20;5;;;;;;;;;50;50;50;50;60;60;60;60;60;60;60;60;;;;;;;;;;;;;;;;;;;;;
W_MultiAge_HAL25E2;Ossario Rave Party - Lv. 2;Rattlebones Raveyard - Lv. 2;1ab7c4d32;1;;19;3x4;;-42540;;;200;;;;;60;60;20;;;;;;;;;100;100;100;100;185;185;185;185;185;185;185;185;;;;;;;;;;;;;;;;;;;;;upgrade_kit_ascended_HAL15A:4|upgrade_kit_ascended_HAL17A:4
W_MultiAge_HERO24A1;Santuario del Boschetto Asceso - Lv.1;Ascendant Grove Sanctuary - Lv.1;5323c5976;;;19;4x6;2;;;;;;;;;;;;;;;;188940;;;;;;;;;;;;;;;;;;;;;;;;;;;;;;;;;;;;
W_MultiAge_HERO24A2;Santuario del Boschetto Asceso - Lv.2;Ascendant Grove Sanctuary - Lv.2;181a4f221;;;19;4x6;2;;;;;;;;;;;;;;;;208840;;4341;;;;;;;;;;;;;;;;;;;;;;;;;;;;;;;;;;
W_MultiAge_HERO24A3;Santuario del Boschetto Asceso - Lv.3;Ascendant Grove Sanctuary - Lv.3;668832549;;;19;4x6;2;;;;;;;;;;5;;;;;;228740;;4560;;;;;;;;;;;;;;;;;;;;;;;;;;;;;;;;;;
W_MultiAge_HERO24A4;Santuario del Boschetto Asceso - Lv.4;Ascendant Grove Sanctuary - Lv.4;150680950;;;19;4x6;2;;;;;;;;;5;10;;;;;;248640;;4776;;;;;;;;;;;;;;;;;;;;;;;;;;;;;;;;;;
W_MultiAge_HERO24A5;Santuario del Boschetto Asceso - Lv.5;Ascendant Grove Sanctuary - Lv.5;f8fd5a299;;;19;4x6;2;;;;2;;;;;10;15;;;;;;268540;;4992;;;;;;;;;;;;;;;;;;;;;;;;;;;;;;;;;;
W_MultiAge_HERO24A6;Santuario del Boschetto Asceso - Lv.6;Ascendant Grove Sanctuary - Lv.6;62b06aeab;;;19;4x6;2;;;;4;;;;;15;20;;;;;;288460;;5211;;;;;;;;;;5;;;32;;;;;;;;;;;;;;;;;;;;;
W_MultiAge_HERO24A7;Santuario del Boschetto Asceso - Lv.7;Ascendant Grove Sanctuary - Lv.7;663c3b5b0;1;;19;4x6;2;;;;20;;;;;50;40;;;;;;308360;;6078;;52;;;31;;;;;45;;;60;;;;;;;;;;;;;;;;;;;;;silver_upgrade_kit_HERO24A:5
W_MultiAge_HERO24A8;Santuario del Boschetto Crescente;Surging Grove Sanctuary;afb83691c;1;;19;4x6;2;;;;25;;;;;70;50;;;;;;328260;;6297;;62;;;41;;;;;60;;;70;;;;;;;;;;;;;;;;;;;;;golden_upgrade_kit_HERO24A:5
W_MultiAge_HERO24A9;Santuario del Boschetto Apex;Apex Grove Sanctuary;f671461d0;1;;19;4x6;2;;;;30;;;;;80;60;;;;;;348160;;8682;;72;;;52;;;;;80;;;80;;;;;;;;;;;;;;;;;;;;;building_W_MultiAge_HERO24E1:3
W_MultiAge_HERO24B1REG;Giardino dei Lillà - Lv.1;Lilac Garden - Lv.1;W_MultiAge_HERO24B1-d34927e68;1;;19;4x2;;-22700;;;8;;;;;10;;;;;;;210720;;;;3;3;;;;;;;;;10;;;;;;;;;;;;;;;;;;;;;;
W_MultiAge_HERO24B2TEMP;Giardino dei lillà - Lv.2 - Attivo;Lilac Garden - Lv.2 - Active;W_MultiAge_HERO24B2-664441fa7;1;10;51;4x2;;-22700;;;12;;;;;20;;;;;;;234140;;;;12;12;;;;;;;;;20;;20;20;;;;;;;;;;;;;;;;;;;
W_MultiAge_HERO24C1REG;Fontana Eterea - Lv.1;Ethereal Fountain - Lv.1;W_MultiAge_HERO24C1-4ac2200a9;1;;19;4x2;;-22700;;;;;;;;;;;;;;10;210720;;;;;;;6;;;;;;;;20;;;;;;;;;;;;;;;;;;;;;
W_MultiAge_HERO24C2TEMP;Fontana Eterea - Lv.2 - Attiva;Ethereal Fountain - Lv.2 - Active;W_MultiAge_HERO24C2-2d27a0161;1;10;51;4x2;;-22700;;;5;;;;;;;;;;;15;234140;;;;;;;20;;;;;;;;40;;;15;15;;;;;;;;;;;;;;;;;
W_MultiAge_HERO24D1REG;Padiglione Fromage - Lv.1;Fromage Pavilion - Lv.1;W_MultiAge_HERO24D1-43b6f8a87;1;;19;4x2;;-22700;;;;;;;;15;;;;;;;210720;;;;5;4;;;15;;;;;;;;;;;;;;;;;;;;;;;;;;;;
W_MultiAge_HERO24D2TEMP;Padiglione Fromage - Lv.2 - Attivo;Fromage Pavilion - Lv.2 - Active;W_MultiAge_HERO24D2-97f6b9415;1;10;51;4x2;;-22700;;;;;;;;25;;;;;;;234140;;;;8;10;;;30;;;;;;;;10;;10;;;;;;;;;;;;;;;;;;
W_MultiAge_HERO24E1;Porta del Bastione;Bastion Gatehouse;3909971c8;1;;19;3x2;1;-28380;;;10;;;;;10;20;;;;;;;;6040;;25;;;25;;;;;;45;;35;;;;;;;;;;;;;;0.5;0.75;1.25;;;;;
W_MultiAge_HERO24F1;Emporio del Tessitore di seta;Silk Weaver's Emporium;1e92e992b;1;;19;3x3;;-22700;;;12;;;;;20;;;;;;;;;12060;;20;;;25;65;35;;;;;;;;;;;;;;;;;;;;;;;;;;;golden_selection_kit_HERO24H:2|selection_kit_HERO24H:5|silver_selection_kit_HERO24H:4
W_MultiAge_HERO24G1;Rifugio scommessa nel bosco;Woodland Wager Retreat;166c3cb96;1;;19;2x2;;;;;;;;;;25;;;;;;;;;13280;;50;20;;60;;;;;;;;;25;;;;;;;;;;;;;5;;;;;;;golden_upgrade_kit_HERO24A:5|selection_kit_HERO24A:20|silver_upgrade_kit_HERO24A:5
W_MultiAge_HERO24H1;Guarnigione di Mortai- Lv.1;Mortar Garrison- Lv.1;fae383e28;;;19;1x1;;-2840;;;;;;;;1;;;;;;;;;600;;1;;;;;;;;;;;1;;;;;;;;;;;;;;;;;;;;;
W_MultiAge_HERO24H2;Guarnigione di Mortai - Lv.2;Mortar Garrison- Lv.2;0180473dc;1;;19;1x1;;-2280;;;;;;;;1;;;;;;;;;720;;2;;;;1;;;;;;;2;;;;;;;;;;;;;;;;;;;;;
W_MultiAge_HERO24H3;Guarnigione Sterling;Sterling Garrison;d9c8d80dd;1;;19;1x1;;-1700;;;;;;;;2;;;;;;;;;910;;3;;;1;2;;;;;;;3;;;;;;;;;;;;;;;;;;;;;
W_MultiAge_HERO24H4;Guarnigione Bullion;Bullion Garrison;34f80ec7b;1;;19;1x1;;-1140;;;;;;1;;4;;;;;;;;;1200;;4;;;3;4;;;;5;;;6;;;;;;;;;;;;;;;;;;;;;
W_MultiAge_HIS25A1;Molo Fjordstorm - Lv.1;Fjordstorm Wharf - Lv.1;4acf26256;;;19;7x4;2;;15950;;6;;;;;;;;;;;;26970;;;;;;;;;;;;;;;;;;;;;;;;;;;;;;;;;;;;
W_MultiAge_HIS25A10;Molo Fjordstorm - Lv.10;Fjordstorm Wharf - Lv.10;a58ad6b8a;1;;19;7x4;2;;63800;;71;;;24;20;100;;75;;;;;431450;;;;;;;102;;;;77;;;;77;;;;;;;;;;;;;;;;;;;;;selection_kit_HIS25BC:1|silver_upgrade_kit_HIS25A:5
W_MultiAge_HIS25A11;Cantiere Fjordstorm;Fjordstorm Dockyard;131ef09db;1;;19;7x4;2;;85060;;141;;;24;21;150;;100;;;;;647170;;;;;;;202;;;;177;;;;177;;;;;;;;;;;;;;;;;;;;;golden_upgrade_kit_HIS25A:5|selection_kit_HIS25BC:2
W_MultiAge_HIS25A12;Porto Fjordstorm;Fjordstorm Harbor;cd98b95c9;1;;19;7x4;2;;106330;;181;;;40;30;200;;175;;;;;808970;;;;;;;352;;;;277;;;;277;;;;;;;;;;;;;M;;;;;;;;selection_kit_HIS25BC:3
W_MultiAge_HIS25A13;Porto Fjordstorm di Njord;Njord's Fjordstorm Harbor;1cb98316a;1;;19;7x4;;;116960;;256;;;50;40;300;;250;;;;;852110;;;;;;292;292;;;;292;;;;292;;;;;;;;;;;;;M;;;;;;;;selection_kit_HIS25BC:3
W_MultiAge_HIS25A14;Porto Fjordstorm di Njord Asceso;Ascended Njord's Fjordstorm Harbor;a04874e4a;1;90;51;7x4;;;212660;;451;;;70;65;500;;450;;;;;1531640;;;;;;342;342;;;;557;;;;557;;;;;;;;;;;200;8000;M;;;;;;;;selection_kit_HIS25BC:3
W_MultiAge_HIS25A2;Molo Fjordstorm - Lv.2;Fjordstorm Wharf - Lv.2;62a712b89;;;19;7x4;2;;21270;;9;;;;;;;;;;;;53930;;;;;;;;;;;;;;;;;;;;;;;;;;;;;;;;;;;;
W_MultiAge_HIS25A3;Molo Fjordstorm - Lv.3;Fjordstorm Wharf - Lv.3;9b6f6d850;;;19;7x4;2;;26580;;11;;;;;;;;;;;;80900;;;;;;;;;;;;;;;;;;;;;;;;;;;;;;;;;;;;
W_MultiAge_HIS25A4;Molo Fjordstorm - Lv.4;Fjordstorm Wharf - Lv.4;eaf544b40;;;19;7x4;2;;31900;;16;;;;;;;;;;;;107860;;;;;;;;;;;;;;;;;;;;;;;;;;;;;;;;;;;;
W_MultiAge_HIS25A5;Molo Fjordstorm - Lv.5;Fjordstorm Wharf - Lv.5;84b181ffe;;;19;7x4;2;;37210;;21;;;;;;;;;;;;161790;;;;;;;;;;;;;;;;;;;;;;;;;;;;;;;;;;;;
W_MultiAge_HIS25A6;Molo Fjordstorm - Lv.6;Fjordstorm Wharf - Lv.6;f8c2cf632;;;19;7x4;2;;42530;;26;;;;;;;;;;;;215720;;;;;;;;;;;;;;;;;;;;;;;;;;;;;;;;;;;;
W_MultiAge_HIS25A7;Molo Fjordstorm - Lv.7;Fjordstorm Wharf - Lv.7;bd2a5148c;;;19;7x4;2;;47850;;31;;;;;;;;;;;;269660;;;;;;;;;;;;;;;;;;;;;;;;;;;;;;;;;;;;
W_MultiAge_HIS25A8;Molo Fjordstorm - Lv.8;Fjordstorm Wharf - Lv.8;006ddb4d0;;;19;7x4;2;;53160;;36;;;;;;;;;;;;323590;;;;;;;27;;;;12;;;;;;;;;;;;;;;;;;;;;;;;;
W_MultiAge_HIS25A9;Molo Fjordstorm - Lv.9;Fjordstorm Wharf - Lv.9;df96f4725;;;19;7x4;2;;58480;;41;;;;;;;;;;;;377520;;;;;;;52;;;;27;;;;;;;;;;;;;;;;;;;;;;;;;
W_MultiAge_HIS25B1;Totem Emberfang;Emberfang Totem;fa7b47e70;1;;19;3x3;;-19140;;;10;;;;;;;;;;;;;;13120;;10;10;;;25;25;;;;;;;;;;;;;;;;;;;;5;;;;4.5;;;
W_MultiAge_HIS25B2;Totem Emberfang Asceso;Ascended Emberfang Totem;b339c275f;1;30;51;3x3;;-19140;;;65;;;;;;;;;;;;;;13120;;50;50;;;90;90;;;;;;;25;25;;;;;;20000;;5;;;;;;10;3;;4.5;;
W_MultiAge_HIS25C1;Skuddeholm Stead;Skuddeholm Stead;663442324;1;;19;4x3;;-25520;25520;;;;;;;25;25;;;;;50;;264010;;;;;;;;;30;30;;;10;10;;;;;;;;;;;;;;;;;;;;;
W_MultiAge_HIS25C2;Skuddeholm Stead Asceso;Ascended Skuddeholm Stead;420ddc133;1;30;51;4x3;;-25520;25520;;;;;;;75;100;;;;;150;;264010;;;;;;;;;125;125;;;100;100;;;25;25;;;;;10;5;;;;;;;;;;;
W_MultiAge_HIS25D1;Herringstead;Herringstead;49b190cd9;1;;19;5x4;;;;;;;;;;160;200;50;;;;;;;;;140;140;140;140;;;;;;;;50;50;;;;;;;;;;;;;;;;;;;;golden_selection_kit_HIS25A:20
W_MultiAge_HIS25E1;Pira Drakkar;Drakkar Pyre;cde4e7411;1;;19;4x4;;19140;;;;;;;;105;150;;;;;;;;;;100;100;100;100;;;;;25;25;25;25;;;;;;;;;;;;;;4.8;12;5;;;;;
W_MultiAge_HIS25F1;Mira dei Berserker - Lv.1;Berserkers Aim - Lv.1;ea56b7d47;;;19;3x3;;5320;;10;5;;;;;16;;2;;;;;;;;;;;;;;;;;;;;;;;;;;;;;;;;;;;;;;;;;
W_MultiAge_HIS25F2;Mira dei Berserker - Lv.2;Berserkers Aim - Lv.2;facc3a903;1;;19;3x3;;9570;;6;10;;;;;20;10;4;;;;;;;;;;;;;;;;;;;;;;;;;;;;;;;;;;;;;;;;;
W_MultiAge_HIS25F3;Precisione dei Berserker;Berserkers Precision;ca4dc6bdb;1;;19;3x3;;12760;;4;20;;;;;25;15;7.5;;;;;;;;;;;;;;;;;;;;;;;;;;;;;;;;;;;;;;;;;
W_MultiAge_HIS25F4;Furia dei Berserker;Berserkers Wrath;a415cc93a;1;;19;3x3;;15950;;2;25;;;;;25;20;10;;;;;;;;;;;;;;;;;;;;;;;;;;;;;;;;;;;;;;;;;
W_MultiAge_HIS25G1;Mulino Oarcrest;Oarcrest Mill;e72d06b33;1;;19;4x5;2;10630;79750;;22.5;;;;;25;15;;;;;;161790;;;;51;;;;;;;;;;;;;;;;;;;;;;;;;;;;;;;;
W_MultiAge_HIS25G2;Cascate Oarcrest;Oarcrest Falls;f5cbbb203;1;;19;4x5;2;21270;159490;;37.5;;;;;37.5;20;5;;;;;323590;;;;151;;;;;;;;;;;;25;;;;;;;;;;;;;;;;;;;;
W_MultiAge_HIS25G3;Fiordo Oarcrest;Oarcrest Fjord;14848d615;1;;19;4x5;2;42540;212660;;60;;;;;75;40;50;;;;;701100;;;;181;;;;;;;;;;;;50;;;;;;;;;;;;M;;;;;;;;
W_MultiAge_HIS26A1;Torre delle Valchirie - Liv. 1;Valkyrie Tower - Lv. 1;8d67e9098;;;19;6x5;2.5;1700;4250;;31;;;;;;;;;;;;32360;;;;;;;;;;;;;;;;;;;;;;;;;;;;;;;;;;;;
W_MultiAge_HIS26A10;Torre delle Valchirie;Valkyrie Spire;d2c82405c;1;;19;6x5;2.5;72310;85060;15;256;;;;;;;;;;;;755040;;;;253;253;;;267;;;;;;;;;;;;;;;;;;;;M;;;;;;;;golden_upgrade_kit_HIS26A:5|selection_kit_HIS26BC:2
W_MultiAge_HIS26A11;Santuario delle Valchirie;Valkyrie Sanctum;e4155d6ea;1;;19;6x5;2.5;87200;106330;30;276;;;;;;;;;;;;938400;;;;283;283;;;282;;;;;;;;;;;;;;;;;;;;M;;;;;;;;selection_kit_HIS26BC:3
W_MultiAge_HIS26A2;Torre delle Valchirie - Liv. 2;Valkyrie Tower - Lv. 2;baa6b4b79;;;19;6x5;2.5;8930;11700;;56;;;;;;;;;;;;86290;;;;;;;;46;;;;;;;;;;;;;;;;;;;;;;;;;;;;
W_MultiAge_HIS26A3;Torre delle Valchirie - Liv. 3;Valkyrie Tower - Lv. 3;514c62c75;;;19;6x5;2.5;16160;19140;;81;;;;;;;;;;;;140220;;;;83;83;;;72;;;;;;;;;;;;;;;;;;;;;;;;;;;;
W_MultiAge_HIS26A4;Torre delle Valchirie - Liv. 4;Valkyrie Tower - Lv. 4;de948e4cf;;;19;6x5;2.5;23400;26580;;106;;;;;;;;;;;;194150;;;;103;103;;;98;;;;;;;;;;;;;;;;;;;;;;;;;;;;
W_MultiAge_HIS26A5;Torre delle Valchirie - Liv. 5;Valkyrie Tower - Lv. 5;9a9ff7406;;;19;6x5;2.5;30630;34030;;131;;;;;;;;;;;;248080;;;;123;123;;;124;;;;;;;;;;;;;;;;;;;;;;;;;;;;
W_MultiAge_HIS26A6;Torre delle Valchirie - Liv. 6;Valkyrie Tower - Lv. 6;b0b184cb5;;;19;6x5;2.5;37860;41470;;156;;;;;;;;;;;;302010;;;;143;143;;;150;;;;;;;;;;;;;;;;;;;;;;;;;;;;
W_MultiAge_HIS26A7;Torre delle Valchirie - Liv. 7;Valkyrie Tower - Lv. 7;a4aeeac32;;;19;6x5;2.5;45090;48910;;181;;;;;;;;;;;;409880;;;;163;163;;;176;;;;;;;;;;;;;;;;;;;;;;;;;;;;
W_MultiAge_HIS26A8;Torre delle Valchirie - Liv. 8;Valkyrie Tower - Lv. 8;c84704ac7;;;19;6x5;2.5;52320;56350;;206;;;;;;;;;;;;517740;;;;183;183;;;202;;;;;;;;;;;;;;;;;;;;;;;;;;;;
W_MultiAge_HIS26A9;Torre delle Valchirie - Liv. 9;Valkyrie Tower - Lv. 9;190e055c6;1;;19;6x5;2.5;59550;63800;10;231;;;;;;;;;;;;625600;;;;213;213;;;237;;;;;;;;;;;;;;;;;;;;M;;;;;;;;selection_kit_HIS26BC:1|silver_upgrade_kit_HIS26A:5
W_MultiAge_HIS26B1;La primavera di Mimir;Mimir's Spring;a23ce1ae0;1;;19;3x2;;-47850;;;66;;;;;;;;;;;70;;;19690;;;;;;;;97;97;;;;;;;;;;;;;;;;;;;;;;;;;
W_MultiAge_HIS26B2;Primavera di Mimir Ascesa;Ascended Mimir's Spring;bdca41527;1;30;51;3x2;;-47850;;;180;;;;;;;;;;;100;;;29530;;;;;;;;257;257;;;;;;;24;24;0.04;;;;10;;;;;;;;;;;;
W_MultiAge_HIS26C1;Tana di Freki;Freki's Lair;801924541;1;;19;4x2;;-47850;;;;;;;;95;90;;;;;;;190080;;;;;;;97;97;;;;;;;;;;;;;;;;;;;;;;;;;;;
W_MultiAge_HIS26C2;Tana di Freki Ascesa;Ascended Freki's Lair;49acde7b8;1;30;51;4x2;;-47850;;;;;;;;240;240;;;;;;;359050;;;;;;;362;362;;;;;;;12;12;;;;0.04;;;;6;;;;;;;;;;;
W_MultiAge_HIS26D1;Padronanza dei Dvergar ;Mastery of Dvergar ;f09dbde79;1;;19;4x5;2;;;;362;;;;;;;;;;;;;;;;;;;;222;222;222;222;292;292;292;292;30;30;30;30;;;;;;;;;M;;;;;;;;golden_selection_kit_HIS26A:20
W_MultiAge_HIS26E1;Totem di Dreki;Dreki Totem;762707a90;1;;19;3x3;;-42540;23390;;54;;;;;;;41;;;;;;;;;57;57;57;57;;;;;;;;;;;;;;;;;;;;;M;;;;;;;;
W_MultiAge_HIS26E2;Totem di Dreki Asceso;Ascended Dreki Totem;6726184fe;1;30;51;3x3;;-42540;28710;;87;0.02;;;;;;46;;;0.02;;;;;;92;92;92;92;;;;;;;;;;;;;;;;;;;;;M;;;;;;;;
W_MultiAge_HIS26F1;Capanna dei racconti di Huginn - Liv. 1;Huginn Tale Hut - Lv. 1;6a458cb68;1;;19;4x4;2;-42540;;;160;;;;;;;;;;;;;;;;;;;;86;86;86;86;;;;;;;;;;;;;;;;;M;3;;;;;;;
W_MultiAge_HIS26F2;Capanna dei racconti di Huginn - Liv. 2;Huginn Tale Hut - Lv. 2;972a6700b;1;;19;4x4;2;-42540;;;280;;;;;;;;;;;;;;;;;;;;197;197;197;197;;;;;;;;;;;;;;;;;M;8;;;;;;;upgrade_kit_ascended_HIS25A:6
W_MultiAge_HalloweenBonus22a;Albero infestato - Attivo;Haunted Tree - Active;cdbc7029a;1;;55;2x2;;;;;20;;;;;;;;;;;;;;;;;;;;;;;;;;;;;;;;;;;;;;;;;;;;;;;;
W_MultiAge_HalloweenBonus22aDecoration;Albero infestato - Non attivo;Haunted Tree - Inactive;80cca43ca;;;23;2x2;;;250;;;;;;;;;;;;;;;;;;;;;;;;;;;;;;;;;;;;;;;;;;;;;;;;;;
W_MultiAge_HalloweenBonus22b;Torre spaventosa - Attiva;Daunting Tower - Active;171466213;1;1;23;1x1;;;;;;;;;;;;;;;;;;;;;50;;;;;;;;;;;;;;;;;;;;;;;;;;;;;;;;
W_MultiAge_HalloweenBonus22bDecoration;Torre spaventosa - Non attiva;Daunting Tower - Inactive;3ff04c642;;;23;1x1;;;250;;;;;;;;;;;;;;;;;;;;;;;;;;;;;;;;;;;;;;;;;;;;;;;;;;
W_MultiAge_HalloweenBonusGP22a;Carovana dei tarocchi - Liv. 1;Tarot Card Caravans - Lv. 1;e03987b5e;;;19;5x4;2;9750;-2320;;;;;;;;;;;;;;172041;;;;;;;;;;;;;;;;;;;;;;;;;;;;;;;;;;;;
W_MultiAge_HalloweenBonusGP22b;Carovana dei tarocchi - Liv. 2;Tarot Card Caravans - Lv. 2;870866ad9;;;19;5x4;2;9847;-2320;;;;;;;;;;;;;;191119;;;;;;;;;;;;;;;;;;;;;;;;;;;;;;;;;;;;
W_MultiAge_HalloweenBonusGP22c;Carovana dei tarocchi - Liv. 3;Tarot Card Caravans - Lv. 3;230148dc9;;;19;5x4;2;9943;-2320;;;;;;;;;;;;;;210194;;;;;;;;;;;;;;;;;;;;;;;;;;;;;;;;;;;;
W_MultiAge_HalloweenBonusGP22d;Carovana dei tarocchi - Liv. 4;Tarot Card Caravans - Lv. 4;95d1c92f3;;;19;5x4;2;10043;-2320;;;;;;;;;;;;;;229629;;;;;;;;;;;;;;;;;;;;;;;;;;;;;;;;;;;;
W_MultiAge_HalloweenBonusGP22e;Carovana dei tarocchi - Liv. 5;Tarot Card Caravans - Lv. 5;eb1c477da;;;19;5x4;2;10139;-2320;;;;;;;;;;;;;;238988;;;;;;;;;;;;;;;;;;;;;;;;;;;;;;;;;;;;
W_MultiAge_HalloweenBonusGP22f;Carovana dei tarocchi - Liv. 6;Tarot Card Caravans - Lv. 6;d666fbe53;;;19;5x4;2;10236;-2320;;;;;;;;;;;;;;248707;;;;;;;;;;;;;;;;;;;;;;;;;;;;;;;;;;;;
W_MultiAge_HalloweenBonusGP22g;Carovana dei tarocchi - Liv. 7;Tarot Card Caravans - Lv. 7;e77f6c338;;;19;5x4;2;10332;-2320;;;;;;;;;;;;;;258063;;;;;;;;;;;;;;;;;;;;;;;;;;;;;;;;;;;;
W_MultiAge_HalloweenBonusGP22h;Carovana dei tarocchi - Liv. 8;Tarot Card Caravans - Lv. 8;36d1dee2d;;;19;5x4;2;10429;-2320;;;;;;;;5;;;;;;262741;;;;;;;;;;;;;;;;;;;;;;;;;;;;;;;;;;;;
W_MultiAge_HalloweenBonusGP22i;Carovana dei tarocchi - Liv. 9;Tarot Card Caravans - Lv. 9;03cd1df53;;;19;5x4;2;10477;-2320;;;;;;;;10;;;;;;267782;;;;;;;;;;;;;;;;;;;;;;;;;;;;;;;;;;;;
W_MultiAge_HalloweenBonusGP22j;Carovana dei tarocchi - Liv. 10;Tarot Card Caravans - Lv. 10;a56e8a803;;;19;5x4;2;10522;-2320;;5;;;;;;15;;;;;;272460;;;;;;;;;;;;;;;;;;;;;;;;;;;;;;;;;;;;
W_MultiAge_HalloweenBonusGP22k;Carovana dei tarocchi - Liv. 11;Tarot Card Caravans - Lv. 11;10d63926b;;;19;5x4;2;10573;-2320;;7;;;;;;20;;;;;;277138;;;;13;;;;;;;;;;;;;;;;;;;;;;;;;;;;;;;;
W_MultiAge_HalloweenBonusGP22l;Carovana dei tarocchi - Liv. 12;Tarot Card Caravans - Lv. 12;0ff36ea3e;1;;19;5x4;2;10622;-2320;;10;;;;;;35;;;;;;282179;;;;23;;;;;;;;;;;;;;;;;;;;;;;;;;1;;;;;;
W_MultiAge_HalloweenBonusGP22m;Carovana dei tarocchi arcani;Arcane Tarot Card Caravans;58d0a1f6d;1;;19;5x4;2;10671;-2320;;23;;;;;;70;;;;;;287220;;;;33;31;32;;;;;;;;;;;;;;;;;;;;;;;;2;;;;;;
W_MultiAge_HistoricalAlliesStarter24A;Giunzione senza tempo;Timeless Junction;21b5464bd;1;;19;2x2;;;11360;;10;;;;;10;10;10;;;;;;;;;;;;;;;;;;;;;;;;;;;;;;;;;M;;;;;;;;
W_MultiAge_LTE24A1;Mercato Eterno - Orizzonte Toscano;Eternal Market - Tuscan Horizon;c29798c52;1;;23;6x6;;85160;;;252;;;;;;360;;;;;;;;;;198;;198;;;;;;;;;;;;;;;;;;;;;;;;;;;;;;
W_MultiAge_LTE24A10;Mercato Eterno - Orizzonte Lunare;Eternal Market - Lunar Horizon;156c70e64;1;;23;6x6;;340640;;;576;;;;;630;630;;;;;;;;;;216;216;216;216;252;252;252;252;252;252;252;252;25;25;25;25;;;;;;;;;;;;;;;;;
W_MultiAge_LTE24A11;Mercato Eterno - Orizzonte Galattico;Eternal Market - Galactic Horizon;f74f2cf91;1;30;55;6x6;;340640;;;;0.3;;;;;;;810;;0.3;7200;;;;;324;324;324;324;432;432;432;432;432;432;432;432;100;100;100;100;;;;;;;400;16000;;;;;;;;;
W_MultiAge_LTE24A2;Mercato Eterno - Orizzonte Nobile;Eternal Market - Noble Horizon;988ef3d94;1;;23;6x6;;113540;;;288;;;;;390;390;;;;;;;;;;200;;200;;;;;;;;;;5;5;5;5;;;;;;;;;;;;;;;;;
W_MultiAge_LTE24A3;Mercato Eterno - Orizzonte Vapore;Eternal Market - Steam Horizon;c920320e6;1;;23;6x6;;141940;;;324;;;;;420;420;;;;;;;;;;202;202;202;;;;;;;;;;5;5;5;5;;;;;;;;;;;;;;;;;
W_MultiAge_LTE24A4;Mercato Eterno - Orizzonte Urbano;Eternal Market - Urban Horizon;ba06dc0b9;1;;23;6x6;;170320;;;360;;;;;450;450;;;;;;;;;;204;204;204;;;;36;36;36;36;;;10;10;10;10;;;;;;;;;;;;;;;;;
W_MultiAge_LTE24A5;Mercato eterno - Orizzonte Neon;Eternal Market - Neon Horizon;32ebf5dfa;1;;23;6x6;;198700;;;396;;;;;480;480;;;;;;;;;;206;206;206;206;;;72;72;72;72;;;10;10;10;10;;;;;;;;;;;;;;;;;
W_MultiAge_LTE24A6;Mercato Eterno - Orizzonte Acquatico;Eternal Market - Aquatic Horizon;b555a9298;1;;23;6x6;;227100;;;432;;;;;510;510;;;;;;;;;;208;208;208;208;;;108;108;108;108;;;15;15;15;15;;;;;;;;;;;;;;;;;
W_MultiAge_LTE24A7;Mercato Eterno - Orizzonte Cibernetico;Eternal Market - Cyber Horizon;822c9bf42;1;;23;6x6;;255480;;;468;;;;;540;540;;;;;;;;;;210;210;210;210;;;144;144;144;144;144;144;15;15;15;15;;;;;;;;;;;;;;;;;
W_MultiAge_LTE24A8;Mercato Eterno - Orizzonte Rosso;Eternal Market - Red Horizon;1854a8c66;1;;23;6x6;;283860;;;504;;;;;570;570;;;;;;;;;;212;212;212;212;;;180;180;180;180;180;180;20;20;20;20;;;;;;;;;;;;;;;;;
W_MultiAge_LTE24A9;Mercato Eterno - Orizzonte d'oro;Eternal Market - Golden Horizon;40395d103;1;;23;6x6;;312260;;;540;;;;;600;600;;;;;;;;;;214;214;214;214;216;216;216;216;216;216;216;216;20;20;20;20;;;;;;;;;;;;;;;;;
W_MultiAge_ONBOARD25A1;Falò;Campfire;a570e16bb;1;;19;2x2;;;101;;;;;;;;;;;;;;;;;;;;;;;;;;;;;;;;;;;;;;;;;;;;;;;;;;
W_MultiAge_ONBOARD25A1Active;Falò;Campfire;W_MultiAge_ONBOARD25A1-a570e16bb;;;2;2x2;;;;;;;;;;;;;;;;;;;;;;;;;;;;;;;;;;;;;;;;;;;;;;;;;;;;;
W_MultiAge_PAT21A1;Tempio druidico - Liv. 1;Druid Temple - Lv. 1;R_MultiAge_PatrickBonus21a-4c985e001;;;19;5x4;2;10540;;;0.4;;;;;3;;;;;;;133750;19850;770;;;;;;;;;;;;;;;;;;;;;;;;;;;;;;;;;;
W_MultiAge_PAT21A10;Tempio druidico - Liv. 10;Druid Temple - Lv. 10;R_MultiAge_PatrickBonus21j-96e718d36;1;;19;5x4;2;16290;;;10;;;;;30;;;;;;;286000;25625;6547.5;;;30;;;;;;;;;;;;;;;;;;;;;;;;;;;;;;;
W_MultiAge_PAT21A11;Tempio druidico dimenticato;Forgotten Druid Temple;941679a24;1;;19;5x4;2;34030;;;20;;;;;72;;;;;;;349910;55343.75;11547.9;;;47;;;;;;;;;;;;;10;;;;;;;;;;;;;;;;;;
W_MultiAge_PAT21A12;Tempio dei Druidi Perduto;Lost Druid Temple;fd9c34cdf;1;;19;5x4;2;88270;;;60;;;;;132;;;;;;;479340;110687.5;23095.8;;;122;;;;;;;;;;;;;30;;;;;;;;;;M;;;;;;;;
W_MultiAge_PAT21A2;Tempio druidico - Liv. 2;Druid Temple - Lv. 2;R_MultiAge_PatrickBonus21b-d6b7f7e4e;;;19;5x4;2;11020;;;1;;;;;5;;;;;;;154700;22550;1274;;;;;;;;;;;;;;;;;;;;;;;;;;;;;;;;;;
W_MultiAge_PAT21A3;Tempio druidico - Liv. 3;Druid Temple - Lv. 3;R_MultiAge_PatrickBonus21c-f80a897ef;;;19;5x4;2;11500;;;1.25;;;;;8.5;;;;;;;178000;26325;2475;;;;;;;;;;;;;;;;;;;;;;;;;;;;;;;;;;
W_MultiAge_PAT21A4;Tempio druidico - Liv. 4;Druid Temple - Lv. 4;R_MultiAge_PatrickBonus21d-30e3f750f;;;19;5x4;2;11980;;;2.5;;;;;10.5;;;;;;;201475;30750;3600;;;;;;;;;;;;;;;;;;;;;;;;;;;;;;;;;;
W_MultiAge_PAT21A5;Tempio druidico - Liv. 5;Druid Temple - Lv. 5;R_MultiAge_PatrickBonus21e-33c7b678d;;;19;5x4;2;12460;;;3.5;;;;;14.5;;;;;;;219675;28875;3952.5;;;;;;;;;;;;;;;;;;;;;;;;;;;;;;;;;;
W_MultiAge_PAT21A6;Tempio druidico - Liv. 6;Druid Temple - Lv. 6;R_MultiAge_PatrickBonus21f-fbc425071;;;19;5x4;2;12940;;;5.25;;;;;17.25;;;;;;;226187.5;32775;4342.5;;;;;;;;;;;;;;;;;;;;;;;;;;;;;;;;;;
W_MultiAge_PAT21A7;Tempio druidico - Liv. 7;Druid Temple - Lv. 7;R_MultiAge_PatrickBonus21g-f41d9d1a3;;;19;5x4;2;13420;;;6;;;;;22;;;;;;;229000;18100;4230;;;18;;;;;;;;;;;;;;;;;;;;;;;;;;;;;;;
W_MultiAge_PAT21A8;Tempio druidico - Liv. 8;Druid Temple - Lv. 8;R_MultiAge_PatrickBonus21h-78e798cba;;;19;5x4;2;13900;;;8;;;;;24;;;;;;;248000;20500;4635;;;22;;;;;;;;;;;;;;;;;;;;;;;;;;;;;;;
W_MultiAge_PAT21A9;Tempio druidico - Liv. 9;Druid Temple - Lv. 9;R_MultiAge_PatrickBonus21i-7a76d2f53;;;19;5x4;2;14860;;;8;;;;;28;;;;;;;267000;22625;5400;;;26;;;;;;;;;;;;;;;;;;;;;;;;;;;;;;;
W_MultiAge_PAT22A1;Casale celtico - Liv. 1;Celtic Farmstead - Lv. 1;R_MultiAge_PatrickBonus22a-4f57c8353;;;19;5x6;2.5;15815;21820;;;;;;;;;;;;;;171700;;;;;;;;;;;;;;;;;;;;;;;;;;;;;;;;;;;;
W_MultiAge_PAT22A10;Casale celtico - Liv. 10;Celtic Farmstead - Lv. 10;R_MultiAge_PatrickBonus22j-100407d0e;1;;19;5x6;2.5;27317;29830;;13;;;;;25;;;;;;15;286000;;;;47;;;;;;;;;;;;;;;;;;;;;;;;;;;;;;;;
W_MultiAge_PAT22A11;Casale Celtico Incantato;Enchanted Celtic Farmstead;d51ecead6;1;;19;5x6;2.5;36900;55330;;60;;;;;100;;;;;;150;380460;;;;48;48;;;68;68;;;;;;;10;;;;;;;;;;;;;;;;;;;;
W_MultiAge_PAT22A12;Casale Celtico Mistico;Mystic Celtic Farmstead;ea79399ad;1;;19;5x6;2.5;55350;83010;;75;;;;;135;;;;;;200;475590;;;;58;58;;;83;83;;;;;;;20;;;;;;;;;;;;;;;;;;;;
W_MultiAge_PAT22A13;Casale Celtico Sacro;Sacred Celtic Farmstead;e1cb096e2;1;;19;5x6;2.5;73800;110680;;90;;;;;170;;;;;;250;570700;;;;68;68;;;98;98;;;;;;;30;;;;;;;;;;;;M;;;;;;;;
W_MultiAge_PAT22A2;Casale celtico - Liv. 2;Celtic Farmstead - Lv. 2;R_MultiAge_PatrickBonus22b-5ae55c1f4;;;19;5x6;2.5;15959;22690;;;;;;;;;;;;;;173100;;;;;;;;;;;;;;;;;;;;;;;;;;;;;;;;;;;;
W_MultiAge_PAT22A3;Casale celtico - Liv. 3;Celtic Farmstead - Lv. 3;R_MultiAge_PatrickBonus22c-388db4664;;;19;5x6;2.5;17253;23570;;;;;;;5;;;;;;;186000;;;;;;;;;;;;;;;;;;;;;;;;;;;;;;;;;;;;
W_MultiAge_PAT22A4;Casale celtico - Liv. 4;Celtic Farmstead - Lv. 4;R_MultiAge_PatrickBonus22d-0d07c7bf9;;;19;5x6;2.5;18691;24440;;1;;;;;10;;;;;;;200300;;;;;;;;;;;;;;;;;;;;;;;;;;;;;;;;;;;;
W_MultiAge_PAT22A5;Casale celtico - Liv. 5;Celtic Farmstead - Lv. 5;R_MultiAge_PatrickBonus22e-73a604968;;;19;5x6;2.5;20128;25290;;2;;;;;10;;;;;;;214500;;;;;;;;;;;;;;;;;;;;;;;;;;;;;;;;;;;;
W_MultiAge_PAT22A6;Casale celtico - Liv. 6;Celtic Farmstead - Lv. 6;R_MultiAge_PatrickBonus22f-f27560757;;;19;5x6;2.5;21566;26170;;4;;;;;15;;;;;;5;229000;;;;;;;;;;;;;;;;;;;;;;;;;;;;;;;;;;;;
W_MultiAge_PAT22A7;Casale celtico - Liv. 7;Celtic Farmstead - Lv. 7;R_MultiAge_PatrickBonus22g-09f997930;;;19;5x6;2.5;23004;27040;;6;;;;;15;;;;;;5;243200;;;;22;;;;;;;;;;;;;;;;;;;;;;;;;;;;;;;;
W_MultiAge_PAT22A8;Casale celtico - Liv. 8;Celtic Farmstead - Lv. 8;R_MultiAge_PatrickBonus22h-20e832705;;;19;5x6;2.5;24442;27920;;8;;;;;20;;;;;;10;257500;;;;34;;;;;;;;;;;;;;;;;;;;;;;;;;;;;;;;
W_MultiAge_PAT22A9;Casale celtico - Liv. 9;Celtic Farmstead - Lv. 9;R_MultiAge_PatrickBonus22i-3fed1963b;;;19;5x6;2.5;25879;28790;;11;;;;;20;;;;;;10;271800;;;;39;;;;;;;;;;;;;;;;;;;;;;;;;;;;;;;;
W_MultiAge_PAT23A1;Capanna druidica - Liv. 1;Druid Hut - Lv. 1;e6f3d896d;;;19;5x4;2;;;;;;;;;;;;;;;;6346;;;;;;;;;;;;;;;;;;;;;;;;;;;;;;;;;;;;
W_MultiAge_PAT23A10;Capanna dell'Arcidruido;Archdruid Hut;dce260f07;1;;19;5x4;2;;;;12;;;;;;;;;;;;12771;;;;23;27;;;;;;;;;;;;;;;;;;;;;;;;;;;;;;;building_W_MultiAge_PAT23C1:10|building_W_MultiAge_PAT23D1:10
W_MultiAge_PAT23A11;Sacra Capanna dell'Arcidruido;Sacred Archdruid Hut;c6db839d8;1;;19;5x4;2;;;;24;;;;;55;;;;;;;25542;;;;23;27;;31;23;27;;;;;;31;;;;;;;;;;;;;;;;;;;;;selection_kit_PAT23BCD:12|upgrade_kit_PAT23B:12|upgrade_kit_PAT23C:12|upgrade_kit_PAT23D:12
W_MultiAge_PAT23A2;Capanna druidica - Liv. 2;Druid Hut - Lv. 2;17732ee19;;;19;5x4;2;;;;;;;;;;;;;;;;6346;;;;;;;;;;;;;;;;;;;;;;;;;;;;;;;;;;;;
W_MultiAge_PAT23A3;Capanna druidica - Liv. 3;Druid Hut - Lv. 3;78fcebf5d;;;19;5x4;2;;;;1;;;;;;;;;;;;7011;;;;;;;;;;;;;;;;;;;;;;;;;;;;;;;;;;;;
W_MultiAge_PAT23A4;Capanna druidica - Liv. 4;Druid Hut - Lv. 4;a418a6654;;;19;5x4;2;;;;1;;;;;;;;;;;;7011;;;;;;;;;;;;;;;;;;;;;;;;;;;;;;;;;;;;building_W_MultiAge_PAT23C1:1|building_W_MultiAge_PAT23D1:1
W_MultiAge_PAT23A5;Capanna druidica - Liv. 5;Druid Hut - Lv. 5;52c0456da;;;19;5x4;2;;;;2;;;;;;;;;;;;7317;;;;;;;;;;;;;;;;;;;;;;;;;;;;;;;;;;;;building_W_MultiAge_PAT23C1:1|building_W_MultiAge_PAT23D1:1
W_MultiAge_PAT23A6;Capanna druidica - Liv. 6;Druid Hut - Lv. 6;37d67a2cb;;;19;5x4;2;;;;2;;;;;;;;;;;;7317;;;;;;;;;;;;;;;;;;;;;;;;;;;;;;;;;;;;building_W_MultiAge_PAT23C1:2|building_W_MultiAge_PAT23D1:1
W_MultiAge_PAT23A7;Capanna druidica - Liv. 7;Druid Hut - Lv. 7;2aec159e6;;;19;5x4;2;;;;3;;;;;;;;;;;;7669;;;;;;;;;;;;;;;;;;;;;;;;;;;;;;;;;;;;building_W_MultiAge_PAT23C1:2|building_W_MultiAge_PAT23D1:2
W_MultiAge_PAT23A8;Capanna druidica - Liv. 8;Druid Hut - Lv. 8;d5d1ca63e;;;19;5x4;2;;;;3;;;;;;;;;;;;7982;;;;;;;;;;;;;;;;;;;;;;;;;;;;;;;;;;;;building_W_MultiAge_PAT23C1:3|building_W_MultiAge_PAT23D1:2
W_MultiAge_PAT23A9;Capanna druidica - Liv. 9;Druid Hut - Lv. 9;2c836c067;1;;19;5x4;2;;;;7;;;;;;;;;;;;9575;;;;18;21;;;;;;;;;;;;;;;;;;;;;;;;;;;;;;;building_W_MultiAge_PAT23C1:5|building_W_MultiAge_PAT23D1:5|golden_upgrade_kit_PAT23A:1
W_MultiAge_PAT23B1;Albero del silenzio;Tree of Silence;93c82ed67;1;;19;1x1;0.5;;;;2;;;;;;;;;;;;6346;;;;3;;5;;;;;;;;;;;;;;;;;;;;;;;;;;;;1;;
W_MultiAge_PAT23B2;Sacro Albero del Silenzio;Sacred Tree of Silence;8320d5fbf;1;;19;1x1;0.5;;;;3;;;;;4;;;;;;;12692;;;;3;;5;;2;;;;;;1;;;;;;;;;;;;;;;;;;;;1.5;;
W_MultiAge_PAT23C1;Albero della pazienza;Tree of Patience;7826a5184;1;;19;1x1;0.5;;;;0.75;;;;;;;;;;;;6346;;;;;;;4;;;;;;;;;;;;;;;;;;;;;;;;;;;;;
W_MultiAge_PAT23C2;Sacro Albero della Pazienza;Sacred Tree of Patience;c68bb6011;1;;19;1x1;0.5;;;;2;;;;;5;;;;;;;12692;;;;;4;;4;;1;;;;;;2;;;;;;;;;;;;;;;;;;;;;
W_MultiAge_PAT23D1;Albero della vitalità;Tree of Vitality;8e86a5091;1;;19;1x1;0.5;;;;1;;;;;;;;;;;;6346;;;;3;3;;;;;;;;;;;;;;;;;;;;;;;;;;;;1;;;
W_MultiAge_PAT23D2;Sacro Albero della Vitalità;Sacred Tree of Vitality;9311223fe;1;;19;1x1;0.5;;;;2;;;;;;10;;;;;;12692;;;;3;3;3;4;;;;;;;;;;;;;;;;;;;;;;;;;;1.5;;;
W_MultiAge_PAT24A1;Taverna Celtica - Lv. 1;Celtic Tavern - Lv. 1;d2b367f35;;;19;6x5;2.5;576;821;;;;;;;20;;;;;;;;4020;;;;;;;;;;;;;;;;;;;;;;;;;;;;;;;;;;;
W_MultiAge_PAT24A2;Taverna Celtica - Lv. 2;Celtic Tavern - Lv. 2;32266616f;;;19;6x5;2.5;1154;1644;;;;;;;30;;;;;;;;8042;;;;;;15;;;;;;;;;;;;;;;;;;;;;;;;;;;;;
W_MultiAge_PAT24A3;Taverna Celtica - Lv. 3;Celtic Tavern - Lv. 3;fbf1c7c41;;;19;6x5;2.5;2308;3290;;;;;;;40;;;;;;;;16081;;;;;12;18;;;;;;;;;;;;;;;;;;;;;;;;;;;;;
W_MultiAge_PAT24A4;Taverna Celtica - Lv. 4;Celtic Tavern - Lv. 4;c7891c089;;;19;6x5;2.5;4613;6582;;;;;;;50;;;;;;;;32162;;;;32;14;21;;;;;;;;;;;;;;;;;;;;;;;;;;;;;
W_MultiAge_PAT24A5;Taverna Celtica - Lv. 5;Celtic Tavern - Lv. 5;73ef17a8d;;;19;6x5;2.5;9225;13164;;14;;;;;60;;;;;;;;64324;;;;47;16;24;;;;;;;;;;;;;;;;;;;;;;;;;;;;;
W_MultiAge_PAT24A6;Taverna Celtica - Lv. 6;Celtic Tavern - Lv. 6;92b721182;;;19;6x5;2.5;18450;26330;;24;;;;;70;;;;;;;;128650;;;;62;18;27;;;;;;;;;;;;;;;;;;;;;;;;;;;;;
W_MultiAge_PAT24A7;Taverna Celtica - Lv. 7;Celtic Tavern - Lv. 7;71f18b66c;1;;19;6x5;2.5;36900;52660;;34;;;;;80;;;;;;;;257300;;;;77;20;30;;;;;;;35;60;;;;;;;;;;;;;;;;;;;;;selection_kit_PAT24DE:1|silver_upgrade_kit_PAT24A:5
W_MultiAge_PAT24A8;Taverna Celtica Incantata;Enchanted Celtic Tavern;445596eb8;1;;19;6x5;2.5;46135;65840;;37;;;;;90;;;;;;;;274080;;;;77;20;30;;10;;;;;45;80;;;;;;;;;;;;;;;;;;;;;golden_upgrade_kit_PAT24A:5|selection_kit_PAT24DE:2
W_MultiAge_PAT24A9;Taverna Celtica Mistica;Mystic Celtic Tavern;11ec74a57;1;;19;6x5;2.5;55350;78970;;40;;;;;100;;;;;;;;290860;;;;77;20;30;;20;;;;;55;100;;;;;;;;;;;;;;;;;;;;;selection_kit_PAT24DE:3
W_MultiAge_PAT24B1;Speziale delle Terre Alte - Lv. 1;Apothecary of the Highlands - Lv. 1;a631c7b32;1;;19;3x3;;;;;30;;;;;40;;;;;;;;;;;27;27;27;27;;;;;;;;;;;;;;;;;;;;;;;;;;;;;selection_kit_PAT24A:5
W_MultiAge_PAT24B2;Speziale delle Terre Alte - Lv. 2;Apothecary of the Highlands - Lv. 2;f9340e2a9;1;;19;3x3;;;;;30;;;;;45;;;;;;;;;;;36;36;36;36;;;;;;;;;;;;;;;;;;;;;;;;;;;;;selection_kit_PAT24A:10|silver_upgrade_kit_PAT24A:10
W_MultiAge_PAT24B3;Speziale delle Terre Alte - Lv. 3;Apothecary of the Highlands - Lv. 3;d8d70812e;1;;19;3x3;;;;;30;;;;;50;;;;;;;;;;;45;45;45;45;;;;;;;;;;;;;;;;;;;;;;;;;;;;;golden_upgrade_kit_PAT24A:20|selection_kit_PAT24A:20|silver_upgrade_kit_PAT24A:20
W_MultiAge_PAT24C1;Vetreria Celtica - Lv. 1;Celtic Glassworks - Lv. 1;9fcd031ce;1;;19;2x2;;;5680;;5;;;;;16;;;;;;;;;1810;;8;;11;16;;;;;;;;;;;;;;;;;;;;;;1;;1.5;;;;;
W_MultiAge_PAT24C2;Vetreria Celtica - Lv. 2;Celtic Glassworks - Lv. 2;589028ae0;1;;19;2x2;;;11360;;6;;;;;20;;;;;;;;;3620;;12;;15;20;;;;;;;;;;;;;;;;;;;;;;2;;3;;;;;
W_MultiAge_PAT24D1;Giardino Runico;Rune Garden;104cf33ee;1;;19;1x3;0.5;-3980;;3;6;;;;;20;;;;;;15;;;;;;15;14;;;;;;;;;;;;;;;;;;;;;;;;;;;;;;
W_MultiAge_PAT24E1;Contea delle Pecore;Sheep Shire;d8e38c6ca;1;;19;3x1;;-3400;;;6;;;2;;15;;;;;;;70240;;;;10;;;16;;;;;;;;;;;;;;;;;;;;;;;;;;;;;
W_MultiAge_PAT25A1;Orafo Celtico - Lv. 1;Celtic Goldsmith - Lv. 1;9c0419e5d;;;19;4x5;2;24980;49940;;22;;;;;;;;;;;;527960;;;;;93;28;28;;;;;;;;;;;;;;;;;;;;;;;;;;;;;
W_MultiAge_PAT25A10;Orafo Celtico Fortunato;Lucky Celtic Goldsmith;293dac540;1;;19;4x5;2;36220;72420;;121;;;;;;;;;;;;643860;;;;;111;64;64;38;38;;;;;;;;;;;;;;;;;;;;;;;;;;;golden_upgrade_kit_PAT25A:5|selection_kit_PAT25BC:2
W_MultiAge_PAT25A11;Orafo Celtico Favoloso;Fabled Celtic Goldsmith;03a9d7ca6;1;;19;4x5;2;37480;74920;;132;;;;;;;;;;;;656740;;;;;113;68;68;44;44;;;;;;;;;;;;;;;;;;;M;;;;;;;;selection_kit_PAT25BC:3
W_MultiAge_PAT25A12;Orafo Celtico Beato;Fortunate Celtic Goldsmith;36a1735cf;1;;19;4x5;;70370;77420;;153.0;;;;;;;;;;;;669620;;;;;152;106;106;101;101;;;;;;;;;;;;;;;;;;;M;;;;;;;;selection_kit_PAT25BC:3
W_MultiAge_PAT25A13;Orafo celtico beato asceso;Ascended Fortunate Celtic Goldsmith;981eb7787;1;90;51;4x5;;70370;79920;;185;;;;;;;;;;;;682500;;;;;367;316;316;301;301;;;;;;;;;;;;;;;;;200;8000;M;;;;;;;;selection_kit_PAT25BC:3
W_MultiAge_PAT25A2;Orafo Celtico - Lv. 2;Celtic Goldsmith - Lv. 2;2a483aed0;;;19;4x5;2;26220;52440;;33;;;;;;;;;;;;540840;;;;;95;32;32;;;;;;;;;;;;;;;;;;;;;;;;;;;;;
W_MultiAge_PAT25A3;Orafo Celtico - Lv. 3;Celtic Goldsmith - Lv. 3;80dcf1a7a;;;19;4x5;2;27480;54940;;44.0;;;;;;;;;;;;553720;;;;;97;36;36;;;;;;;;;;;;;;;;;;;;;;;;;;;;;
W_MultiAge_PAT25A4;Orafo Celtico - Lv. 4;Celtic Goldsmith - Lv. 4;8f9228c5d;;;19;4x5;2;28720;57440;;55;;;;;;;;;;;;566600;;;;;99;40;40;;;;;;;;;;;;;;;;;;;;;;;;;;;;;
W_MultiAge_PAT25A5;Orafo Celtico - Lv. 5;Celtic Goldsmith - Lv. 5;e7d27940d;;;19;4x5;2;29980;59940;;66;;;;;;;;;;;;579480;;;;;101;44;44;6;6;;;;;;;;;;;;;;;;;;;;;;;;;;;
W_MultiAge_PAT25A6;Orafo Celtico - Lv. 6;Celtic Goldsmith - Lv. 6;1e607c661;;;19;4x5;2;31220;62440;;77.0;;;;;;;;;;;;592360;;;;;103;48;48;13;13;;;;;;;;;;;;;;;;;;;;;;;;;;;
W_MultiAge_PAT25A7;Orafo Celtico - Lv. 7;Celtic Goldsmith - Lv. 7;4da47fdb5;;;19;4x5;2;32480;64920;;88;;;;;;;;;;;;605240;;;;;105;52;52;19;19;;;;;;;;;;;;;;;;;;;;;;;;;;;
W_MultiAge_PAT25A8;Orafo celtico - Lv. 8;Celtic Goldsmith - Lv. 8;b23e21d66;;;19;4x5;2;33720;67420;;99;;;;;;;;;;;;618100;;;;;107;56;56;25;25;;;;;;;;;;;;;;;;;;;;;;;;;;;
W_MultiAge_PAT25A9;Orafo Celtico - Lv. 9;Celtic Goldsmith - Lv. 9;171bb7778;1;;19;4x5;2;34980;69920;;110;;;;;;;;;;;;630980;;;;;109;60;60;32;32;;;;;;;;;;;;;;;;;;;;;;;;;;;selection_kit_PAT25BC:1|silver_upgrade_kit_PAT25A:5
W_MultiAge_PAT25B1;Campo di Mirtilli;Blueberry Field;4307ca5c5;1;;19;3x2;;-13620;;;21;;;;9;;;;;;;;;;;;;;25;;;;25;25;;;;;;;;;;;;;;;;;;;;;;;;;
W_MultiAge_PAT25B2;Campo di Mirtilli Asceso;Ascended Blueberry Field;4a8ceb546;1;30;51;3x2;;-13620;;;42;;;;18;;;;;;;;;;;;;;50;;;;50;50;;;;;;;;;;;;;;5;;;;;;;;;;;
W_MultiAge_PAT25C1;Pozzo Sussurrante;Whispering Well;3be9e57df;1;;19;3x3;;-20440;;;;;;;;40;40;40;;;;80;;;;;;;;;;;;;;;;;;;;;;;;;;;;;;;;;;;;;
W_MultiAge_PAT25C2;Pozzo Sussurrante Asceso;Ascended Whispering Well;87e406352;1;30;51;3x3;;-20440;;;;;;;;80;80;80;;;;160;;;;;;;;;;;;;;;;;;;;;0.04;0.04;;;10;;;;;;;;;;;;
W_MultiAge_PAT25D1;Giardino della Fortuna di Trifoglio;Shamrock Garden of Luck;f0a5c1593;1;;19;4x5;;;;;180;;;;;;;;;;;;;;;;;;;;222;222;222;222;;;;;25;25;25;25;;;;;;;;;;;;;;;;;golden_selection_kit_PAT25A:20
W_MultiAge_PAT25E1;Rovine Fortezza Clover - Lv. 1;Clover Keep Ruin - Lv. 1;0561aea1b;1;;19;4x4;;;45400;;40;;;;;;;;;;;;;;;;8;8;8;8;25;25;25;25;16;16;16;16;;;;;;;;;;;;;;7;;7;;;;;
W_MultiAge_PAT25E2;Rovine Fortezza Clover - Lv. 2;Clover Keep Ruin - Lv. 2;decd0863d;1;;19;4x4;;;90800;;80;;;;;;;;;;;;;;;;16;16;16;16;50;50;50;50;33;33;33;33;;;;;;;20000;20000;;;;;;10.5;;10.5;;;;;
W_MultiAge_PAT26A1;Laghetto Lunare - Livello 1;Lochan Lune - Lv. 1;5901fc939;;;19;5x5;2.5;9570;;;40;;;;;60;50;;;;;;;13730;;;;;;;83;;79;;;;;;;;;;;;;;;;;;;;;;;;;;
W_MultiAge_PAT26A10;Leggendario Laghetto Lunare;Fabled Lochan Lune;5d0b5558e;1;;19;5x5;2.5;53170;;;220;;;;;280;230;;;;;;;464650;;;;;;;263;;394;;;;;;;;;;;;;;;;;;M;;;;;;;;selection_kit_PAT26BC:3
W_MultiAge_PAT26A2;Laghetto Lunare - Livello 2;Lochan Lune - Lv. 2;b82d1fa3d;;;19;5x5;2.5;12760;;;60;;;;;80;70;;;;;;;15840;;;;;;;103;;114;;;;;;;;;;;;;;;;;;;;;;;;;;
W_MultiAge_PAT26A3;Laghetto Lunare - Liv. 3;Lochan Lune - Lv. 3;f8ae85550;;;19;5x5;2.5;15950;;;80;;;;;100;90;;;;;;;17950;;;;;;;123;;149;;;;;;;;;;;;;;;;;;;;;;;;;;
W_MultiAge_PAT26A4;Laghetto Lunare - Liv. 4;Lochan Lune - Lv. 4;6e3c19c67;;;19;5x5;2.5;19140;;;100;;;;;120;110;;;;;;;20060;;;;;;;143;;184;;;;;;;;;;;;;;;;;;;;;;;;;;
W_MultiAge_PAT26A5;Laghetto Lunare - Liv. 5;Lochan Lune - Lv. 5;5f4bd0210;;;19;5x5;2.5;22330;;;120;;;;;140;130;;;;;;;22180;;;;;;;163;;219;;;;;;;;;;;;;;;;;;;;;;;;;;
W_MultiAge_PAT26A6;Laghetto Lunare - Liv. 6;Lochan Lune - Lv. 6;4f7126a54;;;19;5x5;2.5;25520;;;140;;;;;160;150;;;;;;;24290;;;;;;;183;;254;;;;;;;;;;;;;;;;;;;;;;;;;;
W_MultiAge_PAT26A7;Laghetto Lunare - Liv. 7;Lochan Lune - Lv. 7;deea7c32a;;;19;5x5;2.5;28710;;;160;;;;;180;170;;;;;;;26400;;;;;;;203;;289;;;;;;;;;;;;;;;;;;;;;;;;;;
W_MultiAge_PAT26A8;Laghetto Lunare - Liv. 8;Lochan Lune - Lv. 8;dc057d902;1;;19;5x5;2.5;31900;;;180;;;;;200;190;;;;;;;295690;;;;;;;223;;324;;;;;;;;;;;;;;;;;;;;;;;;;;selection_kit_PAT26BC:1|silver_upgrade_kit_PAT26A:5
W_MultiAge_PAT26A9;Laghetto Lunare Mistico;Mystic Lochan Lune;160dc8809;1;;19;5x5;2.5;42540;;;200;;;;;240;210;;;;;;;401290;;;;;;;243;;359;;;;;;;;;;;;;;;;;;;;;;;;;;golden_upgrade_kit_PAT26A:5|selection_kit_PAT26BC:2
W_MultiAge_PAT26B1;Il cappellaio di Moorehead;Moorehead's Hatsmith;fe2c03a2b;1;;19;2x3;;-31900;;;;;;;;50;;40;;;;;129430;;;;;;;;52;52;;;78;78;;;;;;;;;;;;;;;;;;;;;;;
W_MultiAge_PAT26B2;Il cappellaio di Moorehead asceso dal cielo;Ascended Moorehead's Hatsmith;db22e2df2;1;30;51;2x3;;-31900;;;;;;;;85;;65;;;;;258870;;;;;;;;102;102;;;153;153;;;24;;;;0.03;0.04;;;;5;;;;;;;;;;;
W_MultiAge_PAT26C1;Pietre Ogham;Ogham Stones;f0946417a;1;;19;2x2;;-21270;;;40;;;;;;40;;;;;;89530;;;;26;;;;;62;;;;;;;;;;;;;;;;;;;;;;;;;;;
W_MultiAge_PAT26C2;Pietre Ogham Ascese;Ascended Ogham Stones;0e1294589;1;30;51;2x2;;-21270;;;60;;;;;;60;;;;;;107860;;;;51;;;;;122;;;;;;;;;20;;;;10500;20000;5;;;;;;;;;;;;
W_MultiAge_PAT26D1;Birrificio di McBrew;McBrew's Alework;1138c07cb;1;;19;2x4;;;;;114;;;;;;;;;;;;;;;;151;74;74;74;;;;;;;;;20;20;20;20;;;;;;;;;;;;;;;;;golden_selection_kit_PAT26A:20
W_MultiAge_PAT26E1;Casa di pane di McDough - Liv. 1;McDough's Loaf House - Lv. 1;5599d49fa;1;;19;3x3;;-47850;;;75;;;;;;;;;;;;;;;;63;63;63;63;;;;;;;;;;;;;;;;;;;;;;2;;;;;;;
W_MultiAge_PAT26E2;Casa di Pane di McDough - Liv. 2;McDough's Loaf House - Lv. 2;83f9314f4;1;;19;3x3;;-47850;;;105;;;;;;;;;;;;;;;;76;138;76;76;;;;;;;;;;;;;;;;;;;;;;5.6;;;;;;;upgrade_kit_ascended_PAT25A:10
W_MultiAge_PassBonus22a;Fontana di Forge - Attiva;Forge Fountain - Active;40176d3e1;1;5;23;2x2;;;250;;;0.1;;;;;;;;;;;;;;;;;;;;;;;;;;;;;;;;;;;;;;;;;;;;;;;
W_MultiAge_PassBonus22aDecoration;Fontana di Forge - Non attiva;Forge Fountain - Inactive;70153a4ef;;;23;2x2;;;250;;;;;;;;;;;;;;;;;;;;;;;;;;;;;;;;;;;;;;;;;;;;;;;;;;
W_MultiAge_PassBonus22b;Laguna blu cobalto - Attiva;Cobalt Blue Lagoon - Active;a7601d949;1;;55;2x2;;;250;;1;;;;;;;;;;;;;;;;;;;;;;;;;;;;;;;;;;;;;;;;;;;;;;;;
W_MultiAge_PassBonus22bDecoration;Laguna blu cobalto - Non attiva;Cobalt Blue Lagoon - Inactive;ec36818a1;;;23;2x2;;;250;;;;;;;;;;;;;;;;;;;;;;;;;;;;;;;;;;;;;;;;;;;;;;;;;;
W_MultiAge_SUM20A1;Villa del Governatore - Lv. 1;Governor's Villa - Lv. 1;R_MultiAge_SummerBonus20a-09a47ad76;;;19;5x6;2.5;14665;20940;;;;;;;3;;;;;;;257500;;;;;;;;;;;;;;;;;;;;;;;;;;;;;;;;;;;;
W_MultiAge_SUM20A10;Villa del Viceré;Viceroy's Villa;R_MultiAge_SummerBonus20j-ad9a9420a;1;;19;5x6;2.5;20128;36640;;12;;;5;;45;;;;;;;386300;;;;43;;33;33;;;;;;;;;;;;;;;;;;;;;;;;;;;;;
W_MultiAge_SUM20A11;Villa Reggente Coronato;Crown Regent's Villa;d3dc23838;1;;19;5x6;;31900;63800;;100;;;35;;250;;;;;;;485380;;;;124;124;124;124;;;;;;;;;;;;30;;;;;;;;;M;;;;;;;;
W_MultiAge_SUM20A12;Villa della Conquista del Re Pirata;Pirate King's Conquest Villa;fdb44b84d;1;90;51;5x6;;31900;63800;;100;0.03;;70;;250;;;;;0.01;;970760;;;;248;248;248;248;;;;;;;;;;;30;30;;;;;;;;;M;;;;;;;;
W_MultiAge_SUM20A2;Villa del Governatore - Lv. 2;Governor's Villa - Lv. 2;R_MultiAge_SummerBonus20b-64856148d;;;19;5x6;2.5;15096;22690;;;;;;;5;;;;;;;271800;;;;;;;;;;;;;;;;;;;;;;;;;;;;;;;;;;;;
W_MultiAge_SUM20A3;Villa del Governatore - Lv. 3;Governor's Villa - Lv. 3;R_MultiAge_SummerBonus20c-8d955f8c6;;;19;5x6;2.5;15528;24440;;;;;;;8;;;;;;;286000;;;;;;;;;;;;;;;;;;;;;;;;;;;;;;;;;;;;
W_MultiAge_SUM20A4;Villa del Governatore - Lv. 4;Governor's Villa - Lv. 4;R_MultiAge_SummerBonus20d-85bdd1074;;;19;5x6;2.5;16103;26170;;;;;1;;12;;;;;;;300500;;;;;;;;;;;;;;;;;;;;;;;;;;;;;;;;;;;;
W_MultiAge_SUM20A5;Villa del Governatore - Lv. 5;Governor's Villa - Lv. 5;R_MultiAge_SummerBonus20e-6d13d460b;;;19;5x6;2.5;16678;27920;;;;;1;;15;;;;;;;314800;;;;26;;;;;;;;;;;;;;;;;;;;;;;;;;;;;;;;
W_MultiAge_SUM20A6;Villa del Governatore - Lv. 6;Governor's Villa - Lv. 6;R_MultiAge_SummerBonus20f-00c2ef215;;;19;5x6;2.5;17253;29660;;2;;;1;;20;;;;;;;329000;;;;26;;;;;;;;;;;;;;;;;;;;;;;;;;;;;;;;
W_MultiAge_SUM20A7;Villa del Governatore - Lv. 7;Governor's Villa - Lv. 7;R_MultiAge_SummerBonus20g-16229ccb8;;;19;5x6;2.5;17972;31410;;4;;;2;;25;;;;;;;343300;;;;32;;;;;;;;;;;;;;;;;;;;;;;;;;;;;;;;
W_MultiAge_SUM20A8;Villa del Governatore - Lv. 8;Governor's Villa - Lv. 8;R_MultiAge_SummerBonus20h-a26d227d6;;;19;5x6;2.5;18691;33160;;6;;;3;;30;;;;;;;357500;;;;32;;;;;;;;;;;;;;;;;;;;;;;;;;;;;;;;
W_MultiAge_SUM20A9;Villa del Governatore - Lv. 9;Governor's Villa - Lv. 9;R_MultiAge_SummerBonus20i-7c8df6e10;1;;19;5x6;2.5;19410;34890;;8;;;4;;35;;;;;;;372000;;;;38;;;;;;;;;;;;;;;;;;;;;;;;;;;;;;;;
W_MultiAge_SUM21A1;Nascondiglio pirata - Liv. 1;Pirate's Hideout - Lv. 1;R_MultiAge_SummerBonus21a-37b49f364;;;19;5x6;2.5;14665;20940;;;;;;;;;;;;;;257500;;;;;;;;;;;;;;;;;;;;;;;;;;;;;;;;;;;;
W_MultiAge_SUM21A2;Nascondiglio pirata - Liv. 2;Pirate's Hideout - Lv. 2;R_MultiAge_SummerBonus21b-c8e18f9ff;;;19;5x6;2.5;15096;22690;;;;;;;;;;;;;;271800;154750;6212.5;;;;;;;;;;;;;;;;;;;;;;;;;;;;;;;;;;
W_MultiAge_SUM21A3;Nascondiglio pirata - Liv. 3;Pirate's Hideout - Lv. 3;R_MultiAge_SummerBonus21c-f45319502;;;19;5x6;2.5;15528;24440;;;;;;;0.25;;;;;;;286000;168075;9050;;;;;;;;;;;;;;;;;;;;;;;;;;;;;;;;;;
W_MultiAge_SUM21A4;Nascondiglio pirata - Liv. 4;Pirate's Hideout - Lv. 4;R_MultiAge_SummerBonus21d-15be9369e;;;19;5x6;2.5;16103;26170;;0.15;;;;;0.75;;;;;;;300500;236587.5;11902.5;;;;;;;;;;;;;;;;;;;;;;;;;;;;;;;;;;
W_MultiAge_SUM21A5;Nascondiglio pirata - Liv. 5;Pirate's Hideout - Lv. 5;R_MultiAge_SummerBonus21e-18aa9b065;;;19;5x6;2.5;16678;27920;;0.6;;;;;2.5;;;;;;;314800;238500;11620;;;;;;;;;;;;;;;;;;;;;;;;;;;;;;;;;;
W_MultiAge_SUM21A6;Nascondiglio pirata - Liv. 6;Pirate's Hideout - Lv. 6;R_MultiAge_SummerBonus21f-994e01a4a;;;19;5x6;2.5;17253;29660;;2.04;;;;;7.2;;;;;;;329000;191400;9905;;;;;;;;;;;;;;;;;;;;;;;;;;;;;;;;;;
W_MultiAge_SUM21A7;Nascondiglio pirata - Liv. 7;Pirate's Hideout - Lv. 7;R_MultiAge_SummerBonus21g-6e9018ec0;;;19;5x6;2.5;17972;31410;;5;;;;;13.75;;;;;;;343300;144800;9300;;17;;;;;;;;;;;;;;;;;;;;;;;;;;;;;;;;
W_MultiAge_SUM21A8;Nascondiglio pirata - Liv. 8;Pirate's Hideout - Lv. 8;R_MultiAge_SummerBonus21h-671e61dc4;;;19;5x6;2.5;18691;33160;;10.5;;;;;19.6;;;;;;;357500;95700;9075;;23;;;;;;;;;;;;;;;;;;;;;;;;;;;;;;;;
W_MultiAge_SUM21A9;Nascondiglio pirata - Liv. 9;Pirate's Hideout - Lv. 9;R_MultiAge_SummerBonus21i-e0a877099;1;;19;5x6;2.5;19410;34890;;16;;;;;27.2;;;;;;;372000;72400;8760;;34;;;;;;;;;;;;;;;;;;;;;;;;;;;;;;;;
W_MultiAge_SUM21B1;Acque degli squali;Shark Shallows;D_MultiAge_SummerBonus21Sharks-44a253d29;1;;19;5x2;;;10190;;;;;;;9;;;;;;;;;;;;;;;;;;;;;;;;;;;;;;;;;;;;;;;;;;;
W_MultiAge_SUM21C1;Ancoraggio del Capitano;Captain's Anchorage;D_MultiAge_SummerBonus21Boat-8c6c913ac;1;;19;5x2;;;10190;;;;;;;;;;;;;;;;;;;8;;;;;;;;;;;;;;;;;;;;;;;;;;;;;;;
W_MultiAge_SUM21D1;Molo del pescatore;Fisherman's Pier;D_MultiAge_SummerBonus21Pier-66c27a51c;1;;19;5x2;;;10190;;4;;;;;;;;;;;;;;;;;;;;;;;;;;;;;;;;;;;;;;;;;;;;;;;;
W_MultiAge_SUM23A1;Emporio - Liv. 1;Trading Post - Lv. 1;59f933260;;;19;4x5;2;10043;23636;;;;;;;;;;;;;;84786;;;;;;;;;;;;;;;;;;;;;;;;;;;;;;;;;;;;
W_MultiAge_SUM23A10;Baia dei bucanieri;Buccaneers Bay;e1b7896bf;1;;19;4x5;2;11430;29263;;19;;;;;31;;;;;;;148482;;;;25;40;41;;;;;;;;;;;;;;;;;;;;;;;;;;;;;;selection_kit_SUM23DEF:4
W_MultiAge_SUM23A2;Emporio - Liv. 2;Trading Post - Lv. 2;73fc68984;;;19;4x5;2;10195;24231;;1;;;;;3;;;;;;;86313;;;;;;;;;;;;;;;;;;;;;;;;;;;;;;;;;;;;
W_MultiAge_SUM23A3;Emporio - Liv. 3;Trading Post - Lv. 3;328d4b5ae;;;19;4x5;2;10351;24863;;3;;;;;5;;;;;;;88785;;;;;;;;;;;;;;;;;;;;;;;;;;;;;;;;;;;;
W_MultiAge_SUM23A4;Emporio - Liv. 4;Trading Post - Lv. 4;2e2ff54ed;;;19;4x5;2;10503;25540;;4;;;;;7;;;;;;;92202;;;;;;;;;;;;;;;;;;;;;;;;;;;;;;;;;;;;
W_MultiAge_SUM23A5;Emporio - Liv. 5;Trading Post - Lv. 5;397e639c8;;;19;4x5;2;10659;26136;;5;;;;;9;;;;;;;96323;;;;;;;;;;;;;;;;;;;;;;;;;;;;;;;;;;;;
W_MultiAge_SUM23A6;Emporio - Liv. 6;Trading Post - Lv. 6;5922d7b76;;;19;4x5;2;10814;26770;;6;;;;;12;;;;;;;102334;;;;;6;;;;;;;;;;;;;;;;;;;;;;;;;;;;;;;
W_MultiAge_SUM23A7;Emporio - Liv. 7;Trading Post - Lv. 7;da47ce1d7;;;19;4x5;2;10967;27402;;7;;;;;15;;;;;;;110332;;;;;11;6;;;;;;;;;;;;;;;;;;;;;;;;;;;;;;
W_MultiAge_SUM23A8;Emporio - Liv. 8;Trading Post - Lv. 8;65f56f43d;;;19;4x5;2;11122;28000;;9;;;;;18;;;;;;;119397;;;;;18;13;;;;;;;;;;;;;;;;;;;;;;;;;;;;;;
W_MultiAge_SUM23A9;Emporio - Liv. 9;Trading Post - Lv. 9;bd509420c;1;;19;4x5;2;11278;28632;;15;;;;;25;;;;;;;130352;;;;20;30;31;;;;;;;;;;;;;;;;;;;;;;;;;;;;;;golden_upgrade_kit_SUM23A:1|selection_kit_SUM23DEF:1
W_MultiAge_SUM23B1;Casa del cartografo;Cartographer's House;e58d9bf4d;1;;19;2x3;1;;;;9;;;;;;;;;;;;;;;;19;;;;;;;;;;;;;;;;;;;;;;;;;;;;;;;;building_W_MultiAge_SUM23A1:3|golden_upgrade_kit_SUM23A:3|upgrade_kit_SUM23A:3
W_MultiAge_SUM23C1;Grotta del teschio;Skull Cave;4834af282;1;;19;2x2;;;;;7;;;;;;;;;;;;;;;;22;;22;;;;;;;;;;;;;;;;;;;;;;;;;;;;;;
W_MultiAge_SUM23D1;Beni nascosti;Hidden Goods;5e5e7ae14;1;;19;1x1;;;;;1;;;;;3;2;;;;;;;;;;;2;;;;;;;;;;;;;;;;;;;;;;;;;;;;;;;
W_MultiAge_SUM23E1;Saccheggiatore PY-R4T4;PY-R8 Marauder;8aac76fff;1;;19;1x1;;;;;;;;1;;;;;;;;;;;;;;;;5;;;;;;;;;;;;;;;;;;;;;;;;;;;;;
W_MultiAge_SUM23F1;Rosa del paradiso;Paradise Rose;7897ff414;1;;19;1x1;;;;;;;;;;;;;;;;;;;;;;;3;;;;;;;;;;;;;;;;;;;;;;;;;;;;;;
W_MultiAge_SUM24A1;Respiro del Drago - Lv. 1;Dragon’s Breath - Lv. 1;5b2c5ca13;;;19;6x4;2;1480;2210;;5;;;;;;;;;;;;152180;;;;2;7;;;;;;;;;;;;;;;;;;;;;;;;;;;;;;;
W_MultiAge_SUM24A10;Respiro del Drago Argento;Silver Dragon’s Breath;f4262f1a3;1;;19;6x4;2;26580;39840;;32;;;;;91;;;;;;;426120;;;;22;35;;;47;60;;;;;;;;;;;;;;;;;;;;;;;;;;;golden_upgrade_kit_SUM24A:5|selection_kit_SUM24BC:3|upgrade_kit_SUM24B:3
W_MultiAge_SUM24A11;Respiro del Drago Cremisi;Crimson Dragon’s Breath;308c4f188;1;;19;6x4;2;29520;44260;;35;;;;;104;;;;;;;456560;;;;26;39;;;56;69;;;;;;;;;;;;;;;;;;;;;;;;;;;selection_kit_SUM24BC:6|upgrade_kit_SUM24B:6|upgrade_kit_SUM24C:6
W_MultiAge_SUM24A2;Respiro del Drago - Lv. 2;Dragon’s Breath - Lv. 2;a6f66ed61;;;19;6x4;2;2960;4420;;8;;;;;;;;;;;;182620;;;;3;9;;;;;;;;;;;;;;;;;;;;;;;;;;;;;;;
W_MultiAge_SUM24A3;Respiro del Drago - Lv. 3;Dragon’s Breath - Lv. 3;00aa2bb7f;;;19;6x4;2;5900;8860;;11;;;;;;;;;;;;213060;;;;4;11;;;;;;;;;;;;;;;;;;;;;;;;;;;;;;;
W_MultiAge_SUM24A4;Respiro del Drago - Lv. 4;Dragon’s Breath - Lv. 4;1113cef18;;;19;6x4;2;8860;13280;;14;;;;;13;;;;;;;243500;;;;5;13;;;;;;;;;;;;;;;;;;;;;;;;;;;;;;;
W_MultiAge_SUM24A5;Respiro del Drago - Lv. 5;Dragon’s Breath - Lv. 5;fcda7c73a;;;19;6x4;2;11800;17700;;17;;;;;26;;;;;;;273940;;;;6;15;;;;;;;;;;;;;;;;;;;;;;;;;;;;;;;
W_MultiAge_SUM24A6;Respiro del Drago - Lv. 6;Dragon’s Breath - Lv. 6;f1a271529;;;19;6x4;2;14760;22140;;20;;;;;39;;;;;;;304380;;;;9;19;;;;;;;;;;;;;;;;;;;;;;;;;;;;;;;
W_MultiAge_SUM24A7;Respiro del Drago - Lv. 7;Dragon’s Breath - Lv. 7;370e83576;;;19;6x4;2;17720;26560;;23;;;;;52;;;;;;;334800;;;;12;23;;;;;;;;;;;;;;;;;;;;;;;;;;;;;;;
W_MultiAge_SUM24A8;Respiro del Drago - Lv. 8;Dragon’s Breath - Lv. 8;19e93297d;;;19;6x4;2;20660;30980;;26;;;;;65;;;;;;;365240;;;;15;27;;;;;;;;;;;;;;;;;;;;;;;;;;;;;;;
W_MultiAge_SUM24A9;Respiro del Drago - Lv. 9;Dragon’s Breath - Lv. 9;0a91e2a2c;1;;19;6x4;2;23620;35420;;29;;;;;78;;;;;;;395680;;;;18;31;;;38;51;;;;;;;;;;;;;;;;;;;;;;;;;;;selection_kit_SUM24BC:1|silver_upgrade_kit_SUM24A:5
W_MultiAge_SUM24B1;Gong del Drago d'Oro - Lv. 1;Golden Dragon Gong - Lv. 1;ae77783b9;;;19;1x1;;-1140;;;1;;;;;3;;;;;;5;;;;;;;;;4;;;;;;;4;;;;;;;;;;;;;;;;;;;;;
W_MultiAge_SUM24B2;Gong del Drago d'Oro - Lv. 2;Golden Dragon Gong - Lv. 2;13480b1a5;1;;19;1x1;;-1140;;;1.32;;;;0.67;4;;;;;;10;;;;;;;;;6;;;;;;;6;;;;;;;;;;;;;;;;;;;;;
W_MultiAge_SUM24B3;Gong del Drago d'Oro Asceso;Ascended Golden Dragon Gong;7d28da497;1;10;51;1x1;;-1140;;;2.64;;;;1.34;5;;;;;;10;;;;;;;;;6;;;;;;;6;;;4;;0.01;;;;;;;;;;;;;;;;
W_MultiAge_SUM24C1;Campana d'Oro di Zheng - Lv. 1;Zheng's Golden Bell - Lv. 1;7e9c677fe;;;19;1x1;;-1140;;;2;;;;;;;;;;;;;;;;;;;;;8;;;;;13;;;;;;;;;;;;;;;;;;;;;;
W_MultiAge_SUM24C2;Campana d'Oro di Zheng - Lv. 2;Zheng's Golden Bell - Lv. 2;294d1c4c3;1;;19;1x1;;-1140;;;2;;;;;;;3;;;;;;;;;;;;;;11;;;;;16;;;;;;;;;;;;;;;;;;;;;;
W_MultiAge_SUM24C3;Campana d'Oro di Zheng Ascesa;Ascended Zheng's Golden Bell;b254c1d66;1;10;51;1x1;;-1140;;;2;;;;;;;5;;;;;;;;;;;;;;14;;;;;19;;3;;;;;0.01;;;;;;;;;;;;;;;
W_MultiAge_SUM24D1;Bar Jade Booty;Jade Booty Bar;80b84c381;1;;19;4x3;;27260;;;72;;;;;96;;;;;;;;;;;;;;;96;96;84;84;;;;;;25;;;;;;;;;;;;;;;;;;;golden_selection_kit_SUM24A:20
W_MultiAge_SUM24E1;Magazzino del Capitano Bao;Captain Bao's Warehouse;e27297ffe;1;;19;3x4;;;47680;;96;;;;;108;120;;;;;;;;;;;;;;;;;;84;84;96;96;;;25;;;;;;;;;;;;;;;;;;silver_selection_kit_SUM24A:10
W_MultiAge_SUM24F1;Officina del Velaio - Lv. 1;Sailmaker’s Workshop - Lv. 1;94f154bc8;;;19;2x2;;;11360;;;;;;;;40;;;;;;;33560;;;;;;;;;;;24;;33;;;;;;;;;;;;;;;1.2;;;;;;;selection_kit_SUM24A:5
W_MultiAge_SUM24F2;Officina del Velaio - Lv. 2;Sailmaker’s Workshop - Lv. 2;a477e5f73;1;;19;2x2;;;11360;;9;;;;;;40;;;;;;;33560;;;;;;;;;;;24;;33;;;;;;;;;;;;;;;1.6;;;;;;;selection_kit_SUM24A:5
W_MultiAge_SUM24F3;Studio del Velaio;Sailmaker’s Studio;0656ef770;1;;19;2x2;;;11360;;9;;;;;20;40;;;;;;;33560;;;;;;;;;;;24;;33;;;;;;;;;;;;;;;2;;;;;;;silver_selection_kit_SUM24A:5
W_MultiAge_SUM24F4;Atelier del Velaio;Sailmaker’s Atelier;2a09a0ce8;1;;19;2x2;;;11360;;9;;;;;20;40;;;;;;;33560;;;;;;;27;;30;;24;;33;;;;;;;;;;;;;;;2.4;;;;;;;golden_selection_kit_SUM24A:5
W_MultiAge_SUM25A1;Nascondiglio della Laguna - Lv. 1;Lagoon Hideout - Lv. 1;d9f1a5f3d;;;19;5x5;2.5;5850;;;10;;;;;;;;;;;;;108910;;;;;;;;;;31;;;;;;;;;;;;;;;;;;;;;;;;;
W_MultiAge_SUM25A10;Nascondiglio della Laguna - Lv. 10;Lagoon Hideout - Lv. 10;ab2cc058a;;;19;5x5;2.5;32170;;;55;;;;;;;;;;;;;174240;;;;;;;;;;215;;52;;;;;;;;;;;;;;;;;;;;;;;
W_MultiAge_SUM25A11;Nascondiglio della Laguna - Lv. 11;Lagoon Hideout - Lv. 11;9c8cbb297;;;19;5x5;2.5;35090;;;60;;;;;;;;;;;;;181510;;;;;;;;;;235;;93;;;;;;;;;;;;;;;;;;;;;;;
W_MultiAge_SUM25A12;Nascondiglio della Laguna - Lv. 12;Lagoon Hideout - Lv. 12;891e25a60;;;19;5x5;2.5;38020;;;65;;;;;;;;;;;;;188760;;;;;;;;;;255;;134;;;;;;;;;;;;;;;;;;;;;;;
W_MultiAge_SUM25A13;Nascondiglio della Laguna - Lv. 13;Lagoon Hideout - Lv. 13;64c7dca71;;;19;5x5;2.5;40940;;;70;;;;;;;;;;;;;196030;;;;;;;;;;275;;175;;;;;;;;;;;;;;;;;;;;;;;
W_MultiAge_SUM25A14;Nascondiglio della Laguna - Lv. 14;Lagoon Hideout - Lv. 14;e1ec462b7;;;19;5x5;2.5;43870;;;75;;;;;;;;;;;;;203280;;;;;;;;;;295;;215;;;;;;;;;;;;;;;;;;;;;;;
W_MultiAge_SUM25A15;Nascondiglio della Laguna - Lv. 15;Lagoon Hideout - Lv. 15;7c25dd954;;;19;5x5;2.5;46790;;;80;;;;;;;;;;;;;210550;;;;;;;;;;315;;255;;;;;;;;;;;;;;;;;;;;;;;
W_MultiAge_SUM25A16;Nascondiglio della Laguna - Lv. 16;Lagoon Hideout - Lv. 16;5f1e315ff;1;;19;5x5;2.5;49720;;;110;;;;;;;;;;;;;217800;;;;;;;;;;335;;295;;;;;;;;;;;;;;;;;;;;;;;selection_kit_SUM25BC:1|silver_upgrade_kit_SUM25A:5
W_MultiAge_SUM25A17;Tenuta della Laguna ;Lagoon Hold;24c0b18a4;1;;19;5x5;2.5;58490;;;140;;;;;;;;;;;;;225070;;;;;;;;;;355;;335;;;;;;;;;;;;;;;M;;;;;;;;golden_upgrade_kit_SUM25A:5|selection_kit_SUM25BC:2
W_MultiAge_SUM25A18;Roccaforte della laguna;Lagoon Stronghold;07c82a6d9;1;;19;5x5;2.5;67260;;;170;;;;;;;;;;;;;232320;;;;;;;;;;375;;375;;;;;;;;;;;;;;;M;;;;;;;;selection_kit_SUM25BC:3
W_MultiAge_SUM25A2;Nascondiglio della Laguna - Lv. 2;Lagoon Hideout - Lv. 2;2a9c1fe2f;;;19;5x5;2.5;8770;;;15;;;;;;;;;;;;;116160;;;;;;;;;;52;;;;;;;;;;;;;;;;;;;;;;;;;
W_MultiAge_SUM25A3;Nascondiglio della Laguna - Lv. 3;Lagoon Hideout - Lv. 3;c40b36701;;;19;5x5;2.5;11700;;;20;;;;;;;;;;;;;123430;;;;;;;;;;72;;;;;;;;;;;;;;;;;;;;;;;;;
W_MultiAge_SUM25A4;Nascondiglio della Laguna - Lv. 4;Lagoon Hideout - Lv. 4;042ee71ee;;;19;5x5;2.5;14620;;;25;;;;;;;;;;;;;130680;;;;;;;;;;93;;;;;;;;;;;;;;;;;;;;;;;;;
W_MultiAge_SUM25A5;Nascondiglio della Laguna - Lv. 5;Lagoon Hideout - Lv. 5;f4bea7a04;;;19;5x5;2.5;17550;;;30;;;;;;;;;;;;;137950;;;;;;;;;;113;;;;;;;;;;;;;;;;;;;;;;;;;
W_MultiAge_SUM25A6;Nascondiglio della Laguna - Lv. 6;Lagoon Hideout - Lv. 6;00cc55780;;;19;5x5;2.5;20470;;;35;;;;;;;;;;;;;145200;;;;;;;;;;134;;;;;;;;;;;;;;;;;;;;;;;;;
W_MultiAge_SUM25A7;Nascondiglio della Laguna - Lv. 7;Lagoon Hideout - Lv. 7;1fc6d8111;;;19;5x5;2.5;23400;;;40;;;;;;;;;;;;;152470;;;;;;;;;;154;;;;;;;;;;;;;;;;;;;;;;;;;
W_MultiAge_SUM25A8;Nascondiglio della Laguna - Lv. 8;Lagoon Hideout - Lv. 8;ffd76c28a;;;19;5x5;2.5;26320;;;45;;;;;;;;;;;;;159720;;;;;;;;;;175;;;;;;;;;;;;;;;;;;;;;;;;;
W_MultiAge_SUM25A9;Nascondiglio della Laguna - Lv. 9;Lagoon Hideout - Lv. 9;1129e4c0c;;;19;5x5;2.5;29240;;;50;;;;;;;;;;;;;166990;;;;;;;;;;195;;10;;;;;;;;;;;;;;;;;;;;;;;
W_MultiAge_SUM25B1;Paradiso di Cocco del Capitano;Captain's Coconut Paradise;3f329ef7d;1;;19;1x3;;-6380;;;12;;;;;18;;;;;;;64720;;;;5;5;;;;;;;26;26;;;;;;;;;;;;;;;;;;;;;;;
W_MultiAge_SUM25B2;Paradiso di Cocco del Capitano Asceso;Ascended Captain's Coconut Paradise;ed747749e;1;30;51;1x3;;-6380;;;12;;;;;18;;;;;;;129430;;;;10;10;;;;;;;42;42;;;15;15;;;;;;20000;;;;;;;;;;;;;
W_MultiAge_SUM25C1;Pergolato del Pappagallo del Pirata;Pirate's Parrot Perch;f24bfb3c2;1;;19;1x3;;-6380;;;12;;;;;;9;;;;;;;;6560;;;;6;6;;;19;19;;;;;;;;;;;;;;;;;;;;;;;;;
W_MultiAge_SUM25C2;Pergolato del Pappagallo del Pirata Asceso;Ascended Pirate's Parrot Perch;e47e6aab1;1;30;51;1x3;;-6380;;;18;;;;;;21;;;;;;;;13120;;;;6;6;;;19;19;;;;;;;15;15;;;20000;;;;;;;;;5;;;;;
W_MultiAge_SUM25D1;Bazar Galleggiante di Barbanera;Blackbeard's Floating Bazaar;7a806faae;1;;19;5x5;;;;;250;;;;;;;;;;;;;;;;110;110;110;110;;;;;375;375;375;375;25;25;25;25;;;;;;;;;;;;;;;;;golden_selection_kit_SUM25A:20
W_MultiAge_SUM25E1;Eredità della Regina Anna;Queen Anne's Legacy;5274efaa0;1;;19;4x6;;;;;400;;;;;;;;;0.05;;;;;;;60;60;60;60;180;180;180;180;;;;;25;25;25;25;;;;;;;;;;;;;;;;;upgrade_kit_ascended_SUM20A:12
W_MultiAge_SUM25F1;Roccia della Sirena - Lv. 1;Siren's Rock - Lv. 1;7f9fd6e4d;;;19;2x5;1;14890;;;;;;;;40;;40;;;;;161790;;;;;;;;14;14;;;51;51;;;;;;;;;;;;;;;;2;;;;;;;selection_kit_SUM25A:2
W_MultiAge_SUM25F2;Roccia della Sirena - Lv. 2;Siren's Rock - Lv. 2;d464e1f61;1;;19;2x5;1;17020;;;;;;;;50;;50;;;;;215720;;;;;;;;16;16;;;61;61;;;;;;;;;;;;;;;;4;;;;;;;selection_kit_SUM25A:3
W_MultiAge_SUM25F3;Roccia Tesoro della Sirena;Siren's Treasure Rock;431d9a1a7;1;;19;2x5;1;19140;;;;;;;;60;;60;;;;;269660;;;;;;;;18;18;;;71;71;;;;;;;;;;;;;;;;6;;;;;;;silver_selection_kit_SUM25A:4
W_MultiAge_SUM25F4;Roccia Tesoro della Sirena Incantata;Enchanted Siren's Treasure Rock;f0e72dbff;1;;19;2x5;1;21270;;;;;;;;70;;70;;;;;323590;;;;;;;;20;20;;;81;81;;;;;;;;;;;;;;;;8;;;;;;;golden_selection_kit_SUM25A:5
W_MultiAge_SummerBonus22Buccaneer;Rimessa delle barche del bucaniere;Buccaneer's Boathouse;81fa36aa9;1;;19;4x4;2;11586;30341;1;8;;;;;20;;;;;;;214193;;2813;;;23;24;;;;;;;;;;;;;;;;;;;;;;;;;;;1;;;
W_MultiAge_SummerBonus22Deadman;Rimessa delle barche dell'uomo morto;Deadman's Boathouse;562b5978e;1;;19;4x4;2;11586;30341;;6;;;;;18;;;;;;25;214193;;2813;;19;;;26;;;;;;;;;;;;;;;;;;;;;;;;;;;;;
W_MultiAge_SummerBonus22a;Rimessa delle barche del corsaro - Liv. 1;Privateer's Boathouse - Lv. 1;f7723ba79;;;19;4x4;2;10043;23636;;;;;;;;;;;;;;84786;;;;;;;;;;;;;;;;;;;;;;;;;;;;;;;;;;;;
W_MultiAge_SummerBonus22b;Rimessa delle barche del corsaro - Liv. 2;Privateer's Boathouse - Lv. 2;9812e2d6a;;;19;4x4;2;10195;24231;;;;;;;;;;;;;;86313;;832;;;;;;;;;;;;;;;;;;;;;;;;;;;;;;;;;;
W_MultiAge_SummerBonus22c;Rimessa delle barche del corsaro - Liv. 3;Privateer's Boathouse - Lv. 3;f6de4d6f3;;;19;4x4;2;10351;24866;;;;;;;1;;;;;;;88785;;996;;;;;;;;;;;;;;;;;;;;;;;;;;;;;;;;;;
W_MultiAge_SummerBonus22d;Rimessa delle barche del corsaro - Liv. 4;Privateer's Boathouse - Lv. 4;614205595;;;19;4x4;2;10503;25540;;;;;;;2;;;;;;;92202;;1159;;;;;;;;;;;;;;;;;;;;;;;;;;;;;;;;;;
W_MultiAge_SummerBonus22e;Rimessa delle barche del corsaro - Liv. 5;Privateer's Boathouse - Lv. 5;db4928e72;;;19;4x4;2;10659;26139;;;;;;;3;;;;;;;96323;;1323;;;;;;;;;;;;;;;;;;;;;;;;;;;;;;;;;;
W_MultiAge_SummerBonus22f;Rimessa delle barche del corsaro - Liv. 6;Privateer's Boathouse - Lv. 6;9b9e69fd1;;;19;4x4;2;10814;26770;;;;;;;5;;;;;;;102334;;1487;;;;;;;;;;;;;;;;;;;;;;;;;;;;;;;;;;
W_MultiAge_SummerBonus22g;Rimessa delle barche del corsaro - Liv. 7;Privateer's Boathouse - Lv. 7;4cd750d56;;;19;4x4;2;10967;27402;;;;;;;8;;;;;;;110332;;1654;;;;;;;;;;;;;;;;;;;;;;;;;;;;;;;;;;
W_MultiAge_SummerBonus22h;Rimessa delle barche del corsaro - Liv. 8;Privateer's Boathouse - Lv. 8;778d9d5e9;;;19;4x4;2;11122;28000;;;;;;;10;;;;;;;119397;;1821;;;;;;;;;;;;;;;;;;;;;;;;;;;;;;;;;;
W_MultiAge_SummerBonus22i;Rimessa delle barche del corsaro - Liv. 9;Privateer's Boathouse - Lv. 9;2192ed85d;;;19;4x4;2;11278;28632;;;;;;;12;;;;;;;130352;;2155;;;;;;;;;;;;;;;;;;;;;;;;;;;;;;;;;;
W_MultiAge_SummerBonus22j;Rimessa delle barche del corsaro - Liv. 10;Privateer's Boathouse - Lv. 10;f508c0f05;;;19;4x4;2;11430;29263;;;;;;;14;;;;;;;148482;;2479;;;;;;;;;;;;;;;;;;;;;;;;;;;;;;;;;;
W_MultiAge_TEMP24GR;Chrono Colonna - Attivo;Chrono Column - Active;c797c0dfd;1;1;23;2x2;;;;;;;;;;;;;;;;;;;;;;;;;;;;;;;;;;;;;;;40000;40000;20;10;;;;;;;;;;;
W_MultiAge_TEMP24GRDecoration;Chrono Colonna - Non attivo;Chrono Column - Inactive;165a75a91;;;23;2x2;;;250;;;;;;;;;;;;;;;;;;;;;;;;;;;;;;;;;;;;;;;;;;;;;;;;;;
W_MultiAge_TEMP24WW;Fontana dei Desideri - Attivo;Wish Fountain - Active;9f8b3b60f;1;;55;2x2;;;;;;;;;;;;;;;;;;;;;;;;;;;;;;;;;;;;;;;;;;;;;;;;;;;;;
W_MultiAge_TEMP24WWDecoration;Fontana dei Desideri - Non attivo;Wish Fountain - Inactive;4a29365ee;;;23;2x2;;;250;;;;;;;;;;;;;;;;;;;;;;;;;;;;;;;;;;;;;;;;;;;;;;;;;;
W_MultiAge_WILD21A1;Riserva di montagna - liv. 1;Mountain Reserve - Lv. 1;R_MultiAge_WildBonus21a-8bda6e714;;;19;4x6;2;16678;18150;;;;;;;;;;;;;;217500;;;;;;;;;;;;;;;;;;;;;;;;;;;;;;;;;;;;
W_MultiAge_WILD21A2;Riserva di montagna - liv. 2;Mountain Reserve - Lv. 2;R_MultiAge_WildBonus21b-6f9ca8de0;;;19;4x6;2;17598;20940;;;;;;;;;;;;;;246000;;241;;;;;;;;;;;;;;;;;;;;;;;;;;;;;;;;;;
W_MultiAge_WILD21A3;Riserva di montagna - liv. 3;Mountain Reserve - Lv. 3;R_MultiAge_WildBonus21c-9c25eff58;;;19;4x6;2;18461;23460;;;;;;;5;;;;;;;271800;;480;;;;;;;;;;;;;;;;;;;;;;;;;;;;;;;;;;
W_MultiAge_WILD21A4;Riserva di montagna - liv. 4;Mountain Reserve - Lv. 4;R_MultiAge_WildBonus21d-27d592ec3;;;19;4x6;2;19438;25830;;2;;;;;10;;;;;;;297500;;960;;;;;;;;;;;;;;;;;;;;;;;;;;;;;;;;;;
W_MultiAge_WILD21A5;Riserva di montagna - liv. 5;Mountain Reserve - Lv. 5;R_MultiAge_WildBonus21e-8cc85ef2b;;;19;4x6;2;20128;28490;;5;;;;;15;;;;;;;326200;;1440;;;;;;;;;;;;;;;;;;;;;;;;;;;;;;;;;;
W_MultiAge_WILD21A6;Riserva di montagna - liv. 6;Mountain Reserve - Lv. 6;R_MultiAge_WildBonus21f-729eb2f29;;;19;4x6;2;21164;30710;;8;;;;;20;;;;;;;343300;;1921;;;;;;;;;;;;;;;;;;;;;;;;;;;;;;;;;;
W_MultiAge_WILD21A7a;Montagna dell'Orso;Bear Mountain;R_MultiAge_WildBonus21gBear-ff49306ff;1;;19;4x6;2;21854;33500;;11;;;;;26;;;;;;;377800;;2881;;;;43;36;;;;;;;;;;;;;;;;;;;;;;;;;;;;;
W_MultiAge_WILD21A7b;Montagna dell'Aquila;Eagle Mountain;R_MultiAge_WildBonus21gEagle-403ce881f;1;;19;4x6;2;21854;33500;;10;;;;;23;;;;;;;400500;;2616;;28;32;;;;;;;;;;;;;;;;;;;;;;;;;;;;;;;
W_MultiAge_WILD21A7c;Montagna dell'Alce;Moose Mountain;R_MultiAge_WildBonus21gMoose-953eca7c6;1;;19;4x6;2;21854;33500;;13;;;;;32;;;;;;;400500;;3360;;;;;;;;;;;;;;;;;;;;;;;;;;;;;;;;;;
W_MultiAge_WILD21A8a;Montagna dell'Orso Serena;Serene Bear Mountain;222583512;1;;19;4x6;2;29520;44260;;26;;;;;52;;;;;;;456560;;3140;;;;110;110;;;110;110;;;;;;;15;15;;;;;;;200;;;;;;;;;;
W_MultiAge_WILD21A8b;Montagna dell'Aquila Serena;Serene Eagle Mountain;3c89369aa;1;;19;4x6;2;29520;44260;;26;;;;;52;;;;;;;456560;;3140;;110;110;;;110;110;;;;;;;15;15;;;;;;;;;200;;;;;;;;;;
W_MultiAge_WILD21A8c;Montagna dell'Alce Serena;Serene Moose Mountain;a2a68b020;1;;19;4x6;2;59040;88540;;130;;;;;130;130;;;;;260;760940;290860;31380;;;;;;;;;;;;;;15;;15;;;;;;;;200;;;;;;;;;;
W_MultiAge_WILD22A1;Attraversamento degli animali - Liv. 1;Animal Crossing - Lv. 1;R_MultiAge_WildBonus22a-7470d642d;;;19;6x3;1.5;9575;15180;;;;;;;;;;;;;;154500;;;;;;;;;;;;;;;;;;;;;;;;;;;;;;;;;;;;
W_MultiAge_WILD22A10;Attraversamento degli animali sereno;Serene Animal Crossing;R_MultiAge_WildBonus22j-86bd29ce0;1;;19;6x3;1.5;29330;50250;;20;;;;;64;;;;;;;377800;;23401;;45;;46;54;;;;;;;;;;;;;;;;;;;;;;;;;;;;;
W_MultiAge_WILD22A11;Attraversamento degli Animali Armonioso;Harmonious Animal Crossing;29fad1c56;1;;19;6x3;;31900;63800;;50;;;;;77;37.5;12.5;;;;;431450;;26250;;116;116;116;116;;;;;;;;;;;5;5;;;;;;;;;M;;;;;;;;
W_MultiAge_WILD22A12;Attraversamento degli Animali Magnifico;Majestic Animal Crossing;1cc4a836b;1;90;51;6x3;;31900;63800;;250;;;;;152;100;100;;;;;485380;;32810;;251;251;251;251;;;;;;;;;;;25;25;;;;;;;;12000;M;;;;;;;;
W_MultiAge_WILD22A2;Attraversamento degli animali - Liv. 2;Animal Crossing - Lv. 2;R_MultiAge_WildBonus22b-2feae8b59;;;19;6x3;1.5;9748;15700;;;;;;;;;;;;;;171700;;900;;;;;;;;;;;;;;;;;;;;;;;;;;;;;;;;;;
W_MultiAge_WILD22A3;Attraversamento degli animali - Liv. 3;Animal Crossing - Lv. 3;R_MultiAge_WildBonus22c-67f7e1f21;;;19;6x3;1.5;10007;16760;;1;;;;;;;;;;;;188800;;1081;;;;;;;;;;;;;;;;;;;;;;;;;;;;;;;;;;
W_MultiAge_WILD22A4;Attraversamento degli animali - Liv. 4;Animal Crossing - Lv. 4;R_MultiAge_WildBonus22d-919b7436a;;;19;6x3;1.5;10352;17800;;2;;;;;;;;;;;;206000;;1260;;;;;;;;;;;;;;;;;;;;;;;;;;;;;;;;;;
W_MultiAge_WILD22A5;Attraversamento degli animali - Liv. 5;Animal Crossing - Lv. 5;R_MultiAge_WildBonus22e-e9dbf90a0;;;19;6x3;1.5;10869;18840;;3;;;;;;;;;;;;223200;;1440;;;;;;;;;;;;;;;;;;;;;;;;;;;;;;;;;;
W_MultiAge_WILD22A6;Attraversamento degli animali - Liv. 6;Animal Crossing - Lv. 6;R_MultiAge_WildBonus22f-0a6db65d0;;;19;6x3;1.5;11560;19900;;4;;;;;;;;;;;;240300;;1621;;;;;;;;;;;;;;;;;;;;;;;;;;;;;;;;;;
W_MultiAge_WILD22A7;Attraversamento degli animali - Liv. 7;Animal Crossing - Lv. 7;R_MultiAge_WildBonus22g-b338ed860;;;19;6x3;1.5;12422;20940;;5;;;;;;;;;;;;257500;;1800;;;;;;;;;;;;;;;;;;;;;;;;;;;;;;;;;;
W_MultiAge_WILD22A8;Attraversamento degli animali - Liv. 8;Animal Crossing - Lv. 8;R_MultiAge_WildBonus22h-b92e24692;;;19;6x3;1.5;13457;23020;;7;;;;;;;;;;;;274700;;1981;;12;;;;;;;;;;;;;;;;;;;;;;;;;;;;;;;;
W_MultiAge_WILD22A9;Attraversamento degli animali - Liv. 9;Animal Crossing - Lv. 9;R_MultiAge_WildBonus22i-8f42aabe0;1;;19;6x3;1.5;14665;25130;;10;;;;;;;;;;;;291800;;2341;;23;;;;;;;;;;;;;;;;;;;;;;;;;;;;;;;;
W_MultiAge_WILD23A1;Riserva di panda - Liv. 1;Panda Reserve - Lv. 1;R_MultiAge_WILD23A1-569490519;;;19;4x5;2;1150;2300;;;;;;;;;;;;;;4025;;;;;;;;;;;;;;;;;;;;;;;;;;;;;;;;;;;;
W_MultiAge_WILD23A10;Santuario del panda;Panda Shrine;R_MultiAge_WILD23A10-683d94f8c;1;;19;4x5;2;11500;23000;;19;;;3;;75;;;;;;;40250;;2342;;36;;33;;;;;;;;;;;;;;;;;;;;;;;;;;;;;;
W_MultiAge_WILD23A2;Riserva di panda - Liv. 2;Panda Reserve - Lv. 2;R_MultiAge_WILD23A2-3f7741e6f;;;19;4x5;2;1436;2875;;;;;;;;;;;;;;5029;;802;;;;;;;;;;;;;;;;;;;;;;;;;;;;;;;;;;
W_MultiAge_WILD23A3;Riserva di panda - Liv. 3;Panda Reserve - Lv. 3;R_MultiAge_WILD23A3-1662e8b42;;;19;4x5;2;1725;3450;;;;;;;;;;;;;;6036;;900;;;;;;;;;;;;;;;;;;;;;;;;;;;;;;;;;;
W_MultiAge_WILD23A4;Riserva di panda - Liv. 4;Panda Reserve - Lv. 4;R_MultiAge_WILD23A4-f10102685;;;19;4x5;2;2300;4600;;;;;;;5;;;;;;;8050;;1082;;;;;;;;;;;;;;;;;;;;;;;;;;;;;;;;;;
W_MultiAge_WILD23A5;Riserva di panda - Liv. 5;Panda Reserve - Lv. 5;R_MultiAge_WILD23A5-5efb9894e;;;19;4x5;2;2875;5750;;;;;;;15;;;;;;;10061;;1260;;;;;;;;;;;;;;;;;;;;;;;;;;;;;;;;;;
W_MultiAge_WILD23A6;Riserva di panda - Liv. 6;Panda Reserve - Lv. 6;R_MultiAge_WILD23A6-9fab5830c;;;19;4x5;2;3450;6900;;1;;;;;20;;;;;;;12075;;1439;;;;;;;;;;;;;;;;;;;;;;;;;;;;;;;;;;
W_MultiAge_WILD23A7;Riserva di panda - Liv. 7;Panda Reserve - Lv. 7;R_MultiAge_WILD23A7-cb604d0aa;;;19;4x5;2;4025;8050;;7;;;;;25;;;;;;;14086;;1621;;;;;;;;;;;;;;;;;;;;;;;;;;;;;;;;;;
W_MultiAge_WILD23A8;Riserva di panda - Liv. 8;Panda Reserve - Lv. 8;R_MultiAge_WILD23A8-cc7407d3d;;;19;4x5;2;5175;10350;;11;;;;;30;;;;;;;18111;;1803;;16;;;;;;;;;;;;;;;;;;;;;;;;;;;;;;;;
W_MultiAge_WILD23A9;Riserva di panda - Liv. 9;Panda Reserve - Lv. 9;R_MultiAge_WILD23A9-3d58df412;1;;19;4x5;2;6900;13800;;15;;;1;;35;;;;;;;24150;;1978;;29;;13;;;;;;;;;;;;;;;;;;;;;;;;;;;;;;
W_MultiAge_WILD23B1;Ponte di bambù;Bamboo Bridge;D_MultiAge_WILD23B-1a3008782;1;;19;4x2;;;8150;;;;;;;;;;;;;;;;;;;;16;;;;;;;;;;;;;;;;;;;;;;;;;;;;;;
W_MultiAge_WILD23C1;Parco di bambù viola;Purple Bamboo Park;D_MultiAge_WILD23C-126daea8b;1;;19;4x2;;;8150;;;;;;;;;;;;;;;;;;;;;16;;;;;;;;;;;;;;;;;;;;;;;;;;;;;
W_MultiAge_WILD23D1;Lago dei fiori di loto;Lotus Flower Lake;D_MultiAge_WILD23D-56ea68f1f;1;;19;4x2;;;8150;;6;;;;;;;;;;;;;;;;;;;;;;;;;;;;;;;;;;;;;;;;;;;;;;;;
W_MultiAge_WILD23E1;Abeti himalayani - Liv. 1;Himalayan Firs - Lv. 1;a3895d0a0;1;;19;2x2;1;;;;;;;;;5;;;;;;;;;;;5;;5;;;;;;;;;;;;;;;;;;;;;;;;;;;;;;
W_MultiAge_WILD23E2;Abeti himalayani - Liv. 2;Himalayan Firs - Lv. 2;18425f4cc;1;;19;2x2;1;;;;;;;;;20;;;;;;;;;;;9;;9;;;;;;;;;;;;;;;;;;;;;;;;;1;;;;;
W_MultiAge_WILD23F1;Campo di rododendri - Liv. 1;Rhododendron Field - Lv. 1;ea4d396ce;1;;19;2x2;1;;;;4;;;;;;;;;;;;;;;;;13;;13;;;;;;;;;;;;;;;;;;;;;;;;;;;;;
W_MultiAge_WILD23F2;Campo di rododendri - Liv. 2;Rhododendron Field - Lv. 2;702e6f268;1;;19;2x2;1;;;;6;;;;;;;;;;;;;;;;;19;;19;;;;;;;;;;;;;;;;;;;;;;;;;;;;;
W_MultiAge_WILD23G;Statua del panda d'oro;Golden Panda Statue;c4b6dc2dc;1;;55;1x1;;;250;;;;;;;;;;;;;;;;;;;;;;;;;;;;;;;;;;;;;;;;;;;;;;;;;;golden_upgrade_kit_WILD23A:1
W_MultiAge_WILD23GDecoration;Statua del panda;Panda Statue;928b0cd25;;;23;1x1;;;250;;;;;;;;;;;;;;;;;;;;;;;;;;;;;;;;;;;;;;;;;;;;;;;;;;
W_MultiAge_WILD24A1;Habitat dei Fenicotteri - Lv. 1;Flamingo Habitat - Lv. 1;e8dc8e354;;;19;5x4;2;;3400;;12;;;;;;;;;;;;;;;;;;;;;;;;;;;;;;;;;;;;;;;;;;;;;;;;
W_MultiAge_WILD24A10;Habitat dei Fenicotteri - Lv. 10;Flamingo Habitat - Lv. 10;277bdde11;;;19;5x4;2;;34060;;22;;;;;50;;;;;;;;;;;13;18;;;;;;;;;;;;;;;;;;;;;;;;;;;;;;;
W_MultiAge_WILD24A11;Habitat dei Fenicotteri - Lv. 11;Flamingo Habitat - Lv. 11;058eea169;1;;19;5x4;2;;37460;;24;;;;;60;;;;;;;;;;;15;20;;;15;20;;;;;;;;;;;;;;;;;;;;;;;;;;;selection_kit_WILD24CD:1|silver_upgrade_kit_WILD24A:5
W_MultiAge_WILD24A12;Habitat dei Fenicotteri Sereno;Serene Flamingo Habitat;9e1ae08ec;1;;19;5x4;2;;49940;;26;;;;;70;;;;;;;;;;;20;25;;;20;25;;;;;;;;;;;;;;;;;;;;;;;;;;;golden_upgrade_kit_WILD24A:5|selection_kit_WILD24CD:3|upgrade_kit_WILD24D:3
W_MultiAge_WILD24A13;Paradiso dei Fenicotteri Sereno;Serene Flamingo Paradise;2bf23c32d;1;;19;5x4;2;;62440;;28;;;;;80;;;;;;;;;;;25;30;;;25;30;;;;;;;;;;;;;;;;;;;;;;;;;;;selection_kit_WILD24CD:6|upgrade_kit_WILD24C:6|upgrade_kit_WILD24D:6
W_MultiAge_WILD24A14;Paradiso dei Fenicotteri Sacro;Sacred Flamingo Paradise;bc094a53e;1;;19;5x4;;;74950;;155;;;;;255;;205;;;;;;;;;155;155;;;205;205;;;;;;;5;5;;;;;;;;;;;M;;;;;;;;selection_kit_WILD24CD:16|upgrade_kit_WILD24C:16|upgrade_kit_WILD24D:16
W_MultiAge_WILD24A15;Paradiso dei Fenicotteri Radiosi;Radiant Flamingo Paradise;cd0b56f49;1;90;51;5x4;;;87470;;355;;;;;405;;355;;;;;;;;;315;315;;;355;355;;;;;;;25;25;;;;;;;;;200;;M;;;;;;;;selection_kit_WILD24CD:30|upgrade_kit_WILD24C:30|upgrade_kit_WILD24D:30
W_MultiAge_WILD24A2;Habitat dei Fenicotteri - Lv. 2;Flamingo Habitat - Lv. 2;0d5308845;;;19;5x4;2;;6820;;13;;;;;;;;;;;;;;;;;;;;;;;;;;;;;;;;;;;;;;;;;;;;;;;;
W_MultiAge_WILD24A3;Habitat dei Fenicotteri - Lv. 3;Flamingo Habitat - Lv. 3;d0615560e;;;19;5x4;2;;10220;;14;;;;;;;;;;;;;;;;;;;;;;;;;;;;;;;;;;;;;;;;;;;;;;;;
W_MultiAge_WILD24A4;Habitat dei Fenicotteri - Lv. 4;Flamingo Habitat - Lv. 4;a514a2528;;;19;5x4;2;;13620;;15;;;;;;;;;;;;;;;;;6;;;;;;;;;;;;;;;;;;;;;;;;;;;;;;;
W_MultiAge_WILD24A5;Habitat dei Fenicotteri - Lv. 5;Flamingo Habitat - Lv. 5;3ae051834;;;19;5x4;2;;17020;;16;;;;;25;;;;;;;;;;;;8;;;;;;;;;;;;;;;;;;;;;;;;;;;;;;;
W_MultiAge_WILD24A6;Habitat dei Fenicotteri - Lv. 6;Flamingo Habitat - Lv. 6;e18d07ad4;;;19;5x4;2;;20440;;17;;;;;30;;;;;;;;;;;;10;;;;;;;;;;;;;;;;;;;;;;;;;;;;;;;
W_MultiAge_WILD24A7;Habitat dei Fenicotteri - Lv. 7;Flamingo Habitat - Lv. 7;b199eac25;;;19;5x4;2;;23840;;18;;;;;35;;;;;;;;;;;7;12;;;;;;;;;;;;;;;;;;;;;;;;;;;;;;;
W_MultiAge_WILD24A8;Habitat dei Fenicotteri - Lv. 8;Flamingo Habitat - Lv. 8;40ea063aa;;;19;5x4;2;;27240;;19;;;;;40;;;;;;;;;;;9;14;;;;;;;;;;;;;;;;;;;;;;;;;;;;;;;
W_MultiAge_WILD24A9;Habitat dei Fenicotteri - Lv. 9;Flamingo Habitat - Lv. 9;c687272dd;;;19;5x4;2;;30640;;20;;;;;45;;;;;;;;;;;11;16;;;;;;;;;;;;;;;;;;;;;;;;;;;;;;;
W_MultiAge_WILD24B1;Giardino dei Sogni Eterni;Garden of Eternal Dreams;379e03737;1;;23;4x5;;56780;85140;;80;;;;;140;;;;;;;;;;;100;100;;;;;;;;;;;;;;;;;;;;;;;;;;;;;;;golden_upgrade_kit_WILD24A:20|selection_kit_WILD24A:20|silver_upgrade_kit_WILD24A:20
W_MultiAge_WILD24C1;Sentieri del Tapiro - Lv. 1;Tapir Trails - Lv. 1;4d67bdf30;;;19;2x1;;-2280;;;3;;;;;6;;;;;;;;;;;5;;7;;;;;;;;;;;;;;;;;;;;;;;;;;;;;;
W_MultiAge_WILD24C2;Sentieri del Tapiro - Lv. 2;Tapir Trails - Lv. 2;06cbee716;1;;19;2x1;;-2280;;;4;;;;;8;;;;;;;;;;;7;;9;;;;;;;;;;;;;;;;;;;;;;;;;;;;;;
W_MultiAge_WILD24D1;Palude degli alligatori - Lv. 1;Alligator Swamp - Lv. 1;caadf6593;1;;19;2x3;1;-7940;;;10;;;;;30;;;;;;;;;;;;30;;37;;;;;;;;;;;;;;;;;;;;;;;;;;;;;
W_MultiAge_WILD24D2;Palude degli alligatori - Lv. 2;Alligator Swamp - Lv. 2;cde2563b8;1;;19;2x3;1;-7940;;;13;;;;;40;;;;;;30;;;;;;35;;42;;;;;;;;;;;;;;;;;;;;;;;;;;;;;
W_MultiAge_WILD24E1;Nascondiglio del Procione;Raccoon Hideout;548a1cbc0;1;;19;2x1;;3180;;;;;1;;;7;14;;;;;;40980;;;;3;;3;;2;;;;;;2;;;;;;;;;;;;;;;;;;;;;;
W_MultiAge_WILD24F1;Kapok Gigante;Giant Kapok;077b21872;1;;19;2x2;1;6820;;;5;;;;;18;;;;;;;;;;;;;8;12;;;;;;;3;3;;;;;;;;;;;;;;;;;;;;;
W_MultiAge_WILD24G1;Gigli del Sangue;Blood Lilies;01a2578c2;1;;19;1x1;0.5;1700;;;2;;;;;;;;;;;5;;;;;2;3;;;2;2;;;;;;;;;;;;;;;;;;;;;;;;;;;
W_MultiAge_WILD25A1;Santuario Shika - Lv. 1;Shika Shrine - Lv. 1;3a7e95e5b;;;19;8x3;1.5;7240;10860;;21;;;;;;12;12;;;;;;71310;;;;;17;17;;;13;13;;;15;15;;;;;;;;;;;;;;;;;;;;;
W_MultiAge_WILD25A10;Santuario Momiji;Momiji Shrine;5dd3d3e51;1;;19;8x3;1.5;46320;69460;;48;;;;;;93;93;;;;;;263860;;;;;72;72;;;68;68;;;70;70;;;;;;;;;;;;;;;;;;;;;golden_upgrade_kit_WILD25A:5|selection_kit_WILD25BC:2
W_MultiAge_WILD25A11;Santuario Momijidori;Momijidori Shrine;ab3e29967;1;;19;8x3;1.5;50670;75980;;51;;;;;;102;102;;;;;;285260;;;;;78;78;;;74;74;;;76;76;;;;;;;;;;;;;M;;;;;;;;selection_kit_WILD25BC:3
W_MultiAge_WILD25A2;Santuario Shika - Lv. 2;Shika Shrine - Lv. 2;f43ccc1f5;;;19;8x3;1.5;11580;17360;;24;;;;;;21;21;;;;;;92700;;;;;23;23;;;19;19;;;21;21;;;;;;;;;;;;;;;;;;;;;
W_MultiAge_WILD25A3;Santuario Shika - Lv. 3;Shika Shrine - Lv. 3;cd1b8ed8e;;;19;8x3;1.5;15930;23880;;27;;;;;;30;30;;;;;;114100;;;;;29;29;;;25;25;;;27;27;;;;;;;;;;;;;;;;;;;;;
W_MultiAge_WILD25A4;Santuario Shika - Lv. 4;Shika Shrine - Lv. 4;bf31a41f6;;;19;8x3;1.5;20270;30380;;30;;;;;;39;39;;;;;;135490;;;;;35;35;;;31;31;;;33;33;;;;;;;;;;;;;;;;;;;;;
W_MultiAge_WILD25A5;Santuario Shika - Lv. 5;Shika Shrine - Lv. 5;8c0f23137;;;19;8x3;1.5;24600;36910;;33;;;;;;48;48;;;;;;156890;;;;;41;41;;;37;37;;;39;39;;;;;;;;;;;;;;;;;;;;;
W_MultiAge_WILD25A6;Santuario Shika - Lv. 6;Shika Shrine - Lv. 6;49fd74027;;;19;8x3;1.5;28960;43410;;36;;;;;;57;57;;;;;;178280;;;;;48;48;;;44;44;;;46;46;;;;;;;;;;;;;;;;;;;;;
W_MultiAge_WILD25A7;Santuario Shika - Lv. 7;Shika Shrine - Lv. 7;f5e62c880;;;19;8x3;1.5;33290;49930;;39;;;;;;66;66;;;;;;199680;;;;;54;54;;;50;50;;;52;52;;;;;;;;;;;;;;;;;;;;;
W_MultiAge_WILD25A8;Santuario Shika - Lv. 8;Shika Shrine - Lv. 8;203592a82;;;19;8x3;1.5;37650;56430;;42;;;;;;75;75;;;;;;221070;;;;;60;60;;;56;56;;;58;58;;;;;;;;;;;;;;;;;;;;;
W_MultiAge_WILD25A9;Santuario Shika - Lv. 9;Shika Shrine - Lv. 9;ad5208e82;1;;19;8x3;1.5;41980;62960;;45;;;;;;84;84;;;;;;242470;;;;;66;66;;;62;62;;;64;64;;;;;;;;;;;;;;;;;;;;;selection_kit_WILD25BC:1|silver_upgrade_kit_WILD25A:5
W_MultiAge_WILD25B1;Stagno Koi;Koi Pond;1947fa151;1;;19;2x3;;-20440;17020;;;;;;;;;;;;;;;67120;;;;18;18;18;;;21;21;;;;;;;;;;;;;;;;;;;;;;;;;
W_MultiAge_WILD25B2;Stagno Koi Asceso;Ascended Koi Pond;4d01827a7;1;30;51;2x3;;-20440;34060;;;;;;;;;;;;;;;134240;;;;38;38;38;;;44;44;;;;;12;;;;0.04;0.04;20000;20000;;;;;;;;;;;;;
W_MultiAge_WILD25C1;Cancello Usagi Bonbori;Usagi Bonbori Gate;7a4fa4413;1;;19;3x1;;-6820;;;;;;;;14.9;;;;;;;;;;;12;12;;;12;;;;15;15;;;;;;;;;;;;;;;;;;3;;;;;
W_MultiAge_WILD25C2;Cancello Usagi Bonbori Asceso;Ascended Usagi Bonbori Gate;e0f061e05;1;30;51;3x1;;-6820;;;;;;;;29.8;;;;;;;;;;;26;26;;;26;;;;32;32;;;;;;;;;;;10;5;;;;;;5;;;;;
W_MultiAge_WILD25D1;Grande Santuario Inari;Inari Grand Shrine;cf6b9a5ca;1;;23;3x5;;;255400;;105;;;;;135;;;;;;900;;;;;;;90;90;;;120;120;;;;;;;25;25;;;;;;;;;;;;;;;;;golden_selection_kit_WILD25A:20
W_MultiAge_WILD26A1;Centro di Riabilitazione Elefanti - Livello 1;Elephant Rehabilitation Centre - Lv. 1;c67138499;;;19;5x4;2;6380;;;;;;;;;;;;;;10;;;15310;;;;;;;;;;;;;;;;;;;;;;;;;;;;;;;;;;
W_MultiAge_WILD26A10;Ala Conservazione Elefanti;Elephant Conservation Wing;125d2d627;1;;19;5x4;2;35090;;;150;;;;;;;;;;;180;;;35000;;;;;;250;250;;;170;170;;;;;;;;;;;;;;;;;;;;;;;golden_upgrade_kit_WILD26A:5|selection_kit_WILD26BC:2
W_MultiAge_WILD26A11;Grande Riserva Elefanti;Elephant Great Reserve;0b136766a;1;;19;5x4;2;38280;;;200;;;;;;;;;;;200;;;38280;;;;;;280;280;;;200;200;;;;;;;;;;;;;;;M;;;;;;;;selection_kit_WILD26BC:3
W_MultiAge_WILD26A2;Centro di Riabilitazione Elefanti - Livello 2;Elephant Rehabilitation Centre - Lv. 2;2b60873bc;;;19;5x4;2;9570;;;;;;;;;;;;;;20;;;17500;;;;;;;;;;30;30;;;;;;;;;;;;;;;;;;;;;;;
W_MultiAge_WILD26A3;Centro di Riabilitazione Elefanti - Livello 3;Elephant Rehabilitation Centre - Lv. 3;fde63d5c5;;;19;5x4;2;12760;;;;;;;;;;;;;;40;;;19690;;;;;;;;;;50;50;;;;;;;;;;;;;;;;;;;;;;;
W_MultiAge_WILD26A4;Centro di Riabilitazione Elefanti - Livello 4;Elephant Rehabilitation Centre - Lv. 4;c1024d70d;;;19;5x4;2;15950;;;;;;;;;;;;;;60;;;21870;;;;;;25;25;;;70;70;;;;;;;;;;;;;;;;;;;;;;;
W_MultiAge_WILD26A5;Centro di Riabilitazione Elefanti - Livello 5;Elephant Rehabilitation Centre - Lv. 5;26dcf91a6;;;19;5x4;2;19140;;;5;;;;;;;;;;;80;;;24060;;;;;;50;50;;;90;90;;;;;;;;;;;;;;;;;;;;;;;
W_MultiAge_WILD26A6;Centro di Riabilitazione Elefanti - Livello 6;Elephant Rehabilitation Centre - Lv. 6;ee5a3e55e;;;19;5x4;2;22330;;;10;;;;;;;;;;;100;;;26250;;;;;;100;100;;;110;110;;;;;;;;;;;;;;;;;;;;;;;
W_MultiAge_WILD26A7;Centro di Riabilitazione Elefanti - Livello 7;Elephant Rehabilitation Centre - Lv. 7;eece0183a;;;19;5x4;2;25520;;;25;;;;;;;;;;;120;;;28440;;;;;;150;150;;;130;130;;;;;;;;;;;;;;;;;;;;;;;
W_MultiAge_WILD26A8;Centro di Riabilitazione Elefanti - Livello 8;Elephant Rehabilitation Centre - Lv. 8;203450caa;;;19;5x4;2;28710;;;50;;;;;;;;;;;140;;;30620;;;;;;180;180;;;140;140;;;;;;;;;;;;;;;;;;;;;;;
W_MultiAge_WILD26A9;Centro di Riabilitazione Elefanti - Livello 9;Elephant Rehabilitation Centre - Lv. 9;11b15cbe4;1;;19;5x4;2;31900;;;100;;;;;;;;;;;160;;;32810;;;;;;200;200;;;150;150;;;;;;;;;;;;;;;;;;;;;;;selection_kit_WILD26BC:1|silver_upgrade_kit_WILD26A:5
W_MultiAge_WILD26B1;Accampamento della Savana;Savannah Camp;fc9b2ceaf;1;;19;2x2;;-21270;;;40;;;;;;;;;;;;;;5470;;;;32;32;;;;;;;32;32;;;;;;;;;;;;;;;;;;;;;upgrade_kit_ascended_WILD22A:2
W_MultiAge_WILD26B2;Accampamento della Savana Asceso;Ascended Savannah Camp;b3c695fad;1;30;51;2x2;;-21270;;;45;;;;;;;;;;;;;;5470;;;;42;42;;;;;;;42;42;;;20;20;;;20000;;;5;;;;;;;;;;;upgrade_kit_ascended_WILD22A:30
W_MultiAge_WILD26C1;Laguna Ippopotamo;Hippo Lagoon;e4eb72c0e;1;;19;2x2;;-21270;;;45;;;;;;;;;;;;;;5470;;;;;;;54;54;;;;;;;;;;;;;;;;;;;;;;;;;;upgrade_kit_ascended_WILD24A:2
W_MultiAge_WILD26C2;Laguna Ippopotamo Ascesa;Ascended Hippo Lagoon;f7a3afe34;1;30;51;2x2;;-21270;;;60;;;;;;;;;;;;;;5470;;;;;;;60;60;;;;;;;25;;;;0.02;;20000;5;;;;;;;;;;;;upgrade_kit_ascended_WILD24A:30
W_MultiAge_WILD26D1;Sorgenti Tartaruga Sacra;Sacred Tortoise Springs;082cfbb2d;1;;19;4x4;;;;;200;;;;;;;;;;;;;;;;150;150;150;150;;;;;100;100;100;100;20;20;20;20;;;;;;;;;;;;;;;;;golden_selection_kit_WILD26A:5|selection_kit_WILD26BC:5
W_MultiAge_WIN18B1;Costruttore di slitte;Sleigh Builder;P_MultiAge_WinterBonus18-0497e0c6d;1;;19;2x3;1;-370;;;;;;;;15;;;;;;;;;;;;;;;;;;;;;;;;;;;;;;;;;;;;;;;;;;;
W_MultiAge_WIN18B2;Costruttore di Slitte Deluxe;Sleigh Builder Deluxe;298a2f960;1;;19;2x3;;-20440;;;;;;;;50;;;;;;;;;;;15;15;;;15;15;;;;;;;;;;;;;;;;;;;;;;;;;;;
W_MultiAge_WIN19A1;Treno d'inverno - Lv. 1;Winter Train - Lv. 1;R_MultiAge_WinterBonus19a-89a86574d;;;19;7x3;1.5;11473;10590;;;;;;;;;;;;;;124200;;;;;;;;;;;;;;;;;;;;;;;;;;;;;;;;;;;;
W_MultiAge_WIN19A10a;Limited Express a Carbone;The Charcoal Limited Express;67125079f;1;;19;7x3;1.5;21270;26580;;180;;;;;290;;;;;;;323590;264010;21870;;144;144;144;144;;;;;;;;;;;;;;;;;;;;;M;;;;;;;;
W_MultiAge_WIN19A10b;Limited Express Sempreverde;The Evergreen Limited Express;aca081a37;1;;19;7x3;1.5;21270;26580;;225;;;;;215;;;;;;;323590;264010;21870;;;;104;104;;;204;204;;;;;;;;;;;;;;;;;M;;;;;;;;
W_MultiAge_WIN19A10c;Limited Express Slittino;The Sleighride Limited Express;3037f37b2;1;;19;7x3;1.5;21270;26580;;135;;;;;360;;;;;;;323590;264010;21870;;104;104;;;204;204;;;;;;;;;;;;;;;;;;;M;;;;;;;;
W_MultiAge_WIN19A2;Treno d'inverno - Lv. 2;Winter Train - Lv. 2;R_MultiAge_WinterBonus19b-bb5436120;;;19;7x3;1.5;11876;11390;;;;;;;;;;;;;;136200;19550;;;;;;;;;;;;;;;;;;;;;;;;;;;;;;;;;;;
W_MultiAge_WIN19A3;Treno d'inverno - Lv. 3;Winter Train - Lv. 3;R_MultiAge_WinterBonus19c-276f40c6f;;;19;7x3;1.5;12278;12220;;;;;;;;;;;;;;142100;19550;420;;;;;;;;;;;;;;;;;;;;;;;;;;;;;;;;;;
W_MultiAge_WIN19A4;Treno d'inverno - Lv. 4;Winter Train - Lv. 4;R_MultiAge_WinterBonus19d-3059af804;;;19;7x3;1.5;12681;13020;;1;;;;;;;;;;;;150100;19550;840;;;;;;;;;;;;;;;;;;;;;;;;;;;;;;;;;;
W_MultiAge_WIN19A5;Treno d'inverno - Lv. 5;Winter Train - Lv. 5;R_MultiAge_WinterBonus19e-37dcea8c8;;;19;7x3;1.5;13084;13850;;2;;;;;;;;;;;;161200;19550;1260;;;;;;;;;;;;;;;;;;;;;;;;;;;;;;;;;;
W_MultiAge_WIN19A6;Treno d'inverno - Lv. 6;Winter Train - Lv. 6;R_MultiAge_WinterBonus19f-be2bf94c1;;;19;7x3;1.5;13486;14660;;2;;;;;5;;;;;;;176300;19550;1680;;;;;;;;;;;;;;;;;;;;;;;;;;;;;;;;;;
W_MultiAge_WIN19A7;Treno d'inverno - Lv. 7;Winter Train - Lv. 7;R_MultiAge_WinterBonus19g-937018e39;;;19;7x3;1.5;13889;15480;;4;;;;;5;;;;;;;184300;19550;2100;;;;;;;;;;;;;;;;;;;;;;;;;;;;;;;;;;
W_MultiAge_WIN19A8;Treno d'inverno - Lv. 8;Winter Train - Lv. 8;R_MultiAge_WinterBonus19h-3864c89e5;;;19;7x3;1.5;14291;16290;;4;;;;;10;;;;;;;200300;19550;2310;;;;;;;;;;;;;;;;;;;;;;;;;;;;;;;;;;
W_MultiAge_WIN19A9a;Il Charcoal Express;The Charcoal Express;R_MultiAge_WinterBonus19iCharcoal-19be61e84;1;;19;7x3;1.5;15096;17090;;5;;;;;15;;;;;;;220300;30540;2940;;28;;;;;;;;;;;;;;;;;;;;;;;;;;;;;;;;
W_MultiAge_WIN19A9b;L'Evergreen Express;The Evergreen Express;R_MultiAge_WinterBonus19iEvergreen-87a7a57c3;1;;19;7x3;1.5;15096;17090;;8;;;;;10;;;;;;;220300;30540;2940;;;;;;;;;;;;;;;;;;;;;;;;;;;;;;;;;;
W_MultiAge_WIN19A9c;Lo Sleighride Express;The Sleighride Express;R_MultiAge_WinterBonus19iSleighride-713235b95;1;;19;7x3;1.5;15096;17090;;4;;;;;20;;;;;;;220300;30540;2940;;;;;;;;;;;;;;;;;;;;;;;;;;;;;;;;;;
W_MultiAge_WIN19B1;Carrozza Ristorante;Dining Car;D_MultiAge_WinterBonus19Dining-ed32deedd;1;;19;2x3;;;6100;;;;;;;;;;;;;;;;;;4;;;;;;;;;;;;;;;;;;;;;;;;;;;;;;;;
W_MultiAge_WIN19B2;Carrozza Ristorante Serie II;Dining Car Series II;1c73733b8;1;;19;2x3;;;10630;;;;;;;;;;;;;;;;;;18;;18;;;;;;;;;;;;;;;;;;;;;;;;;;1;;;;
W_MultiAge_WIN19C1;Vagone Letto;Sleeping Car;D_MultiAge_WinterBonus19Sleeping-d10c3583c;1;;19;2x3;;;6100;;2;;;;;;;;;;;;;;;;;;;;;;;;;;;;;;;;;;;;;;;;;;;;;;;;
W_MultiAge_WIN19C2;Vagone Letto Serie II;Sleeping Car Series II;ac5156cab;1;;19;2x3;;;10630;;35;;;;;;;;;;;;;;;;;;;;;;;;;;;;;;;;;;;;;;;;;;;;1;;;;
W_MultiAge_WIN19D1;Carro Merci;Freight Car;D_MultiAge_WinterBonus19Freight-03a525301;1;;19;2x3;;;6100;;;;;;;5;;;;;;;;;;;;;;;;;;;;;;;;;;;;;;;;;;;;;;;;;;;
W_MultiAge_WIN19D2;Carro Merci Serie II;Freight Car Series II;c93423057;1;;19;2x3;;;10630;;;;;;;55;;;;;;;;;;;;;;;;;;;;;;;;;;;;;;;;;;;;;;;1;;;;
W_MultiAge_WIN21B1;Carrozza Salotto;Parlor Car;D_MultiAge_WinterBonus21Parlor-b9888cca0;1;;19;2x3;;;6100;;;;;;;;;;;;;;;;;;;5;;;;;;;;;;;;;;;;;;;;;;;;;;;;;;;
W_MultiAge_WIN21B2;Carrozza Salotto Serie II;Parlor Car Series II;78ff18ddd;1;;19;2x3;;;10630;;;;;;;;;;;;;;;;;;;23;;23;;;;;;;;;;;;;;;;;;;;;;;;;1;;;;
W_MultiAge_WIN22A1;Fabbrica di cioccolato - Liv. 1;Chocolatery - Lv. 1;4062898d2;;;19;4x6;2;;13593;;1;;;;;1;;;;;;;;;;;;1;;;;;;;;;;;;;;;;;;;;;;;;;;;;;;;
W_MultiAge_WIN22A10;Fabbrica di cioccolato - Liv. 10;Chocolatery - Lv. 10;d0f28cc8f;;;19;4x6;2;;17833;;4;;;;;10;;;;;;;;;;;8;9;;;;;;;;;;;;;;;;;;;;;;;;;;;;;;;building_W_MultiAge_WIN22B1:1
W_MultiAge_WIN22A11a;Ted's Choc;Ted's Choc;7e927ffbb;1;;19;4x6;2;;18755;;4;;;;;32;;;;;;;;;;;31;9;;;;;;;;;;;;;;;;;;;;;;;;;;;;;;;building_W_MultiAge_WIN22B1:2
W_MultiAge_WIN22A11b;Ketebo Candy;Ketebo Candy;0ce04407a;1;;19;4x6;2;;18755;;14;;;;;10;;;;;;;;;;;8;37;;;;;;;;;;;;;;;;;;;;;;;;;;;;;;;building_W_MultiAge_WIN22B1:2
W_MultiAge_WIN22A12a;Blissful Choc di Ted;Ted's Blissful Choc;1b4bd3def;1;;19;4x6;2;;19677;;8;;;;;64;;;;;;;;;;;43;13;9;38;;;;;;;;;;;;;;;;;;;;;;;;;;;;;selection_kit_WIN22B:2
W_MultiAge_WIN22A12b;Ketebo Candy Delights;Ketebo Candy Delights;393ea86d9;1;;19;4x6;2;;19677;;28;;;;;20;;;;;;;;;;;12;49;32;10;;;;;;;;;;;;;;;;;;;;;;;;;;;;;selection_kit_WIN22B:2
W_MultiAge_WIN22A2;Fabbrica di cioccolato - Liv. 2;Chocolatery - Lv. 2;3c8735447;;;19;4x6;2;;14036;;1;;;;;2;;;;;;;;;;;;1;;;;;;;;;;;;;;;;;;;;;;;;;;;;;;;
W_MultiAge_WIN22A3;Fabbrica di cioccolato - Liv. 3;Chocolatery - Lv. 3;b658cd1e1;;;19;4x6;2;;14515;;1;;;;;3;;;;;;;;;;;1;3;;;;;;;;;;;;;;;;;;;;;;;;;;;;;;;
W_MultiAge_WIN22A4;Fabbrica di cioccolato - Liv. 4;Chocolatery - Lv. 4;5949c3d70;;;19;4x6;2;;15037;;2;;;;;4;;;;;;;;;;;1;3;;;;;;;;;;;;;;;;;;;;;;;;;;;;;;;
W_MultiAge_WIN22A5;Fabbrica di cioccolato - Liv. 5;Chocolatery - Lv. 5;5944c1ad3;;;19;4x6;2;;15480;;2;;;;;5;;;;;;;;;;;2;3;;;;;;;;;;;;;;;;;;;;;;;;;;;;;;;
W_MultiAge_WIN22A6;Fabbrica di cioccolato - Liv. 6;Chocolatery - Lv. 6;c5c3e9c6d;;;19;4x6;2;;15956;;2;;;;;6;;;;;;;;;;;4;5;;;;;;;;;;;;;;;;;;;;;;;;;;;;;;;
W_MultiAge_WIN22A7;Fabbrica di cioccolato - Liv. 7;Chocolatery - Lv. 7;b240e0607;;;19;4x6;2;;16435;;3;;;;;7;;;;;;;;;;;5;6;;;;;;;;;;;;;;;;;;;;;;;;;;;;;;;
W_MultiAge_WIN22A8;Fabbrica di cioccolato - Liv. 8;Chocolatery - Lv. 8;0101656d1;;;19;4x6;2;;16878;;3;;;;;8;;;;;;;;;;;6;7;;;;;;;;;;;;;;;;;;;;;;;;;;;;;;;building_W_MultiAge_WIN22B1:1
W_MultiAge_WIN22A9;Fabbrica di cioccolato - Liv. 9;Chocolatery - Lv. 9;f0c228787;;;19;4x6;2;;17354;;3;;;;;9;;;;;;;;;;;7;8;;;;;;;;;;;;;;;;;;;;;;;;;;;;;;;building_W_MultiAge_WIN22B1:1
W_MultiAge_WIN22B1;Corpo di guardia degli schiaccianoci;Nutcracker Guardhouse;e76ce4058;1;;19;2x2;1;;;;3;;;;;;;;;;;;;;;;6;8;;;;;;;;;;;;;;;;;;;;;;;;;;;2;;;;
W_MultiAge_WIN22B2;Corpo di guardia degli schiaccianoci gioioso;Joyful Nutcracker Guardhouse;abda69c13;1;;19;2x2;1;;;;6;;;;;;;;;;;;;;;;11;15;;;;;;;;;;;;;;;;;;;;;;;;;;;3;;;;
W_MultiAge_WIN23A1;Piramide del villaggio invernale - Liv. 1;Winter Wonderland Pyramid - Lv. 1;4ed9121f9;;;19;4x4;;6729;;;;;;;;;;;;;;;;51200;;;;;;;;;;;;;;;;;;;;;;;;;;;;;;;;;;;
W_MultiAge_WIN23A10;Piramide del villaggio invernale - Liv. 10;Winter Wonderland Pyramid - Lv. 10;3278011ca;1;;19;4x4;;14983;;;13;;;10;;16;;;;;;;;132600;;;25;;26;;;;;;;;;;;;;;;;;;;;;;;;;;;;;;selection_kit_WIN23EF:1|silver_upgrade_kit_WIN23A:5
W_MultiAge_WIN23A11;Piramide del villaggio invernale Grandiosa;Grand Winter Wonderland Pyramid;98769e032;1;;19;4x4;;15899;;;16;;;11;;32;;;;;;;;141700;;;27;;29;;4;;;;;;;;;;;;;;;;;;;;;;;;;;;;golden_upgrade_kit_WIN23A:5|selection_kit_WIN23EF:2
W_MultiAge_WIN23A12;Piramide del villaggio invernale maestosa;Majestic Winter Wonderland Pyramid;9005d1770;1;;19;4x4;;16817;;;19;;;12;;48;;;;;;;;150800;;;29;;32;;8;;;;;;12;;;;;;;;;;;;;;;;;;;;;;selection_kit_WIN23EF:3
W_MultiAge_WIN23A2;Piramide del villaggio invernale - Liv. 2;Winter Wonderland Pyramid - Lv. 2;d0122677b;;;19;4x4;;7644;;;;;;;;;;;;;;;;60300;;;;;;;;;;;;;;;;;;;;;;;;;;;;;;;;;;;
W_MultiAge_WIN23A3;Piramide del villaggio invernale - Liv. 3;Winter Wonderland Pyramid - Lv. 3;c8e20f872;;;19;4x4;;8560;;;3;;;;;;;;;;;;;69400;;;;;;;;;;;;;;;;;;;;;;;;;;;;;;;;;;;
W_MultiAge_WIN23A4;Piramide del villaggio invernale - Liv. 4;Winter Wonderland Pyramid - Lv. 4;2613c37d5;;;19;4x4;;9478;;;4;;;;;;;;;;;;;78500;;;;;;;;;;;;;;;;;;;;;;;;;;;;;;;;;;;
W_MultiAge_WIN23A5;Piramide del villaggio invernale - Liv. 5;Winter Wonderland Pyramid - Lv. 5;c7b3eb876;;;19;4x4;;10396;;;5;;;;;;;;;;;;;87600;;;4;;;;;;;;;;;;;;;;;;;;;;;;;;;;;;;;
W_MultiAge_WIN23A6;Piramide del villaggio invernale - Liv. 6;Winter Wonderland Pyramid - Lv. 6;1eba9a7a5;;;19;4x4;;11314;;;6;;;;;;;;;;;;;96500;;;8;;;;;;;;;;;;;;;;;;;;;;;;;;;;;;;;
W_MultiAge_WIN23A7;Piramide del villaggio invernale - Liv. 7;Winter Wonderland Pyramid - Lv. 7;c38fcd364;;;19;4x4;;12232;;;7;;;;;2;;;;;;;;105600;;;12;;;;;;;;;;;;;;;;;;;;;;;;;;;;;;;;
W_MultiAge_WIN23A8;Piramide del villaggio invernale - Liv. 8;Winter Wonderland Pyramid - Lv. 8;ba75b732c;;;19;4x4;;13150;;;8;;;;;4;;;;;;;;114700;;;16;;;;;;;;;;;;;;;;;;;;;;;;;;;;;;;;
W_MultiAge_WIN23A9;Piramide del villaggio invernale - Liv. 9;Winter Wonderland Pyramid - Lv. 9;a1830b774;;;19;4x4;;14065;;;10;;;;;8;;;;;;;;123500;;;20;;13;;;;;;;;;;;;;;;;;;;;;;;;;;;;;;
W_MultiAge_WIN23B1;Cottage di pan di zenzero;Sweet Gingerbread Cottage;94aba780e;1;;19;3x3;;;;;31;;;;;27;27;;;;;;;;;;45;;56;75;;;;;;;;;;;;;;;;;;;;;;;;;;;;;golden_selection_kit_WIN23A:20
W_MultiAge_WIN23C1;Negozio di zabaione di Elfie - Liv. 1;Elfie's Nog Shop - Lv. 1;309cca093;;;19;3x3;1.5;;;;13;;;;;;;;;;;;;;;;28;;;;;;;;;;;;;;;;;;;;;;;;;;;;;;;;selection_kit_WIN23A:1
W_MultiAge_WIN23C2;Negozio di zabaione di Elfie - Liv. 2;Elfie's Nog Shop - Lv. 2;71b35a4d3;1;;19;3x3;1.5;;;;13;;;;;30;;;;;;;;;;;28;;;;;;;;;;;;;;;;;;;;;;;;;;;;;;;;selection_kit_WIN23A:3
W_MultiAge_WIN23C3;Negozio di gelato e zabaione di Elfie;Elfie's Cream & Nog Shop;3993204b0;1;;19;3x3;1.5;;-34720;;13;;;;;30;;;;;;;;;;;28;;37;;;;;;;;;;;;;;;;;;;;;;;;;;;;;;silver_selection_kit_WIN23A:3
W_MultiAge_WIN23C4;Emporio di gelato e zabaione di Elfie;Elfie's Cream & Nog Emporium;8da737b9f;1;;19;3x3;1.5;-17542;-41630;;15;;;;;42;;;;;;;;;;;30;;39;;;;;;;;;;;;;;;;;;;;;;;;;;;;;;golden_selection_kit_WIN23A:3
W_MultiAge_WIN23D1;Magico spettacolo di Babbo Natale;Santa's Spectacular Showtime;d50875a3a;1;;19;3x3;;;;;36;;;;;25;24;;;;;;;;;;44;60;57;;;;;;;;;;;;;;;;;;;;;;;;;;;;;;silver_selection_kit_WIN23A:10
W_MultiAge_WIN23E1;Spa invernale di Capy;Capy's Winter Holiday Spa;20eb1e9e9;1;;19;3x2;1;-17542;-27750;;;;;;;;42;;;;;;;;;;12;14;27;;;;;;;;;;;;;;;;;;;;;;;;;;;1.25;0.75;;
W_MultiAge_WIN23F1;Sfera Innevata magico inverno;Magical Winter Snow Globe;be2179c38;1;;19;2x3;;-11694;-41630;;9;;;;;;;;;;;;;;;;18;;10;15;;;;;;;;;;;;;;;;;;;;;;;;;;0.75;1.25;;
W_MultiAge_WIN24A1;Torre Yukitomo - Lv. 1;Yukitomo Tower - Lv. 1;a17137c23;;;19;4x4;2;20950;;;56;;;;;;;;;;;;;;5440;;38;;38;;;;;;;;;;;;;;;;;;;;;;;;;;;;;;
W_MultiAge_WIN24A10;Torre Yukitomo - Lv. 10;Yukitomo Tower - Lv. 10;eb4a6f384;1;;19;4x4;2;40880;;;110;;10;;;;;;;;;;;;54320;;83;;83;;;;;;;;;;;;;;;;;;;;;;M;;;;;;;;selection_kit_WIN18B:3|selection_kit_WIN24BC:3
W_MultiAge_WIN24A11;Piazza Yukitomo;Yukitomo Plaza;adfedce56;1;;19;4x4;2;40880;;;110;;14;;;;;;;;;;;;54320;;83;;83;;;;;;;;;;;15;;;;;;;;;100;;M;;;;;;;;selection_kit_WIN18B:3|selection_kit_WIN24BC:3
W_MultiAge_WIN24A12;Impero Yukitomo;Yukitomo Empire;7e205fcdf;1;;19;4x4;2;40880;;;110;;18;;;;;;;;;;;;54320;;83;;83;;;;;;;;;;15;15;;;;;;;;;200;;M;;;;;;;;selection_kit_WIN18B:3|selection_kit_WIN24BC:3
W_MultiAge_WIN24A13;Yukitomo Imperiale;Yukitomo Imperial;99a0450f5;1;;19;4x4;;40880;;;109;;22;;;;;;;;;;;;54320;;82;;82;;;;;;;;;;15;15;;;;;;;;;200;;M;;;;;;;;selection_kit_WIN18B:3|selection_kit_WIN24BC:3
W_MultiAge_WIN24A14;Residenza del Cielo Yukitomo Imperiale;Yukitomo Imperial Sky Residence;f1b773bd7;1;90;51;4x4;;40880;;;218;;26;;;;;;;;;;;;54320;;82;;82;;;;;;;;;;15;15;15;15;;;;;;;200;8000;M;;;;;;;;selection_kit_WIN18B:3|selection_kit_WIN24BC:3
W_MultiAge_WIN24A2;Torre Yukitomo - Lv. 2;Yukitomo Tower - Lv. 2;9f36472ae;;;19;4x4;2;22480;;;62;;;;;;;;;;;;;;10860;;43;;43;;;;;;;;;;;;;;;;;;;;;;;;;;;;;;
W_MultiAge_WIN24A3;Torre Yukitomo - Lv. 3;Yukitomo Tower - Lv. 3;3f6c79d0b;;;19;4x4;2;24010;;;68;;;;;;;;;;;;;;16300;;48;;48;;;;;;;;;;;;;;;;;;;;;;;;;;;;;;
W_MultiAge_WIN24A4;Torre Yukitomo - Lv. 4;Yukitomo Tower - Lv. 4;a8a5826cb;;;19;4x4;2;25540;;;74;;;;;;;;;;;;;;21720;;53;;53;;;;;;;;;;;;;;;;;;;;;;;;;;;;;;
W_MultiAge_WIN24A5;Torre Yukitomo - Lv. 5;Yukitomo Tower - Lv. 5;08c650f22;;;19;4x4;2;27090;;;80;;;;;;;;;;;;;;27160;;58;;58;;;;;;;;;;;;;;;;;;;;;;;;;;;;;;
W_MultiAge_WIN24A6;Torre Yukitomo - Lv. 6;Yukitomo Tower - Lv. 6;f61f93ec2;;;19;4x4;2;28620;;;86;;;;;;;;;;;;;;32580;;63;;63;;;;;;;;;;;;;;;;;;;;;;;;;;;;;;
W_MultiAge_WIN24A7;Torre Yukitomo - Lv. 7;Yukitomo Tower - Lv. 7;8c04f4543;;;19;4x4;2;30150;;;92;;;;;;;;;;;;;;38020;;68;;68;;;;;;;;;;;;;;;;;;;;;;;;;;;;;;
W_MultiAge_WIN24A8;Torre Yukitomo - Lv. 8;Yukitomo Tower - Lv. 8;1277095c3;;;19;4x4;2;31680;;;98;;;;;;;;;;;;;;43440;;73;;73;;;;;;;;;;;;;;;;;;;;;;;;;;;;;;
W_MultiAge_WIN24A9;Torre Yukitomo - Lv. 9;Yukitomo Tower - Lv. 9;72a3c8562;;;19;4x4;2;37820;;;104;;;;;;;;;;;;;;48880;;78;;78;;;;;;;;;;;;;;;;;;;;;;;;;;;;;;
W_MultiAge_WIN24B1;Trasportatori di Agrifoglio;Holly Hauler;0f031e322;1;;19;4x2;;-18160;;;;;;;;32;64;;;;;50;;;;;;44;;52;;;;;;;;;;;;;;;;;;;;;;;;;;;;3;
W_MultiAge_WIN24B2;Trasportatore di Agrifoglio Asceso;Ascended Holly Hauler;d522b8fcf;1;30;51;4x2;;-18160;;;;;;;;64;128;;;;;100;;;;;;67;;79;;;;;;;;;;;;;0.04;0.04;;;;;;;;;;;;;;3;
W_MultiAge_WIN24C1;Monumento Slitta di Cuccioli;Sled Pup Monument;8ce4e56d8;1;;19;2x3;;-13620;;;15;;;12;;;;;;;;;;;;;19;19;;;19;19;;;;;;;;;;;;;;;;;;;;;;;;;;;
W_MultiAge_WIN24C2;Monumento Slitta di Cuccioli Ascesa;Ascended Sled Pup Monument;0be2fa3b7;1;30;51;2x3;;-13620;;;23;;;24;;;;;;;;;;;;;38;38;;;38;38;;;;;;;;;;;;;;;10;5;;;;;;;;;;;
W_MultiAge_WIN24D1;Torrefazione Riserva Starbell;Starbell Reserve Roastery;611e8d929;1;;23;2x2;;;56760;;;;;;;;;;;;0.01;;;;120680;;32;32;32;32;;;;;;;;;25;25;;;;;;;;;;;;;;;;;;;selection_kit_WIN24A:20
W_MultiAge_WIN24E1;Cascata di Cristallo;Crystal Cascade;c2ba31844;1;;19;3x4;;;;;120;;;;;120;240;;120;;;1200;;;;;;;;;;;;;;;;;;;25;25;;;;;;;;;;;;;;;;;selection_kit_WIN24A:20
W_MultiAge_WIN24F1;Didukh - Lv. 1;Didukh - Lv. 1;fcb906a72;;;19;2x1;;2280;4540;;;;;;;12;;;;;;;;;;;;9;;9;;;;;;;;;;;;;;;;;;;;;;0.6;;;0.8;;;;selection_kit_WIN24A:1
W_MultiAge_WIN24F2;Didukh - Lv. 2;Didukh - Lv. 2;d348290da;1;;19;2x1;;3400;6820;;;;;;;12;;;;;;;;;;;;9;9;9;;;;;;;;;;;;;;;;;;;;;;0.8;;;1.2;;;;selection_kit_WIN24A:2
W_MultiAge_WIN24F3;Delizia Didukh;Didukh Delight;989a90c86;1;;19;2x1;;4540;9080;;6;;;;;12;;;;;;;;;;;;9;9;9;;;;;;;;;;;;;;;;;;;;;;1;;;1.6;;;;selection_kit_WIN24A:4
W_MultiAge_WIN24F4;Sogni Didukh;Didukh Dreams;cebb7c4ff;1;;19;2x1;;5680;11360;;6;;;;;12;;;10;;;;;;;;9;9;9;9;;;;;;;;;;;;;;;;;;;;;;1.2;;;2;;;;selection_kit_WIN24A:8
W_MultiAge_WIN25A1;Torre dell'Orologio di Mezzanotte - Livello 1;Midnight Clock Tower - Lv. 1;417af0ce9;;;19;4x4;2;;15310;;36;;;;;;;;;;;;;38020;;;;;20;20;;;104;104;;;;;;;;;;;;;;;;;;;;;;;;;
W_MultiAge_WIN25A2;Torre dell'Orologio di Mezzanotte - Livello 2;Midnight Clock Tower - Lv. 2;4c7adfb55;;;19;4x4;2;;22970;;54;;;;;;;;;;;;;57030;;;;;26;26;;;114;114;;;;;;;;;;;;;;;;;;;;;;;;;
W_MultiAge_WIN25A3;Torre dell'Orologio di Mezzanotte - Livello 3;Midnight Clock Tower - Lv. 3;decfcb798;;;19;4x4;2;;30620;;72;;;;;;;;;;;;;76030;;;;;31;31;;;124;124;;;;;;;;;;;;;;;;;;;;;;;;;
W_MultiAge_WIN25A4;Torre dell'Orologio di Mezzanotte - Livello 4;Midnight Clock Tower - Lv. 4;f9f79433c;;;19;4x4;2;;38280;;90;;;;;;;;;;;;;95040;;;;;36;36;;;134;134;;;;;;;;;;;;;;;;;;;;;;;;;
W_MultiAge_WIN25A5;Torre dell'Orologio di Mezzanotte - Livello 5;Midnight Clock Tower - Lv. 5;cbf7548db;;;19;4x4;2;;45930;;108;;;;;;;;;;;;;114050;;;;;41;41;;;144;144;;;;;;;;;;;;;;;;;;;;;;;;;
W_MultiAge_WIN25A6;Torre dell'Orologio di Mezzanotte - Livello 6;Midnight Clock Tower - Lv. 6;8d3e6f235;;;19;4x4;2;;53590;;126;;;;;;;;;;;;;133060;;;;;46;46;;;154;154;;;;;;;;;;;;;;;;;;;;;;;;;
W_MultiAge_WIN25A7;Torre dell'Orologio di Mezzanotte - Livello 7;Midnight Clock Tower - Lv. 7;4986f8332;1;;19;4x4;2;;61250;;144;;;;;;;;;;;;;152070;;;;;51;51;;;164;164;;;;;;;;;;;;;;;;;;;;;;2;;0.5;selection_kit_WIN25BC:2|silver_upgrade_kit_WIN25A:5
W_MultiAge_WIN25A8;Grande Torre dell'Orologio di Mezzanotte;Grand Midnight Clock Tower;a0c0fe25c;1;;19;4x4;2;;68900;;162;;;;;;;;;;;;;171080;;;;;56;56;;;174;174;;;;;;;;;;;;;;;;;;;;;;2.5;;1;golden_upgrade_kit_WIN25A:5|selection_kit_WIN25BC:4
W_MultiAge_WIN25A9;Torre dell'Orologio di Mezzanotte Reale;Royal Midnight Clock Tower;e565c11ab;1;;19;4x4;2;;76560;;180;;;;;;;;;;;;;190080;;;;;61;61;;;184;184;;;;;;;;;;;;;;;;;M;;;;;3;;1.5;selection_kit_WIN25BC:6
W_MultiAge_WIN25B1;Giardino Bucaneve;Snowdrop Garden;1b4cbd934;1;;19;3x3;;-57430;;;90;;;;;;;;;;;;194150;;;;55;55;55;55;;;;;;;;;;;;;;;;;;;;;;;;;;;;;
W_MultiAge_WIN25B2;Giardino Bucaneve Asceso;Ascended Snowdrop Garden;979ba8a5b;1;30;51;3x3;;-57430;;;270;;;;;;;;;;;;388300;;;;109;109;109;109;;;;;;;;;27;27;27;27;;;24750;24750;;;;;;;;;;;;;
W_MultiAge_WIN25C1;Chiosco Viale Stellato;Starlight Boulevard Kiosk;7c707882b;1;;19;1x1;;-6380;;;10;;;;;;;;;;;;21570;;;;6;6;6;6;;;;;;;;;;;;;;;;;;;;;;;;;;;;;
W_MultiAge_WIN25C2;Chiosco Viale Stellato Asceso;Ascended Starlight Boulevard Kiosk;f46143582;1;30;51;1x1;;-6380;;;30;;;;;;;;;;;;43140;;;;12;12;12;12;;;;;;;;;3;3;3;3;;;2750;2750;;;;;;;;;;;;;
W_MultiAge_WIN25D1;Atelier Meraviglie del Giocattolaio;Toymaker’s Atelier of Little Wonders;408704826;1;;19;3x3;1.5;;;;105;;;;;;;;;;;;;;;;84;84;84;84;;;;;;;;;25;25;25;25;;;;;;;;;;;;;;;;;golden_selection_kit_WIN25A:20
W_MultiAge_WIN25E1;Vivaio Stella del Nord di Penelope;Penelope’s Northstar Nursery;fa080d942;1;;19;5x5;2.5;;;;495;;;;;;;;;;;;;;;;110;110;110;110;240;240;240;240;;;;;25;25;25;25;;;;;;;;;;;;;;;;;upgrade_kit_ascended_WIN24A:12
W_MultiAge_WIN25F1;Corriere Northwind;Northwind Courier;5ecd45942;1;;19;3x2;1;;;;98;;;;;;;;80;;;;;;;;;;;;98;;98;;;;;;;;;;;;;;;;;;;5.1;;;;;;;golden_selection_kit_WIN19A:5|selection_kit_WIN19BCD21B:3
W_MultiAge_WIN26A1;WIN26A;WIN26A;c50d279c9;;;19;4x4;2;5330;8000;;58;;;;;;41;;;;;;43430;84710;;;5;5;5;5;5;5;5;5;;;;;;;;;;;;;;;;;;;;;;;;;
W_MultiAge_WIN26A10;WIN26A Gold;WIN26A Gold;b2f406053;1;;19;4x4;2;40530;60800;;207;;;;;;286;;;;;;325710;635290;;;71;71;71;71;71;71;71;71;;;;;;;;;;;;;;;;;M;;1.1;;;;;;selection_kit_WIN26BC:3
W_MultiAge_WIN26A11;WIN26A Platinum;WIN26A Platinum;132195138;1;;19;4x4;;42670;64000;;230;;;;;;306;;;;;;347430;677650;;;81;81;81;81;81;81;81;81;;;;;;;;;;;;;;;;;M;;1.5;;;;;;selection_kit_WIN26BC:4
W_MultiAge_WIN26A12a;WIN26A Platinum Ascended A;WIN26A Platinum Ascended A;c5a06473c;1;90;51;4x4;;42670;64000;;230;0.02;;;;;306;;;;;;347430;677650;;;81;81;81;81;81;81;81;81;;;;;30;;;;;;;;;;;8000;M;2;1.5;;;;;;selection_kit_WIN26BC:6
W_MultiAge_WIN26A12b;WIN26A Platinum Ascended B;WIN26A Platinum Ascended B;5c5071aa4;1;90;51;4x4;;42670;64000;;230;;;;;;306;;;;0.01;;347430;677650;;;81;81;81;81;81;81;81;81;;;;;;;30;;;;;;;;200;;M;2.6;1.5;;;;;;selection_kit_WIN26BC:6
W_MultiAge_WIN26A2;WIN26A;WIN26A;W_MultiAge_WIN26A1-c50d279c9;;;19;4x4;2;8530;12800;;69;;;;;;62;;;;;;65140;127060;;;10;10;10;10;10;10;10;10;;;;;;;;;;;;;;;;;;;;;;;;;
W_MultiAge_WIN26A3;WIN26A;WIN26A;W_MultiAge_WIN26A1-c50d279c9;;;19;4x4;2;11730;17600;;81;;;;;;82;;;;;;86860;169410;;;15;15;15;15;15;15;15;15;;;;;;;;;;;;;;;;;;;;;;;;;
W_MultiAge_WIN26A4;WIN26A;WIN26A;W_MultiAge_WIN26A1-c50d279c9;;;19;4x4;2;14930;22400;;92;;;;;;103;;;;;;108570;211760;;;20;20;20;20;20;20;20;20;;;;;;;;;;;;;;;;;;;;;;;;;
W_MultiAge_WIN26A5;WIN26A;WIN26A;W_MultiAge_WIN26A1-c50d279c9;;;19;4x4;2;18130;27200;;104;;;;;;123;;;;;;130290;254120;;;25;25;25;25;25;25;25;25;;;;;;;;;;;;;;;;;;;;;;;;;
W_MultiAge_WIN26A6;WIN26A;WIN26A;W_MultiAge_WIN26A1-c50d279c9;;;19;4x4;2;21330;32000;;115;;;;;;144;;;;;;152000;296470;;;30;30;30;30;30;30;30;30;;;;;;;;;;;;;;;;;;;;;;;;;
W_MultiAge_WIN26A7;WIN26A;WIN26A;W_MultiAge_WIN26A1-c50d279c9;;;19;4x4;2;24530;36800;;127;;;;;;164;;;;;;173710;338820;;;35;35;35;35;35;35;35;35;;;;;;;;;;;;;;;;;;;;;;;;;
W_MultiAge_WIN26A8;WIN26A;WIN26A;W_MultiAge_WIN26A1-c50d279c9;1;;19;4x4;2;27730;41600;;138;;;;;;185;;;;;;195430;381180;;;40;40;40;40;40;40;40;40;;;;;;;;;;;;;;;;;;;;;;;;;selection_kit_WIN26BC:1|silver_upgrade_kit_WIN26A:5
W_MultiAge_WIN26A9;WIN26A Silver;WIN26A Silver;15cf8c594;1;;19;4x4;2;34130;51200;;184;;;;;;225;;;;;;260570;508240;;;60;60;60;60;60;60;60;60;;;;;;;;;;;;;;;;;M;;;;;;;;golden_upgrade_kit_WIN26A:5|selection_kit_WIN26BC:2
W_MultiAge_WIN26B1;WIN26B;WIN26B;64d67fe9d;1;;19;4x4;;-170670;;;331;;;;;105;;;;;;;173710;508240;;;;;164;164;;;164;164;;;;;;;;;;;;;;;;;;;;;;;;;
W_MultiAge_WIN26B2;Ascended WIN26B;Ascended WIN26B;7f7b1c8f2;1;30;51;4x4;;-170670;;;828;0.02;;;;262;;;;;;;347430;1016470;;;;;408;408;;;408;408;;;;;80;;;;;;;25000;;5;;;;;;;;;;;
W_MultiAge_WIN26C1;WIN26C;WIN26C;0528ffda5;1;;19;4x4;;-170670;;;74;;;;;489;;;;;;;347430;338820;;;164;164;;;164;164;;;;;;;;;;;;;;;;;;;;;;;;;;;
W_MultiAge_WIN26C2;Ascended WIN26C;Ascended WIN26C;751161a0c;1;30;51;4x4;;-170670;;;184;;;;;1227;;;;;0.02;;694860;677650;;;408;408;;;408;408;;;;;;;;;80;;;;25000;;10;;;;;;;;;;;;
W_MultiAge_WIN26D1;WIN26D;WIN26D;28d2edf69;1;;19;4x6;2;;;;130;0.06;;;;260;;;;;0.05;;;;;;145;145;145;145;145;145;145;145;;;;;25;25;25;25;;;;;;;;;;;;;;;;;golden_selection_kit_WIN26A:20
W_MultiAge_WIN26E1;WIN26E;WIN26E;f736c4d85;1;;19;6x4;2;;;;780;;;;;1560;1170;;;;;;;;;;255;255;255;255;255;255;255;255;;;;;25;25;25;25;;;;;;;;;;;;;;;;;upgrade_kit_ascended_WIN26A:12
W_MultiAge_WIN26F1;WIN26F;WIN26F;bcabf86f9;1;;19;4x4;2;-192000;;;270;;;;182;;;360;;;;;;;78750;;180;180;180;180;245;245;245;245;;;;;;;;;;;;;;;;;;13.5;;;;;;;
W_SpaceAgeJupiterMoon_Residential1;Villetta di Juno;Juno Dwelling;5ae2f9301;;;11;4x3;1.5;8240;;;;;;;;;;;;;;;142080;;;;;;;;;;;;;;;;;;;;;;;;;;;;;;;;;;;;
W_SpaceAgeJupiterMoon_Residential2;Residenza titanica;Titanus Residence;1af702f83;;;11;3x2;1;7060;;;;;;;;;;;;;;;83280;;;;;;;;;;;;;;;;;;;;;;;;;;;;;;;;;;;;
W_SpaceAgeJupiterMoon_Workshop1;Farmacia Aerospaziale;Aerospace Pharmacy;acb96ed72;;;11;4x4;2;-2220;;;;;;;;;;;;;;;;73540;;;;;;;;;;;;;;;;;;;;;;;;;;;;;;;;;;;
W_SpaceAgeJupiterMoon_Workshop2;Bolla espositiva;Exhibition Bubble;0beda27c5;;;11;3x3;1.5;-620;;;;;;;;;;;;;;;;57060;;;;;;;;;;;;;;;;;;;;;;;;;;;;;;;;;;;
W_StellarAgeDiscovery_MissionItem1;Reattore a celle fusione;Fusion Cell Reactor;640ea019b;;;3;4x4;;;;;;;;;;;;;;;;;;;;;;;;;;;;;;;;;;;;;;;;;;;;;;;;;;;;;
W_StellarAgeDiscovery_Residential1;Habitat standard;Standard Habitat;;;;3;2x2;;;;;;;;;;;;;;;;;;;;;;;;;;;;;;;;;;;;;;;;;;;;;;;;;;;;;
W_StellarAgeDiscovery_Residential2;Habitat migliorato;Enhanced Habitat;;;;3;2x2;;;;;;;;;;;;;;;;;;;;;;;;;;;;;;;;;;;;;;;;;;;;;;;;;;;;;
W_StellarAgeDiscovery_Residential3;Habitat avanzato;Advanced Habitat;;;;3;2x2;;;;;;;;;;;;;;;;;;;;;;;;;;;;;;;;;;;;;;;;;;;;;;;;;;;;;
W_StellarAgeDiscovery_StellarCapacity1;Faro di capacità base;Basic Capacity Beacon;2f63c1a7f;;;3;4x4;;;;;;;;;;;;;;;;;;;;;;;;;;;;;;;;;;;;;;;;;;;;;;;;;;;;;
W_StellarAgeDiscovery_StellarCapacity2;Faro di capacità migliorata;Enhanced Capacity Beacon;383370f36;;;3;4x4;;;;;;;;;;;;;;;;;;;;;;;;;;;;;;;;;;;;;;;;;;;;;;;;;;;;;
W_StellarAgeDiscovery_StellarCapacity3;Faro di capacità avanzata;Advanced Capacity Beacon;d6f11a931;;;3;4x4;;;;;;;;;;;;;;;;;;;;;;;;;;;;;;;;;;;;;;;;;;;;;;;;;;;;;
W_StellarAgeDiscovery_StellarCapacityBoost1;Relè di capacità base;Basic Capacity Relay;02e7324a3;;;3;4x8;;;;;;;;;;;;;;;;;;;;;;;;;;;;;;;;;;;;;;;;;;;;;;;;;;;;;
W_StellarAgeDiscovery_StellarCapacityBoost2;Relè di capacità migliorata;Enhanced Capacity Relay;d2e5bbf67;;;3;4x8;;;;;;;;;;;;;;;;;;;;;;;;;;;;;;;;;;;;;;;;;;;;;;;;;;;;;
W_StellarAgeDiscovery_StellarCapacityBoost3;Relè di capacità avanzata;Advanced Capacity Relay;dfa50fd5b;;;3;4x8;;;;;;;;;;;;;;;;;;;;;;;;;;;;;;;;;;;;;;;;;;;;;;;;;;;;;
W_StellarAgeDiscovery_StellarPoints1;Faro stellare base;Basic Stellar Beacon;139419a8f;;;3;4x4;;;;;;;;;;;;;;;;;;;;;;;;;;;;;;;;;;;;;;;;;;;;;;;;;;;;;
W_StellarAgeDiscovery_StellarPoints2;Faro stellare migliorato;Enhanced Stellar Beacon;89733e28e;;;3;4x4;;;;;;;;;;;;;;;;;;;;;;;;;;;;;;;;;;;;;;;;;;;;;;;;;;;;;
W_StellarAgeDiscovery_StellarPoints3;Faro stellare avanzato;Advanced Stellar Beacon;563d7aa35;;;3;4x4;;;;;;;;;;;;;;;;;;;;;;;;;;;;;;;;;;;;;;;;;;;;;;;;;;;;;
W_StellarAgeDiscovery_StellarPointsBoost1;Relè stellare base;Basic Stellar Relay;d413b1398;;;3;8x4;;;;;;;;;;;;;;;;;;;;;;;;;;;;;;;;;;;;;;;;;;;;;;;;;;;;;
W_StellarAgeDiscovery_StellarPointsBoost2;Relè stellare migliorato;Enhanced Stellar Relay;eb58d767b;;;3;8x4;;;;;;;;;;;;;;;;;;;;;;;;;;;;;;;;;;;;;;;;;;;;;;;;;;;;;
W_StellarAgeDiscovery_StellarPointsBoost3;Relè stellare avanzato;Advanced Stellar Relay;92f68fb5a;;;3;8x4;;;;;;;;;;;;;;;;;;;;;;;;;;;;;;;;;;;;;;;;;;;;;;;;;;;;;
X_AllAge_EasterBonus4;Osservatorio;Observatory;870c88d53;;;;3x3;1.5;;;;;;;;;;;;;;;;;;;;;;;;;;;;;;;;;;;;;;;;;;;;;;;;;;;;
X_AllAge_Expedition;Tempio delle Reliquie;Temple of Relics;7c3ab1b4c;;;;6x6;3;;;;;;;;;;;;;;;;;;;;;;;;;;;;;;;;;;;;;;;;;;;;;;;;;;;;
X_AllAge_Oracle;Oracolo di Delphi;Oracle of Delphi;3c6536fb3;;;;3x3;1.5;;;;;;;;;;;;;;;;;;;;;;;;;;;;;;;;;;;;;;;;;;;;;;;;;;;;
X_ArcticFuture_Landmark1;Statua di Gea;Gaea Statue;1f268ad0b;;;;6x4;2;;;;;;;;;;;;;;;;;;;;;;;;;;;;;;;;;;;;;;;;;;;;;;;;;;;;
X_ArcticFuture_Landmark2;Serra Artica;Arctic Orangery;3d057618a;;;;7x7;3.5;;;;;;;;;;;;;;;;;;;;;;;;;;;;;;;;;;;;;;;;;;;;;;;;;;;;
X_ArcticFuture_Landmark3;Deposito di sementi;Seed Vault;c2a30c313;;;;5x6;2.5;;;;;;;;;;;;;;;;;;;;;;;;;;;;;;;;;;;;;;;;;;;;;;;;;;;;
X_BronzeAge_Landmark1;Torre di Babele;Tower of Babel;729ad4945;;;;4x4;2;;;;;;;;;;;;;;;;;;;;;;;;;;;;;;;;;;;;;;;;;;;;;;;;;;;;
X_BronzeAge_Landmark2;Statua di Zeus;Statue of Zeus;450a47d93;;;;2x3;1;;;;;;;;;;;;;;;;;;;;;;;;;;;;;;;;;;;;;;;;;;;;;;;;;;;;
X_ColonialAge_Landmark1;Frauenkirche di Dresda;Frauenkirche of Dresden;783190d44;;;;5x5;2.5;;;;;;;;;;;;;;;;;;;;;;;;;;;;;;;;;;;;;;;;;;;;;;;;;;;;
X_ColonialAge_Landmark2;Deal Castle;Deal Castle;0d97eaa6f;;;;7x7;3.5;;;;;;;;;;;;;;;;;;;;;;;;;;;;;;;;;;;;;;;;;;;;;;;;;;;;
X_ContemporaryEra_Landmark1;Tempio del Loto;Lotus Temple;1526e28aa;;;;6x6;3;;;;;;;;;;;;;;;;;;;;;;;;;;;;;;;;;;;;;;;;;;;;;;;;;;;;
X_ContemporaryEra_Landmark2;Innovation Tower;Innovation Tower;a413577be;;;;6x6;3;;;;;;;;;;;;;;;;;;;;;;;;;;;;;;;;;;;;;;;;;;;;;;;;;;;;
X_EarlyMiddleAge_Landmark1;Basilica di Santa Sofia;Hagia Sophia;117ab4a1d;;;;7x6;3;;;;;;;;;;;;;;;;;;;;;;;;;;;;;;;;;;;;;;;;;;;;;;;;;;;;
X_EarlyMiddleAge_Landmark2;Cattedrale di Aquisgrana;Cathedral of Aachen;47d761d02;;;;4x6;2;;;;;;;;;;;;;;;;;;;;;;;;;;;;;;;;;;;;;;;;;;;;;;;;;;;;
X_EarlyMiddleAge_Landmark3;Torre di Galata;Galata Tower;8a95b9871;;;;3x3;1.5;;;;;;;;;;;;;;;;;;;;;;;;;;;;;;;;;;;;;;;;;;;;;;;;;;;;
X_FutureEra_Landmark1;Progetto Arc;The Arc;da6d0a716;;;;7x5;2.5;;;;;;;;;;;;;;;;;;;;;;;;;;;;;;;;;;;;;;;;;;;;;;;;;;;;
X_FutureEra_Landmark2;Progetto Foresta Pluviale;Rain Forest Project;e86a8f415;;;;6x6;3;;;;;;;;;;;;;;;;;;;;;;;;;;;;;;;;;;;;;;;;;;;;;;;;;;;;
X_HighMiddleAge_Landmark1;Basilica di San Marco;St. Mark's Basilica;2d2f516da;;;;6x6;3;;;;;;;;;;;;;;;;;;;;;;;;;;;;;;;;;;;;;;;;;;;;;;;;;;;;
X_HighMiddleAge_Landmark3;Notre Dame;Notre Dame;313651a8d;;;;4x6;2;;;;;;;;;;;;;;;;;;;;;;;;;;;;;;;;;;;;;;;;;;;;;;;;;;;;
X_IndustrialAge_Landmark1;Royal Albert Hall;Royal Albert Hall;c7f8c4e1a;;;;7x6;3;;;;;;;;;;;;;;;;;;;;;;;;;;;;;;;;;;;;;;;;;;;;;;;;;;;;
X_IndustrialAge_Landmark2;Campidoglio;Capitol;5c59734fd;;;;7x5;2.5;;;;;;;;;;;;;;;;;;;;;;;;;;;;;;;;;;;;;;;;;;;;;;;;;;;;
X_IronAge_Landmark1;Colosseo;Colosseum;692d430df;;;;6x7;3;;;;;;;;;;;;;;;;;;;;;;;;;;;;;;;;;;;;;;;;;;;;;;;;;;;;
X_IronAge_Landmark2;Faro di Alessandria;Lighthouse of Alexandria;9515d0e55;;;;4x4;2;;;;;;;;;;;;;;;;;;;;;;;;;;;;;;;;;;;;;;;;;;;;;;;;;;;;
X_LateMiddleAge_Landmark1;Cattedrale di San Basilio;Saint Basil's Cathedral;83282cb45;;;;5x5;2.5;;;;;;;;;;;;;;;;;;;;;;;;;;;;;;;;;;;;;;;;;;;;;;;;;;;;
X_LateMiddleAge_Landmark3;Castel del Monte;Castel del Monte;d4a06b510;;;;5x5;2.5;;;;;;;;;;;;;;;;;;;;;;;;;;;;;;;;;;;;;;;;;;;;;;;;;;;;
X_ModernEra_Landmark1;Space Needle;Space Needle;72caacf66;;;;6x5;2.5;;;;;;;;;;;;;;;;;;;;;;;;;;;;;;;;;;;;;;;;;;;;;;;;;;;;
X_ModernEra_Landmark2;Atomium;Atomium;51f98f888;;;;7x6;3;;;;;;;;;;;;;;;;;;;;;;;;;;;;;;;;;;;;;;;;;;;;;;;;;;;;
X_OceanicFuture_Landmark1;Museo di Atlantide;Atlantis Museum;f81626456;;;;6x7;3;;;;;;;;;;;;;;;;;;;;;;;;;;;;;;;;;;;;;;;;;;;;;;;;;;;;
X_OceanicFuture_Landmark2;Il Kraken;The Kraken;a6f5f84a0;;;;5x5;2.5;;;;;;;;;;;;;;;;;;;;;;;;;;;;;;;;;;;;;;;;;;;;;;;;;;;;
X_OceanicFuture_Landmark3;La Galassia blu;The Blue Galaxy;a9e0bf538;;;;7x5;2.5;;;;;;;;;;;;;;;;;;;;;;;;;;;;;;;;;;;;;;;;;;;;;;;;;;;;
X_PostModernEra_Landmark1;Cape Canaveral;Cape Canaveral;3492766e5;;;;4x5;2;;;;;;;;;;;;;;;;;;;;;;;;;;;;;;;;;;;;;;;;;;;;;;;;;;;;
X_PostModernEra_Landmark2;Habitat 67;The Habitat;0d6611e60;;;;7x6;3;;;;;;;;;;;;;;;;;;;;;;;;;;;;;;;;;;;;;;;;;;;;;;;;;;;;
X_ProgressiveEra_Landmark1;Alcatraz;Alcatraz;fddf2a33d;;;;10x7;3.5;;;;;;;;;;;;;;;;;;;;;;;;;;;;;;;;;;;;;;;;;;;;;;;;;;;;
X_ProgressiveEra_Landmark2;Château Frontenac;Château Frontenac;8fbc53aa5;;;;5x6;2.5;;;;;;;;;;;;;;;;;;;;;;;;;;;;;;;;;;;;;;;;;;;;;;;;;;;;
X_SpaceAgeAsteroidBelt_Landmark1;Trasportatore spaziale;Space Carrier;fba95eec0;;;;7x4;2;;;;;;;;;;;;;;;;;;;;;;;;;;;;;;;;;;;;;;;;;;;;;;;;;;;;
X_SpaceAgeJupiterMoon_Landmark1;Nucleo I.A.;A.I. Core;bec190586;;;;5x5;2.5;;;;;;;;;;;;;;;;;;;;;;;;;;;;;;;;;;;;;;;;;;;;;;;;;;;;
X_SpaceAgeMars_Landmark1;Osservatorio delle stelle;Star Gazer;0f674b1f5;;;;5x5;2.5;;;;;;;;;;;;;;;;;;;;;;;;;;;;;;;;;;;;;;;;;;;;;;;;;;;;
X_SpaceAgeMars_Landmark2;Il progetto della Vergine;The Virgo Project;053698660;;;;5x5;2.5;;;;;;;;;;;;;;;;;;;;;;;;;;;;;;;;;;;;;;;;;;;;;;;;;;;;
X_SpaceAgeSpaceHub_Landmark1;Nave da guerra stellare;Stellar Warship;1d9cc8d89;;;;5x3;1.5;;;;;;;;;;;;;;;;;;;;;;;;;;;;;;;;;;;;;;;;;;;;;;;;;;;;
X_SpaceAgeSpaceHub_Landmark2;Catalizzatore cosmico;Cosmic Catalyst;683a3a207;;;;4x4;2;;;;;;;;;;;;;;;;;;;;;;;;;;;;;;;;;;;;;;;;;;;;;;;;;;;;
X_SpaceAgeTitan_Landmark1;Cancello di Saturno VI CENTAURO;Saturn VI Gate CENTAURUS;bda831c6e;;;;4x4;2;;;;;;;;;;;;;;;;;;;;;;;;;;;;;;;;;;;;;;;;;;;;;;;;;;;;
X_SpaceAgeTitan_Landmark2;Cancello di Saturno VI PEGASO;Saturn VI Gate PEGASUS;5914257a4;;;;4x4;2;;;;;;;;;;;;;;;;;;;;;;;;;;;;;;;;;;;;;;;;;;;;;;;;;;;;
X_SpaceAgeTitan_Landmark3;Cancello di Saturno VI IDRA;Saturn VI Gate HYDRA;587b507eb;;;;4x4;2;;;;;;;;;;;;;;;;;;;;;;;;;;;;;;;;;;;;;;;;;;;;;;;;;;;;
X_SpaceAgeVenus_Landmark1;Isola volante;Flying Island;77342162d;;;;4x6;2;;;;;;;;;;;;;;;;;;;;;;;;;;;;;;;;;;;;;;;;;;;;;;;;;;;;
X_StellarAgeDiscovery_Landmark1;Sifone Orizzonte in frantumi;Shattered Horizon Siphon;f88e94040;;;;4x4;2;;;;;;;;;;;;;;;;;;;;;;;;;;;;;;;;;;;;;;;;;;;;;;;;;;;;
X_TomorrowEra_Landmark1;Voyager V1;Voyager V1;eb875e995;;;;4x7;2;;;;;;;;;;;;;;;;;;;;;;;;;;;;;;;;;;;;;;;;;;;;;;;;;;;;
X_TomorrowEra_Landmark2;Torre della tregua;Truce Tower;837cbc8ec;;;;6x5;2.5;;;;;;;;;;;;;;;;;;;;;;;;;;;;;;;;;;;;;;;;;;;;;;;;;;;;
X_VirtualFuture_Landmark1;Esercito di terracotta;Terracotta Army;b74f505ff;;;;4x6;2;;;;;;;;;;;;;;;;;;;;;;;;;;;;;;;;;;;;;;;;;;;;;;;;;;;;
X_VirtualFuture_Landmark2;Castello di Himeji;Himeji Castle;fe5a343f7;;;;6x6;3;;;;;;;;;;;;;;;;;;;;;;;;;;;;;;;;;;;;;;;;;;;;;;;;;;;;
Z_MultiAge_CupBonus1;Hall of Fame - Liv. 1;Hall of Fame - Lv. 1;8fcff44fe;;;;3x3;1.5;;;;;;;;;;;;;;;;;;;;;;;;;;;;;;;;;;;;;;;;;;;;;;;;;;;;
Z_MultiAge_CupBonus1b;Hall of Fame - Liv. 2;Hall of Fame - Lv. 2;d61b52291;;;;3x3;1.5;;;;;;;;;;;;;;;;;;;;;;;;;;;;;;;;;;;;;;;;;;;;;;;;;;;;
